connection_type,download_speed,isp,lat,latency,long,rsrp,time,upload_speed
4G,1.4119999408721924,Airtel,13.0151438,22,80.2398478,-104.0,10:52,0.7839999794960022
4G,1.4119999408721924,Airtel,13.015158,22,80.2398163,-106.0,10:53,0.7839999794960022
4G,1.4119999408721924,Airtel,13.015158,22,80.2398163,-106.0,10:53,0.7839999794960022
4G,1.4119999408721924,Airtel,13.015158,22,80.2398163,-106.0,10:53,0.7839999794960022
4G,1.4119999408721924,Airtel,13.0151535,22,80.2397949,-106.0,10:53,0.7839999794960022
4G,1.4119999408721924,Airtel,13.0151535,22,80.2397946,-108.0,10:53,0.7839999794960022
4G,1.4119999408721924,Airtel,13.0151535,22,80.2397946,-106.0,10:53,0.7839999794960022
4G,1.4119999408721924,Airtel,13.0151533,22,80.2397933,-105.0,10:53,0.7839999794960022
4G,1.4119999408721924,Airtel,13.0151533,22,80.2397933,-116.0,10:53,0.7839999794960022
4G,1.4119999408721924,Airtel,13.0151533,22,80.2397933,-112.0,10:53,0.7839999794960022
4G,1.4119999408721924,Airtel,13.0151533,22,80.2397933,-112.0,10:53,0.7839999794960022
4G,1.4119999408721924,Airtel,13.0151533,22,80.2397933,-114.0,10:53,0.7839999794960022
4G,1.4119999408721924,Airtel,13.0151533,22,80.2397933,-111.0,10:53,0.7839999794960022
4G,1.4119999408721924,Airtel,13.0151533,22,80.2397933,-113.0,10:53,0.7839999794960022
4G,1.4119999408721924,Airtel,13.0149791,22,80.2399275,-105.0,10:53,0.7839999794960022
4G,1.4119999408721924,Airtel,13.0149779,22,80.2399284,-105.0,10:53,0.7839999794960022
4G,1.4119999408721924,Airtel,13.0149779,22,80.2399284,-108.0,10:53,0.7839999794960022
4G,1.4119999408721924,Airtel,13.0149702,22,80.2399365,-106.0,10:53,0.7839999794960022
4G,1.4119999408721924,Airtel,13.0149701,22,80.2399365,-115.0,10:53,0.7839999794960022
4G,1.4119999408721924,Airtel,13.01497,22,80.2399367,-115.0,10:53,0.7839999794960022
4G,1.4119999408721924,Airtel,13.01497,22,80.2399367,-105.0,10:54,0.7839999794960022
4G,1.4119999408721924,Airtel,13.01497,22,80.2399367,-109.0,10:54,0.7839999794960022
4G,1.4119999408721924,Airtel,13.01497,22,80.2399367,-107.0,10:54,0.7839999794960022
4G,1.4119999408721924,Airtel,13.01497,22,80.2399367,-106.0,10:54,0.7839999794960022
4G,1.4119999408721924,Airtel,13.0148681,22,80.2398957,-107.0,10:54,0.7839999794960022
4G,1.4119999408721924,Airtel,13.0148656,22,80.2398956,-107.0,10:54,0.7839999794960022
4G,1.4119999408721924,Airtel,13.0148656,22,80.2398956,-106.0,10:54,0.7839999794960022
4G,1.4119999408721924,Airtel,13.0148026,22,80.2399049,-106.0,10:54,0.7839999794960022
4G,1.4119999408721924,Airtel,13.0148026,22,80.2399049,-114.0,10:54,0.7839999794960022
4G,1.4119999408721924,Airtel,13.0148017,22,80.239905,-117.0,10:54,0.7839999794960022
4G,1.5160000324249268,Airtel,13.0151449,45,80.239844,-126.0,11:19,0.0710000023245811
4G,1.5160000324249268,Airtel,13.0151449,45,80.239844,-123.0,11:19,0.0710000023245811
4G,1.5160000324249268,Airtel,13.0151458,45,80.2398468,-125.0,11:19,0.0710000023245811
4G,1.5160000324249268,Airtel,13.0151467,45,80.2398486,-125.0,11:19,0.0710000023245811
4G,1.5160000324249268,Airtel,13.0151467,45,80.2398486,-123.0,11:19,0.0710000023245811
4G,1.5160000324249268,Airtel,13.0151467,45,80.2398486,-124.0,11:19,0.0710000023245811
4G,1.5160000324249268,Airtel,13.0151447,45,80.2398402,-124.0,11:19,0.0710000023245811
4G,1.5160000324249268,Airtel,13.0151447,45,80.2398402,-122.0,11:19,0.0710000023245811
4G,123.21700286865234,Airtel,13.0148499,11,80.2385495,-107.0,11:28,0.796999990940094
4G,123.21700286865234,Airtel,13.014848,11,80.2384502,-107.0,11:28,0.796999990940094
4G,123.21700286865234,Airtel,13.0148726,11,80.2384328,-107.0,11:28,0.796999990940094
4G,123.21700286865234,Airtel,13.0148896,11,80.2384142,-107.0,11:28,0.796999990940094
4G,123.21700286865234,Airtel,13.0149049,11,80.2383923,-107.0,11:28,0.796999990940094
4G,123.21700286865234,Airtel,13.0149226,11,80.2383742,-107.0,11:28,0.796999990940094
4G,123.21700286865234,Airtel,13.0149275,11,80.2383537,-107.0,11:28,0.796999990940094
4G,123.21700286865234,Airtel,13.01494,11,80.2383413,-107.0,11:28,0.796999990940094
4G,62.584999084472656,Airtel,13.0151106,18,80.2379768,-107.0,11:29,0.4440000057220459
4G,62.584999084472656,Airtel,13.0151345,18,80.2379197,-107.0,11:29,0.4440000057220459
4G,62.584999084472656,Airtel,13.0151407,18,80.237891,-107.0,11:29,0.4440000057220459
4G,62.584999084472656,Airtel,13.0151439,18,80.2378777,-107.0,11:29,0.4440000057220459
4G,62.584999084472656,Airtel,13.0151517,18,80.2378586,-107.0,11:29,0.4440000057220459
4G,62.584999084472656,Airtel,13.0151584,18,80.2378393,-107.0,11:29,0.4440000057220459
4G,62.584999084472656,Airtel,13.0151653,18,80.2378187,-107.0,11:29,0.4440000057220459
4G,62.584999084472656,Airtel,13.0151665,18,80.2377964,-107.0,11:29,0.4440000057220459
4G,62.584999084472656,Airtel,13.0151638,18,80.237784,-107.0,11:29,0.4440000057220459
4G,62.584999084472656,Airtel,13.0151669,18,80.2377638,-107.0,11:29,0.4440000057220459
4G,13.182000160217283,Airtel,13.0152333,15,80.2376833,-44.0,11:30,0.1369999945163726
4G,13.182000160217283,Airtel,13.0152333,15,80.2376833,-44.0,11:30,0.1369999945163726
4G,13.182000160217283,Airtel,13.0152333,15,80.2376833,-44.0,11:30,0.1369999945163726
4G,13.182000160217283,Airtel,13.0152333,15,80.2376833,-44.0,11:31,0.1369999945163726
4G,13.182000160217283,Airtel,13.0152333,15,80.2376833,-113.0,11:31,0.1369999945163726
4G,13.182000160217283,Airtel,13.0152333,15,80.2376833,-113.0,11:31,0.1369999945163726
4G,13.182000160217283,Airtel,13.0152333,15,80.2376833,-113.0,11:31,0.1369999945163726
4G,13.182000160217283,Airtel,13.0152328,15,80.2376763,-113.0,11:31,0.1369999945163726
4G,13.182000160217283,Airtel,13.0152355,15,80.2376754,-113.0,11:31,0.1369999945163726
4G,13.182000160217283,Airtel,13.0152348,15,80.2376758,-113.0,11:31,0.1369999945163726
4G,28.90800094604492,Airtel,13.0134203,11,80.2361802,-112.0,11:38,0.5540000200271606
4G,28.90800094604492,Airtel,13.0134091,11,80.2361962,-112.0,11:38,0.5540000200271606
4G,28.90800094604492,Airtel,13.0134236,11,80.2362145,-44.0,11:38,0.5540000200271606
4G,28.90800094604492,Airtel,13.0134319,11,80.2362091,-44.0,11:38,0.5540000200271606
4G,28.90800094604492,Airtel,13.0134294,11,80.2362105,-44.0,11:38,0.5540000200271606
4G,28.90800094604492,Airtel,13.0134282,11,80.2362143,-97.0,11:38,0.5540000200271606
4G,28.90800094604492,Airtel,13.0134341,11,80.2362224,-117.0,11:38,0.5540000200271606
4G,28.90800094604492,Airtel,13.0134435,11,80.2362003,-117.0,11:38,0.5540000200271606
4G,28.90800094604492,Airtel,13.0134536,11,80.2362012,-117.0,11:38,0.5540000200271606
4G,28.90800094604492,Airtel,13.0134604,11,80.2362061,-117.0,11:38,0.5540000200271606
4G,28.90800094604492,Airtel,13.0134711,11,80.2362027,-117.0,11:38,0.5540000200271606
4G,28.90800094604492,Airtel,13.0134829,11,80.2362123,-117.0,11:38,0.5540000200271606
4G,28.90800094604492,Airtel,13.0134859,11,80.2362181,-117.0,11:38,0.5540000200271606
4G,28.90800094604492,Airtel,13.0134804,11,80.2362264,-117.0,11:38,0.5540000200271606
4G,28.90800094604492,Airtel,13.0134607,11,80.2362446,-117.0,11:38,0.5540000200271606
4G,28.90800094604492,Airtel,13.0134493,11,80.2362593,-115.0,11:38,0.5540000200271606
4G,0.0,Airtel,13.0131069,0,80.2363245,-106.0,11:36,0.0
4G,234.4239959716797,Airtel,13.0133947,12,80.2357305,-107.0,11:38,3.0290000438690186
4G,234.4239959716797,Airtel,13.0133958,12,80.2357308,-107.0,11:38,3.0290000438690186
4G,234.4239959716797,Airtel,13.0133994,12,80.2357289,-109.0,11:38,3.0290000438690186
4G,234.4239959716797,Airtel,13.0133989,12,80.2357337,-109.0,11:38,3.0290000438690186
4G,279.8519897460937,Airtel,13.0134475,10,80.2357244,-105.0,11:39,3.3429999351501465
4G,279.8519897460937,Airtel,13.0134474,10,80.2357244,-105.0,11:39,3.3429999351501465
4G,279.8519897460937,Airtel,13.0134474,10,80.2357244,-107.0,11:39,3.3429999351501465
4G,0.6169999837875366,Jio,13.0140276,41,80.2357855,-120.0,11:39,0.0780000016093254
4G,0.6169999837875366,Jio,13.0131399,41,80.2357618,-116.0,11:39,0.0780000016093254
4G,0.6169999837875366,Jio,13.0131889,41,80.2357488,-116.0,11:39,0.0780000016093254
4G,0.6169999837875366,Jio,13.0131463,41,80.2357633,-117.0,11:40,0.0780000016093254
4G,0.6169999837875366,Jio,13.0131463,41,80.2357633,-120.0,11:40,0.0780000016093254
4G,0.6169999837875366,Jio,13.0131376,41,80.2357572,-118.0,11:40,0.0780000016093254
4G,0.6169999837875366,Jio,13.013132,41,80.2357504,-118.0,11:40,0.0780000016093254
4G,0.6169999837875366,Jio,13.0131458,41,80.2357374,-119.0,11:40,0.0780000016093254
4G,0.6169999837875366,Jio,13.0131561,41,80.2357434,-124.0,11:40,0.0780000016093254
4G,0.6169999837875366,Jio,13.0131561,41,80.2357434,-112.0,11:40,0.0780000016093254
4G,0.6169999837875366,Jio,13.013147,41,80.2357525,-93.0,11:40,0.0780000016093254
4G,0.6169999837875366,Jio,13.0131365,41,80.2357392,-121.0,11:40,0.0780000016093254
4G,0.6169999837875366,Jio,13.0131365,41,80.2357392,-119.0,11:40,0.0780000016093254
4G,279.8519897460937,Airtel,13.0134515,10,80.2357234,-109.0,11:39,3.3429999351501465
4G,279.8519897460937,Airtel,13.0134341,10,80.2356947,-110.0,11:39,3.3429999351501465
4G,279.8519897460937,Airtel,13.0134323,10,80.2356781,-112.0,11:39,3.3429999351501465
4G,279.8519897460937,Airtel,13.0134075,10,80.235681,-112.0,11:39,3.3429999351501465
4G,0.0,Airtel,13.0134264,0,80.2356858,-112.0,11:39,0.0
4G,331.75,Airtel,13.01345,11,80.2356032,-112.0,11:40,2.191999912261963
4G,331.75,Airtel,13.01345,11,80.2356032,-112.0,11:40,2.191999912261963
4G,331.75,Airtel,13.0134385,11,80.2356187,-112.0,11:40,2.191999912261963
4G,331.75,Airtel,13.0134261,11,80.2356081,-110.0,11:40,2.191999912261963
4G,331.75,Airtel,13.0134193,11,80.2356135,-110.0,11:40,2.191999912261963
4G,88.197998046875,Airtel,13.0134667,14,80.2361,-115.0,11:39,0.2930000126361847
4G,88.197998046875,Airtel,13.0134667,14,80.2361,-115.0,11:39,0.2930000126361847
4G,88.197998046875,Airtel,13.0134667,14,80.2361,-115.0,11:40,0.2930000126361847
4G,88.197998046875,Airtel,13.0134667,14,80.2361,-115.0,11:40,0.2930000126361847
4G,88.197998046875,Airtel,13.0134667,14,80.2361,-115.0,11:40,0.2930000126361847
4G,88.197998046875,Airtel,13.0134667,14,80.2361,-115.0,11:40,0.2930000126361847
4G,88.197998046875,Airtel,13.0134662,14,80.2360984,-116.0,11:40,0.2930000126361847
4G,88.197998046875,Airtel,13.0134679,14,80.2360971,-114.0,11:40,0.2930000126361847
4G,88.197998046875,Airtel,13.0134697,14,80.2361015,-44.0,11:40,0.2930000126361847
4G,88.197998046875,Airtel,13.0134685,14,80.2361013,-44.0,11:40,0.2930000126361847
2G,0.0,Airtel,13.0134665,0,80.2361032,-44.0,11:40,0.0
4G,331.75,Airtel,13.0134397,11,80.2356263,-110.0,11:40,2.191999912261963
4G,331.75,Airtel,13.0134455,11,80.2356265,-110.0,11:40,2.191999912261963
4G,2.9119999408721924,Jio,13.0131432,44,80.2357094,-115.0,11:41,0.0189999993890523
4G,2.9119999408721924,Jio,13.0131287,44,80.2356988,-115.0,11:41,0.0189999993890523
4G,2.9119999408721924,Jio,13.0131287,44,80.2356988,-115.0,11:41,0.0189999993890523
4G,2.9119999408721924,Jio,13.0131266,44,80.2356969,-116.0,11:41,0.0189999993890523
4G,2.9119999408721924,Jio,13.0131346,44,80.235701,-122.0,11:41,0.0189999993890523
4G,2.9119999408721924,Jio,13.0131154,44,80.235716,-116.0,11:41,0.0189999993890523
4G,2.9119999408721924,Jio,13.0130984,44,80.2357062,-116.0,11:41,0.0189999993890523
4G,2.9119999408721924,Jio,13.0130906,44,80.2356863,-113.0,11:41,0.0189999993890523
4G,2.9119999408721924,Jio,13.0131129,44,80.2356759,-113.0,11:41,0.0189999993890523
4G,2.9119999408721924,Jio,13.0131469,44,80.2356784,-109.0,11:42,0.0189999993890523
4G,2.9119999408721924,Jio,13.0131469,44,80.2356784,-109.0,11:42,0.0189999993890523
4G,2.9119999408721924,Jio,13.0131371,44,80.2356653,-94.0,11:42,0.0189999993890523
4G,2.9119999408721924,Jio,13.0131205,44,80.2356639,-94.0,11:42,0.0189999993890523
4G,2.9119999408721924,Jio,13.0131078,44,80.2356689,-113.0,11:42,0.0189999993890523
4G,76.75399780273438,Airtel,13.0134667,9,80.2361,-44.0,11:41,0.4830000102519989
4G,76.75399780273438,Airtel,13.0134667,9,80.2361,-44.0,11:41,0.4830000102519989
4G,76.75399780273438,Airtel,13.0134667,9,80.2361,-44.0,11:41,0.4830000102519989
4G,76.75399780273438,Airtel,13.0134667,9,80.2361,-44.0,11:41,0.4830000102519989
4G,76.75399780273438,Airtel,13.0134667,9,80.2361,-110.0,11:41,0.4830000102519989
4G,76.75399780273438,Airtel,13.0134715,9,80.2360345,-111.0,11:41,0.4830000102519989
4G,76.75399780273438,Airtel,13.0134628,9,80.2359921,-111.0,11:41,0.4830000102519989
4G,76.75399780273438,Airtel,13.0134652,9,80.2359921,-111.0,11:41,0.4830000102519989
4G,76.75399780273438,Airtel,13.0134516,9,80.2360306,-112.0,11:41,0.4830000102519989
4G,76.75399780273438,Airtel,13.0134436,9,80.236048,-112.0,11:41,0.4830000102519989
4G,76.75399780273438,Airtel,13.0134464,9,80.2360489,-112.0,11:41,0.4830000102519989
4G,76.75399780273438,Airtel,13.0134477,9,80.2360583,-112.0,11:41,0.4830000102519989
4G,76.75399780273438,Airtel,13.0134494,9,80.236054,-116.0,11:41,0.4830000102519989
4G,76.75399780273438,Airtel,13.0134543,9,80.2360424,-116.0,11:41,0.4830000102519989
4G,76.75399780273438,Airtel,13.0134496,9,80.2360394,-116.0,11:41,0.4830000102519989
4G,76.75399780273438,Airtel,13.0134489,9,80.2360243,-116.0,11:41,0.4830000102519989
4G,76.75399780273438,Airtel,13.0134596,9,80.2360135,-116.0,11:42,0.4830000102519989
4G,76.75399780273438,Airtel,13.013476,9,80.2360088,-116.0,11:42,0.4830000102519989
4G,76.75399780273438,Airtel,13.0134929,9,80.2360074,-114.0,11:42,0.4830000102519989
4G,76.75399780273438,Airtel,13.0134862,9,80.2360277,-44.0,11:42,0.4830000102519989
4G,76.75399780273438,Airtel,13.0134824,9,80.2360372,-44.0,11:42,0.4830000102519989
4G,76.75399780273438,Airtel,13.0134926,9,80.2360623,-114.0,11:42,0.4830000102519989
4G,76.75399780273438,Airtel,13.0135023,9,80.2360803,-114.0,11:42,0.4830000102519989
4G,76.75399780273438,Airtel,13.0135021,9,80.2360926,-114.0,11:42,0.4830000102519989
4G,76.75399780273438,Airtel,13.0134978,9,80.2361066,-114.0,11:42,0.4830000102519989
4G,76.75399780273438,Airtel,13.0134965,9,80.2361117,-114.0,11:42,0.4830000102519989
4G,169.08799743652344,Airtel,13.0134468,12,80.2355183,-110.0,11:43,1.4190000295639038
4G,169.08799743652344,Airtel,13.0134408,12,80.2355082,-110.0,11:43,1.4190000295639038
4G,169.08799743652344,Airtel,13.0134155,12,80.2355158,-110.0,11:43,1.4190000295639038
4G,169.08799743652344,Airtel,13.0133872,12,80.2355683,-110.0,11:43,1.4190000295639038
4G,169.08799743652344,Airtel,13.013393,12,80.2355638,-110.0,11:43,1.4190000295639038
4G,2.9119999408721924,Jio,13.0131078,44,80.2356689,-117.0,11:42,0.0189999993890523
4G,5.752999782562256,Jio,13.0130943,28,80.2356604,-105.0,11:43,0.0189999993890523
4G,5.752999782562256,Jio,13.0131055,28,80.2356561,-111.0,11:43,0.0189999993890523
4G,5.752999782562256,Jio,13.0131055,28,80.2356561,-111.0,11:43,0.0189999993890523
4G,5.752999782562256,Jio,13.0131213,28,80.2356652,-111.0,11:43,0.0189999993890523
4G,5.752999782562256,Jio,13.0131498,28,80.2356709,-112.0,11:43,0.0189999993890523
4G,5.752999782562256,Jio,13.013152,28,80.2356502,-112.0,11:43,0.0189999993890523
4G,5.752999782562256,Jio,13.0131268,28,80.2356497,-113.0,11:43,0.0189999993890523
4G,5.752999782562256,Jio,13.0131185,28,80.2356455,-115.0,11:43,0.0189999993890523
4G,5.752999782562256,Jio,13.013141,28,80.2356321,-110.0,11:43,0.0189999993890523
4G,5.752999782562256,Jio,13.0131415,28,80.2356228,-110.0,11:43,0.0189999993890523
4G,5.752999782562256,Jio,13.0131253,28,80.2356219,-115.0,11:43,0.0189999993890523
4G,5.752999782562256,Jio,13.0131218,28,80.2356086,-112.0,11:43,0.0189999993890523
4G,39.84600067138672,Airtel,13.0134853,13,80.2359805,-114.0,11:43,0.3459999859333038
4G,39.84600067138672,Airtel,13.0134877,13,80.235982,-109.0,11:43,0.3459999859333038
4G,39.84600067138672,Airtel,13.0134882,13,80.2359817,-109.0,11:43,0.3459999859333038
4G,39.84600067138672,Airtel,13.0134883,13,80.2359817,-109.0,11:43,0.3459999859333038
4G,39.84600067138672,Airtel,13.0134792,13,80.2360105,-109.0,11:43,0.3459999859333038
4G,39.84600067138672,Airtel,13.0134792,13,80.2360105,-109.0,11:43,0.3459999859333038
4G,39.84600067138672,Airtel,13.0134799,13,80.2360116,-109.0,11:44,0.3459999859333038
4G,39.84600067138672,Airtel,13.0134825,13,80.236012,-109.0,11:44,0.3459999859333038
4G,39.84600067138672,Airtel,13.0134825,13,80.236012,-109.0,11:44,0.3459999859333038
4G,39.84600067138672,Airtel,13.0134803,13,80.2360129,-109.0,11:44,0.3459999859333038
4G,39.84600067138672,Airtel,13.0134606,13,80.2360573,-114.0,11:44,0.3459999859333038
4G,39.84600067138672,Airtel,13.0134682,13,80.2360754,-114.0,11:44,0.3459999859333038
4G,39.84600067138672,Airtel,13.0134903,13,80.2361428,-114.0,11:44,0.3459999859333038
4G,39.84600067138672,Airtel,13.0134908,13,80.2361305,-114.0,11:44,0.3459999859333038
4G,39.84600067138672,Airtel,13.0134878,13,80.2361185,-114.0,11:44,0.3459999859333038
4G,39.84600067138672,Airtel,13.0134802,13,80.2361108,-114.0,11:44,0.3459999859333038
4G,39.84600067138672,Airtel,13.0134596,13,80.2361067,-114.0,11:44,0.3459999859333038
4G,39.84600067138672,Airtel,13.01345,13,80.2361072,-114.0,11:44,0.3459999859333038
4G,5.752999782562256,Jio,13.0131264,28,80.2356075,-108.0,11:43,0.0189999993890523
4G,5.752999782562256,Jio,13.0131277,28,80.235601,-98.0,11:43,0.0189999993890523
4G,0.0,Jio,13.0131277,0,80.235601,-113.0,11:43,0.0
4G,0.0,Jio,13.0131277,0,80.235601,-112.0,11:43,0.0
4G,0.5370000004768372,Jio,13.0131507,30,80.2356085,-118.0,11:45,0.0130000002682209
4G,0.5370000004768372,Jio,13.0131589,30,80.2355969,-118.0,11:45,0.0130000002682209
4G,0.5370000004768372,Jio,13.0131577,30,80.2355998,-117.0,11:45,0.0130000002682209
4G,0.5370000004768372,Jio,13.013146,30,80.2355947,-117.0,11:45,0.0130000002682209
4G,0.5370000004768372,Jio,13.0131314,30,80.2355949,-116.0,11:45,0.0130000002682209
4G,0.5370000004768372,Jio,13.0131255,30,80.2355992,-116.0,11:45,0.0130000002682209
4G,0.5370000004768372,Jio,13.0131368,30,80.2355747,-115.0,11:45,0.0130000002682209
4G,0.5370000004768372,Jio,13.0131331,30,80.2355706,-115.0,11:45,0.0130000002682209
4G,0.5370000004768372,Jio,13.0131547,30,80.2355656,-115.0,11:45,0.0130000002682209
4G,0.5370000004768372,Jio,13.0131547,30,80.2355656,-115.0,11:45,0.0130000002682209
4G,0.5370000004768372,Jio,13.0131732,30,80.2355668,-115.0,11:45,0.0130000002682209
4G,0.5370000004768372,Jio,13.0131782,30,80.2355534,-113.0,11:45,0.0130000002682209
4G,0.5370000004768372,Jio,13.0131574,30,80.2355477,-113.0,11:45,0.0130000002682209
4G,0.5370000004768372,Jio,13.0131592,30,80.2355332,-111.0,11:45,0.0130000002682209
4G,0.5370000004768372,Jio,13.0131671,30,80.235535,-112.0,11:45,0.0130000002682209
4G,0.5370000004768372,Jio,13.0131659,30,80.2355354,-116.0,11:45,0.0130000002682209
4G,0.5370000004768372,Jio,13.0131659,30,80.2355354,-114.0,11:45,0.0130000002682209
4G,0.5370000004768372,Jio,13.0131689,30,80.2355314,-114.0,11:45,0.0130000002682209
4G,0.5370000004768372,Jio,13.0131689,30,80.2355314,-114.0,11:45,0.0130000002682209
4G,0.5370000004768372,Jio,13.0131689,30,80.2355314,-114.0,11:45,0.0130000002682209
4G,0.5370000004768372,Jio,13.0131689,30,80.2355314,-115.0,11:45,0.0130000002682209
4G,296.283,Airtel,13.0134454,31,80.2361875,-114.0,11:45,0.0
4G,296.2829895019531,Airtel,13.013445,31,80.2361883,-114.0,11:45,6.328000068664551
4G,296.2829895019531,Airtel,13.013445,31,80.2361883,-108.0,11:45,6.328000068664551
4G,296.2829895019531,Airtel,13.0134849,31,80.2362113,-113.0,11:45,6.328000068664551
4G,296.2829895019531,Airtel,13.0134973,31,80.2362346,-113.0,11:45,6.328000068664551
4G,296.2829895019531,Airtel,13.0135036,31,80.2362374,-114.0,11:46,6.328000068664551
4G,296.2829895019531,Airtel,13.0134966,31,80.2362361,-114.0,11:46,6.328000068664551
4G,296.2829895019531,Airtel,13.0134838,31,80.2362479,-114.0,11:46,6.328000068664551
4G,296.2829895019531,Airtel,13.0134737,31,80.2362503,-114.0,11:46,6.328000068664551
4G,296.2829895019531,Airtel,13.0134664,31,80.2362606,-114.0,11:46,6.328000068664551
4G,296.2829895019531,Airtel,13.0134466,31,80.2362308,-44.0,11:46,6.328000068664551
4G,296.2829895019531,Airtel,13.0134419,31,80.2362352,-44.0,11:46,6.328000068664551
4G,296.2829895019531,Airtel,13.0134397,31,80.2362243,-44.0,11:46,6.328000068664551
4G,296.2829895019531,Airtel,13.0134531,31,80.2361977,-110.0,11:46,6.328000068664551
4G,296.2829895019531,Airtel,13.0134653,31,80.2361947,-110.0,11:46,6.328000068664551
4G,296.2829895019531,Airtel,13.0134674,31,80.2361945,-110.0,11:46,6.328000068664551
4G,296.2829895019531,Airtel,13.0134979,31,80.236215,-118.0,11:46,6.328000068664551
4G,296.2829895019531,Airtel,13.0134986,31,80.2362191,-118.0,11:46,6.328000068664551
4G,296.2829895019531,Airtel,13.0134957,31,80.2362263,-118.0,11:46,6.328000068664551
4G,296.2829895019531,Airtel,13.0134525,31,80.2362818,-120.0,11:46,6.328000068664551
4G,296.2829895019531,Airtel,13.0134424,31,80.2362846,-120.0,11:46,6.328000068664551
4G,296.2829895019531,Airtel,13.0134376,31,80.2362742,-120.0,11:46,6.328000068664551
4G,0.1449999958276748,Jio,13.0131525,34,80.2354854,-115.0,11:46,0.006000000052154
4G,0.1449999958276748,Jio,13.0131373,34,80.2354705,-115.0,11:46,0.006000000052154
4G,0.1449999958276748,Jio,13.0131373,34,80.2354705,-114.0,11:46,0.006000000052154
4G,0.1449999958276748,Jio,13.013121,34,80.2354637,-114.0,11:46,0.006000000052154
4G,0.1449999958276748,Jio,13.0131241,34,80.2354536,-114.0,11:46,0.006000000052154
4G,0.1449999958276748,Jio,13.0131344,34,80.2354553,-114.0,11:46,0.006000000052154
4G,0.1449999958276748,Jio,13.0131467,34,80.2354502,-114.0,11:46,0.006000000052154
4G,0.1449999958276748,Jio,13.0131113,34,80.2354344,-112.0,11:47,0.006000000052154
4G,0.1449999958276748,Jio,13.013125,34,80.23545,-112.0,11:47,0.006000000052154
4G,0.1449999958276748,Jio,13.013146,34,80.2354401,-112.0,11:47,0.006000000052154
4G,0.1449999958276748,Jio,13.0131463,34,80.235444,-112.0,11:47,0.006000000052154
4G,0.1449999958276748,Jio,13.0131502,34,80.235438,-112.0,11:47,0.006000000052154
4G,0.1449999958276748,Jio,13.0131389,34,80.2354275,-111.0,11:47,0.006000000052154
4G,0.1449999958276748,Jio,13.0131385,34,80.2354249,-112.0,11:47,0.006000000052154
4G,0.1449999958276748,Jio,13.0131385,34,80.2354249,-111.0,11:47,0.006000000052154
4G,0.1449999958276748,Jio,13.0131366,34,80.2354263,-111.0,11:47,0.006000000052154
4G,0.1449999958276748,Jio,13.0131366,34,80.2354263,-112.0,11:47,0.006000000052154
4G,0.1449999958276748,Jio,13.0131366,34,80.2354263,-112.0,11:47,0.006000000052154
4G,0.1449999958276748,Jio,13.0131358,34,80.2354232,-112.0,11:47,0.006000000052154
4G,0.1449999958276748,Jio,13.0131358,34,80.2354232,-112.0,11:47,0.006000000052154
4G,0.0,Jio,13.0131357,0,80.2354212,-112.0,11:47,0.0
4G,0.0,Jio,13.0131357,29,80.2354212,-113.0,11:47,0.0
4G,0.0,Jio,13.0131353,29,80.2354214,-113.0,11:47,0.0
4G,0.0,Jio,13.0131353,29,80.2354214,-117.0,11:47,0.0
4G,0.0,Jio,13.0131353,29,80.2354214,-114.0,11:47,0.0
4G,0.089,Jio,13.0131419,29,80.2354185,-114.0,11:47,0.0
4G,0.089,Jio,13.0131449,29,80.2354191,-114.0,11:47,0.0
4G,0.089,Jio,13.0131449,29,80.2354191,-114.0,11:47,0.0
4G,0.089,Jio,13.0131488,29,80.235414,-113.0,11:48,0.0
4G,0.089,Jio,13.0131462,29,80.2354187,-112.0,11:48,0.0
4G,0.089,Jio,13.0131424,29,80.2354185,-112.0,11:48,0.0
4G,0.0890000015497207,Jio,13.013133,29,80.2354108,-112.0,11:48,0.0189999993890523
4G,0.0890000015497207,Jio,13.013132,29,80.2354061,-112.0,11:48,0.0189999993890523
4G,0.0890000015497207,Jio,13.0131341,29,80.2354077,-110.0,11:48,0.0189999993890523
4G,0.0890000015497207,Jio,13.0131341,29,80.2354077,-117.0,11:48,0.0189999993890523
4G,0.0890000015497207,Jio,13.0131355,29,80.23541,-117.0,11:48,0.0189999993890523
4G,0.0890000015497207,Jio,13.0131334,29,80.2354096,-116.0,11:48,0.0189999993890523
4G,0.0890000015497207,Jio,13.013135,29,80.2354104,-116.0,11:48,0.0189999993890523
4G,0.0890000015497207,Jio,13.013141,29,80.2354097,-115.0,11:48,0.0189999993890523
4G,0.0890000015497207,Jio,13.0131397,29,80.2354072,-115.0,11:48,0.0189999993890523
4G,0.0890000015497207,Jio,13.0131397,29,80.2354072,-114.0,11:48,0.0189999993890523
4G,0.0890000015497207,Jio,13.0131277,29,80.2354087,-113.0,11:48,0.0189999993890523
4G,0.0890000015497207,Jio,13.0131277,29,80.2354087,-113.0,11:48,0.0189999993890523
4G,0.0890000015497207,Jio,13.0131296,29,80.2353914,-114.0,11:48,0.0189999993890523
4G,0.0890000015497207,Jio,13.013147,29,80.2353959,-114.0,11:48,0.0189999993890523
4G,0.0890000015497207,Jio,13.0131605,29,80.2353961,-114.0,11:48,0.0189999993890523
4G,0.0890000015497207,Jio,13.0131683,29,80.2353878,-114.0,11:48,0.0189999993890523
4G,0.0890000015497207,Jio,13.0131467,29,80.235377,-107.0,11:48,0.0189999993890523
4G,0.0890000015497207,Jio,13.0131467,29,80.235377,-107.0,11:48,0.0189999993890523
4G,202.48599243164065,Airtel,13.0134477,25,80.2355424,-114.0,11:48,1.7799999713897705
4G,202.48599243164065,Airtel,13.013448,25,80.2355424,-114.0,11:48,1.7799999713897705
4G,202.48599243164065,Airtel,13.0134499,25,80.2355355,-111.0,11:48,1.7799999713897705
4G,202.48599243164065,Airtel,13.0134436,25,80.2355255,-109.0,11:48,1.7799999713897705
4G,202.48599243164065,Airtel,13.0134525,25,80.2355383,-44.0,11:48,1.7799999713897705
4G,202.48599243164065,Airtel,13.0134562,25,80.2355429,-44.0,11:48,1.7799999713897705
4G,202.48599243164065,Airtel,13.0134627,25,80.2355448,-44.0,11:48,1.7799999713897705
4G,202.48599243164065,Airtel,13.0134622,25,80.2355582,-112.0,11:48,1.7799999713897705
4G,15.188,Airtel,13.0134265,11,80.2361725,-120.0,11:47,0.0
4G,331.15399169921875,Airtel,13.0134662,14,80.2361489,-120.0,11:48,7.418000221252441
4G,331.15399169921875,Airtel,13.0134671,14,80.2361359,-93.0,11:48,7.418000221252441
4G,331.15399169921875,Airtel,13.0134671,14,80.2361359,-93.0,11:48,7.418000221252441
4G,331.15399169921875,Airtel,13.0134636,14,80.2361151,-93.0,11:48,7.418000221252441
4G,331.15399169921875,Airtel,13.013448,14,80.2360912,-111.0,11:48,7.418000221252441
4G,331.15399169921875,Airtel,13.0134471,14,80.2360896,-111.0,11:48,7.418000221252441
4G,331.15399169921875,Airtel,13.0134437,14,80.2360754,-111.0,11:48,7.418000221252441
4G,331.15399169921875,Airtel,13.0134428,14,80.2360683,-111.0,11:48,7.418000221252441
4G,331.15399169921875,Airtel,13.0134396,14,80.236046,-111.0,11:48,7.418000221252441
4G,331.15399169921875,Airtel,13.0134403,14,80.2360481,-111.0,11:48,7.418000221252441
4G,331.15399169921875,Airtel,13.0134397,14,80.2360451,-111.0,11:48,7.418000221252441
4G,331.15399169921875,Airtel,13.0134397,14,80.2360451,-111.0,11:48,7.418000221252441
4G,331.15399169921875,Airtel,13.0134376,14,80.2360343,-111.0,11:48,7.418000221252441
4G,331.15399169921875,Airtel,13.013442,14,80.2359984,-115.0,11:48,7.418000221252441
4G,331.15399169921875,Airtel,13.0134422,14,80.2359757,-115.0,11:48,7.418000221252441
4G,331.15399169921875,Airtel,13.0134411,14,80.2359688,-115.0,11:48,7.418000221252441
4G,331.15399169921875,Airtel,13.0134411,14,80.2359688,-115.0,11:48,7.418000221252441
4G,331.15399169921875,Airtel,13.0134296,14,80.2359651,-115.0,11:49,7.418000221252441
4G,331.15399169921875,Airtel,13.01342,14,80.2359696,-115.0,11:49,7.418000221252441
4G,331.15399169921875,Airtel,13.0134023,14,80.2359755,-115.0,11:49,7.418000221252441
4G,331.15399169921875,Airtel,13.013374,14,80.2359852,-112.0,11:49,7.418000221252441
4G,331.15399169921875,Airtel,13.0133729,14,80.235993,-112.0,11:49,7.418000221252441
4G,331.15399169921875,Airtel,13.0133898,14,80.236022,-114.0,11:49,7.418000221252441
4G,331.15399169921875,Airtel,13.0134073,14,80.2360479,-113.0,11:49,7.418000221252441
4G,331.15399169921875,Airtel,13.0134085,14,80.2360561,-113.0,11:49,7.418000221252441
4G,331.15399169921875,Airtel,13.0134138,14,80.2360679,-113.0,11:49,7.418000221252441
4G,261.0169982910156,Airtel,13.0133966,11,80.2353968,-117.0,11:49,0.5680000185966492
4G,261.0169982910156,Airtel,13.013382,11,80.235439,-115.0,11:49,0.5680000185966492
4G,261.0169982910156,Airtel,13.0133764,11,80.2354499,-115.0,11:49,0.5680000185966492
4G,261.0169982910156,Airtel,13.0133757,11,80.2354604,-115.0,11:49,0.5680000185966492
4G,261.0169982910156,Airtel,13.0133828,11,80.2354694,-115.0,11:49,0.5680000185966492
4G,261.0169982910156,Airtel,13.013404,11,80.2354676,-115.0,11:49,0.5680000185966492
4G,261.0169982910156,Airtel,13.013411,11,80.2354845,-115.0,11:49,0.5680000185966492
4G,261.0169982910156,Airtel,13.0134191,11,80.2355278,-113.0,11:49,0.5680000185966492
4G,261.0169982910156,Airtel,13.0134156,11,80.2355415,-113.0,11:49,0.5680000185966492
4G,0.0,Airtel,13.0134167,10,80.2360351,-117.0,11:49,0.0
4G,0.0,Airtel,13.0134146,10,80.2359992,-117.0,11:49,0.0
4G,0.0,Airtel,13.0134146,10,80.2359992,-117.0,11:49,0.0
4G,97.943,Airtel,13.0134185,10,80.2359906,-117.0,11:49,0.0
4G,97.943,Airtel,13.0134171,10,80.2359884,-117.0,11:49,0.0
4G,97.943,Airtel,13.0134171,10,80.2359884,-117.0,11:49,0.0
4G,97.943,Airtel,13.0134149,10,80.2359862,-117.0,11:49,0.0
4G,97.94300079345705,Airtel,13.0134041,10,80.2359699,-120.0,11:50,1.253999948501587
4G,97.94300079345705,Airtel,13.0134033,10,80.23597,-120.0,11:50,1.253999948501587
4G,97.94300079345705,Airtel,13.0134033,10,80.23597,-120.0,11:50,1.253999948501587
4G,97.94300079345705,Airtel,13.0134033,10,80.23597,-116.0,11:50,1.253999948501587
4G,97.94300079345705,Airtel,13.0134033,10,80.23597,-116.0,11:50,1.253999948501587
4G,97.94300079345705,Airtel,13.0134033,10,80.23597,-116.0,11:50,1.253999948501587
4G,97.94300079345705,Airtel,13.0134033,10,80.23597,-116.0,11:50,1.253999948501587
4G,97.94300079345705,Airtel,13.013409,10,80.2359726,-115.0,11:50,1.253999948501587
4G,97.94300079345705,Airtel,13.0134096,10,80.2360097,-115.0,11:50,1.253999948501587
4G,97.94300079345705,Airtel,13.0134154,10,80.2360172,-115.0,11:50,1.253999948501587
4G,97.94300079345705,Airtel,13.0134088,10,80.236022,-115.0,11:50,1.253999948501587
4G,97.94300079345705,Airtel,13.013403,10,80.2360189,-115.0,11:50,1.253999948501587
4G,97.94300079345705,Airtel,13.0134017,10,80.2360065,-115.0,11:50,1.253999948501587
4G,261.0169982910156,Airtel,13.0134279,11,80.2356384,-108.0,11:50,0.5680000185966492
4G,261.0169982910156,Airtel,13.0134346,11,80.2356589,-108.0,11:50,0.5680000185966492
4G,261.0169982910156,Airtel,13.0134347,11,80.235675,-108.0,11:50,0.5680000185966492
4G,261.0169982910156,Airtel,13.0134326,11,80.2356961,-108.0,11:50,0.5680000185966492
4G,261.0169982910156,Airtel,13.0134326,11,80.2356961,-108.0,11:50,0.5680000185966492
4G,261.0169982910156,Airtel,13.0134263,11,80.2357189,-108.0,11:50,0.5680000185966492
4G,261.0169982910156,Airtel,13.0134355,11,80.2357234,-108.0,11:50,0.5680000185966492
4G,0.0,Airtel,13.0134434,0,80.2357445,-108.0,11:50,0.0
4G,0.0,Airtel,13.0134465,8,80.2357544,-108.0,11:50,0.0
4G,75.076,Airtel,13.0133865,8,80.235809,-108.0,11:50,0.0
4G,75.076,Airtel,13.0133701,8,80.235801,-108.0,11:50,0.0
4G,75.076,Airtel,13.0133701,8,80.235801,-108.0,11:50,0.0
4G,75.076,Airtel,13.0133432,8,80.235783,-112.0,11:50,0.0
4G,75.07599639892578,Airtel,13.0133308,8,80.2357842,-112.0,11:50,0.5019999742507935
4G,75.07599639892578,Airtel,13.0133274,8,80.2357877,-112.0,11:50,0.5019999742507935
4G,75.07599639892578,Airtel,13.0133286,8,80.2357877,-112.0,11:50,0.5019999742507935
4G,75.07599639892578,Airtel,13.0133284,8,80.2357956,-112.0,11:50,0.5019999742507935
4G,75.07599639892578,Airtel,13.0133292,8,80.2357962,-112.0,11:50,0.5019999742507935
4G,75.07599639892578,Airtel,13.0133265,8,80.2358,-112.0,11:50,0.5019999742507935
4G,0.108,Jio,13.0131548,41,80.235537,-92.0,11:50,0.0
4G,0.108,Jio,13.0131637,41,80.2353651,-108.0,11:50,0.0
4G,0.108,Jio,13.0131647,41,80.2353602,-96.0,11:51,0.0
4G,0.108,Jio,13.0131647,41,80.2353602,-96.0,11:51,0.0
4G,0.108,Jio,13.0131708,41,80.2353559,-110.0,11:51,0.0
4G,0.108,Jio,13.0131698,41,80.2353424,-111.0,11:51,0.0
4G,0.108,Jio,13.0131716,41,80.2353508,-115.0,11:51,0.0
4G,0.108,Jio,13.0131791,41,80.2353605,-115.0,11:51,0.0
4G,0.108,Jio,13.0131791,41,80.2353605,-110.0,11:51,0.0
4G,0.108,Jio,13.0131663,41,80.23532,-112.0,11:51,0.0
4G,75.07599639892578,Airtel,13.0133256,8,80.2357995,-108.0,11:50,0.5019999742507935
4G,75.07599639892578,Airtel,13.0133238,8,80.2358032,-44.0,11:51,0.5019999742507935
4G,75.07599639892578,Airtel,13.0133167,8,80.2358092,-44.0,11:51,0.5019999742507935
4G,75.07599639892578,Airtel,13.0133167,8,80.2358092,-44.0,11:51,0.5019999742507935
4G,75.07599639892578,Airtel,13.0133035,8,80.2358095,-44.0,11:51,0.5019999742507935
4G,75.07599639892578,Airtel,13.0132863,8,80.235808,-44.0,11:51,0.5019999742507935
4G,0.0,Airtel,13.0132783,0,80.2358067,-111.0,11:51,0.0
4G,0.0,Airtel,13.0132877,10,80.2358026,-111.0,11:51,0.0
4G,0.0,Airtel,13.0132911,10,80.235801,-111.0,11:51,0.0
4G,0.0,Airtel,13.0132906,10,80.2358009,-111.0,11:51,0.0
4G,0.0,Airtel,13.0132695,10,80.2358058,-44.0,11:51,0.0
4G,257.784,Airtel,13.0132623,10,80.2358063,-44.0,11:51,0.0
4G,257.784,Airtel,13.0132461,10,80.2357885,-108.0,11:51,0.0
4G,257.784,Airtel,13.0132461,10,80.2357885,-108.0,11:51,0.0
4G,257.784,Airtel,13.0132465,10,80.2357815,-108.0,11:51,0.0
4G,257.784,Airtel,13.0132344,10,80.2357769,-108.0,11:51,0.0
4G,257.78399658203125,Airtel,13.0132344,10,80.2357769,-108.0,11:51,0.8740000128746033
4G,257.78399658203125,Airtel,13.0132329,10,80.235774,-108.0,11:51,0.8740000128746033
4G,257.78399658203125,Airtel,13.0132327,10,80.2357699,-110.0,11:51,0.8740000128746033
4G,257.78399658203125,Airtel,13.0132312,10,80.2357698,-110.0,11:51,0.8740000128746033
4G,257.78399658203125,Airtel,13.0132291,10,80.2357671,-110.0,11:51,0.8740000128746033
4G,257.78399658203125,Airtel,13.0132298,10,80.2357649,-110.0,11:51,0.8740000128746033
4G,257.78399658203125,Airtel,13.0132288,10,80.2357659,-110.0,11:51,0.8740000128746033
4G,257.78399658203125,Airtel,13.0132279,10,80.235764,-110.0,11:51,0.8740000128746033
4G,257.78399658203125,Airtel,13.0132272,10,80.2357615,-110.0,11:51,0.8740000128746033
4G,0.0,Airtel,13.0132193,0,80.2357664,-105.0,11:52,0.0
4G,0.0,Airtel,13.0132194,9,80.2357692,-105.0,11:52,0.0
4G,0.0,Airtel,13.0131963,9,80.2357665,-101.0,11:52,0.0
4G,0.0,Airtel,13.0131912,9,80.2357639,-101.0,11:52,0.0
4G,0.0,Airtel,13.0131912,9,80.2357639,-101.0,11:52,0.0
4G,0.0,Airtel,13.0131901,9,80.2357624,-101.0,11:52,0.0
4G,320.664,Airtel,13.0131618,9,80.235716,-106.0,11:52,0.0
4G,0.0,Airtel,13.0131465,0,80.235708,-44.0,11:52,0.0
4G,0.0,Airtel,13.0131385,9,80.2356999,-44.0,11:52,0.0
4G,0.0,Airtel,13.0131265,9,80.235704,-44.0,11:52,0.0
4G,0.0,Airtel,13.013083,9,80.2357303,-104.0,11:52,0.0
4G,319.965,Airtel,13.0130926,9,80.235741,-90.0,11:52,0.0
4G,319.965,Airtel,13.013098,9,80.2357373,-90.0,11:52,0.0
4G,319.965,Airtel,13.0131001,9,80.2357339,-90.0,11:52,0.0
4G,319.965,Airtel,13.013101,9,80.235734,-90.0,11:52,0.0
4G,319.965,Airtel,13.013101,9,80.2357346,-90.0,11:52,0.0
4G,319.965,Airtel,13.013101,9,80.2357346,-90.0,11:52,0.0
4G,319.9649963378906,Airtel,13.0131009,9,80.2357347,-90.0,11:52,7.742000102996826
4G,319.9649963378906,Airtel,13.0131004,9,80.2357345,-90.0,11:52,7.742000102996826
4G,319.9649963378906,Airtel,13.0131004,9,80.2357345,-90.0,11:52,7.742000102996826
4G,319.9649963378906,Airtel,13.0130988,9,80.235734,-90.0,11:53,7.742000102996826
4G,319.9649963378906,Airtel,13.0130919,9,80.2357197,-44.0,11:53,7.742000102996826
4G,0.108,Jio,13.0131742,41,80.2353228,-112.0,11:51,0.0
4G,0.0,Jio,13.0131742,29,80.2353228,-112.0,11:51,0.0
4G,0.36,Jio,13.0131742,29,80.2353228,-103.0,11:51,0.0
4G,0.36,Jio,13.0131634,29,80.2353206,-112.0,11:52,0.0
4G,0.36,Jio,13.0131634,29,80.2353206,-112.0,11:52,0.0
4G,0.36,Jio,13.0131634,29,80.2353206,-111.0,11:52,0.0
4G,0.36,Jio,13.0131619,29,80.235314,-109.0,11:52,0.0
4G,0.36,Jio,13.0131642,29,80.2353139,-111.0,11:52,0.0
4G,0.36,Jio,13.0131551,29,80.2352996,-110.0,11:52,0.0
4G,0.36,Jio,13.0131446,29,80.2352843,-110.0,11:52,0.0
4G,0.36,Jio,13.0131682,29,80.235265,-110.0,11:52,0.0
4G,0.36,Jio,13.0131841,29,80.2352727,-110.0,11:52,0.0
4G,0.36,Jio,13.0131841,29,80.2352727,-110.0,11:52,0.0
4G,0.36,Jio,13.0132046,29,80.2352558,-111.0,11:52,0.0
4G,0.36,Jio,13.0131894,29,80.2352407,-111.0,11:52,0.0
4G,0.36,Jio,13.0131794,29,80.2352304,-111.0,11:52,0.0
4G,0.36,Jio,13.0131875,29,80.2352371,-111.0,11:52,0.0
4G,153.17100524902344,Airtel,13.0130784,14,80.2363518,-109.0,11:52,1.1670000553131104
4G,153.17100524902344,Airtel,13.0135186,14,80.235966,-100.0,11:52,1.1670000553131104
4G,153.17100524902344,Airtel,13.0135007,14,80.235896,-110.0,11:52,1.1670000553131104
4G,153.17100524902344,Airtel,13.0135055,14,80.235874,-110.0,11:52,1.1670000553131104
4G,153.17100524902344,Airtel,13.0134563,14,80.2360668,-110.0,11:52,1.1670000553131104
4G,153.17100524902344,Airtel,13.0134359,14,80.2360825,-110.0,11:52,1.1670000553131104
4G,153.17100524902344,Airtel,13.0134346,14,80.23612,-110.0,11:52,1.1670000553131104
4G,153.17100524902344,Airtel,13.0134346,14,80.23612,-110.0,11:52,1.1670000553131104
4G,153.17100524902344,Airtel,13.0134335,14,80.2361233,-110.0,11:52,1.1670000553131104
4G,153.17100524902344,Airtel,13.0134348,14,80.2361231,-110.0,11:52,1.1670000553131104
4G,153.17100524902344,Airtel,13.0134341,14,80.2361229,-110.0,11:52,1.1670000553131104
4G,153.17100524902344,Airtel,13.0134077,14,80.2362144,-110.0,11:52,1.1670000553131104
4G,153.17100524902344,Airtel,13.0134073,14,80.2362154,-110.0,11:52,1.1670000553131104
4G,153.17100524902344,Airtel,13.0133942,14,80.2362283,-44.0,11:52,1.1670000553131104
4G,153.17100524902344,Airtel,13.0133945,14,80.236233,-44.0,11:52,1.1670000553131104
4G,153.17100524902344,Airtel,13.013379,14,80.236234,-44.0,11:53,1.1670000553131104
4G,153.17100524902344,Airtel,13.0133715,14,80.2362307,-44.0,11:53,1.1670000553131104
4G,153.17100524902344,Airtel,13.0133443,14,80.2362159,-109.0,11:53,1.1670000553131104
4G,153.17100524902344,Airtel,13.0133496,14,80.2362049,-109.0,11:53,1.1670000553131104
4G,319.9649963378906,Airtel,13.0130827,9,80.2357075,-44.0,11:53,7.742000102996826
4G,319.9649963378906,Airtel,13.0130415,9,80.2356897,-103.0,11:53,7.742000102996826
4G,319.9649963378906,Airtel,13.0130218,9,80.2356983,-44.0,11:53,7.742000102996826
4G,319.9649963378906,Airtel,13.0130217,9,80.2356994,-44.0,11:53,7.742000102996826
4G,0.0,Airtel,13.0130229,0,80.2357108,-44.0,11:53,0.0
4G,0.0,Airtel,13.0130095,9,80.2357149,-103.0,11:53,0.0
4G,0.0,Airtel,13.012985,9,80.2357149,-103.0,11:53,0.0
4G,0.0,Airtel,13.0129852,9,80.2357215,-109.0,11:53,0.0
4G,186.639,Airtel,13.0129864,9,80.2357221,-109.0,11:53,0.0
4G,186.639,Airtel,13.0129825,9,80.2357175,-104.0,11:53,0.0
4G,186.639,Airtel,13.0129816,9,80.2357172,-104.0,11:53,0.0
4G,186.639,Airtel,13.0129766,9,80.2357153,-104.0,11:53,0.0
4G,186.639,Airtel,13.0129762,9,80.235715,-104.0,11:53,0.0
4G,186.639,Airtel,13.0129678,9,80.2357173,-104.0,11:53,0.0
4G,186.63900756835935,Airtel,13.012966,9,80.2357179,-104.0,11:53,6.287000179290772
4G,171.24400329589844,Airtel,13.0134006,13,80.2361664,-109.0,11:54,2.095000028610229
4G,171.24400329589844,Airtel,13.0134005,13,80.2361656,-97.0,11:54,2.095000028610229
4G,171.24400329589844,Airtel,13.0133956,13,80.236169,-97.0,11:54,2.095000028610229
4G,171.24400329589844,Airtel,13.0133959,13,80.2361689,-97.0,11:54,2.095000028610229
4G,171.24400329589844,Airtel,13.0133967,13,80.236169,-97.0,11:54,2.095000028610229
4G,171.24400329589844,Airtel,13.0133969,13,80.236169,-97.0,11:54,2.095000028610229
4G,171.24400329589844,Airtel,13.0133944,13,80.2361656,-97.0,11:54,2.095000028610229
4G,171.24400329589844,Airtel,13.0133864,13,80.2361652,-97.0,11:54,2.095000028610229
4G,171.24400329589844,Airtel,13.0133894,13,80.2361685,-97.0,11:54,2.095000028610229
4G,171.24400329589844,Airtel,13.0133833,13,80.2361696,-97.0,11:54,2.095000028610229
4G,171.24400329589844,Airtel,13.0133823,13,80.2361715,-97.0,11:54,2.095000028610229
4G,171.24400329589844,Airtel,13.0133806,13,80.2361663,-97.0,11:54,2.095000028610229
4G,171.24400329589844,Airtel,13.0133839,13,80.2361541,-110.0,11:54,2.095000028610229
4G,171.24400329589844,Airtel,13.0133791,13,80.2361564,-111.0,11:54,2.095000028610229
4G,171.24400329589844,Airtel,13.013375,13,80.2361566,-111.0,11:54,2.095000028610229
4G,171.24400329589844,Airtel,13.0133666,13,80.2361657,-111.0,11:54,2.095000028610229
4G,171.24400329589844,Airtel,13.0133719,13,80.2361655,-111.0,11:54,2.095000028610229
4G,171.24400329589844,Airtel,13.0133711,13,80.236157,-111.0,11:54,2.095000028610229
4G,171.24400329589844,Airtel,13.0133886,13,80.2361527,-111.0,11:54,2.095000028610229
4G,171.24400329589844,Airtel,13.0133927,13,80.2361596,-111.0,11:54,2.095000028610229
4G,171.24400329589844,Airtel,13.013388,13,80.2361584,-111.0,11:54,2.095000028610229
4G,171.24400329589844,Airtel,13.0133869,13,80.2361576,-111.0,11:54,2.095000028610229
4G,171.24400329589844,Airtel,13.0133939,13,80.236158,-111.0,11:55,2.095000028610229
4G,171.24400329589844,Airtel,13.0133973,13,80.2361549,-111.0,11:55,2.095000028610229
4G,171.24400329589844,Airtel,13.0133946,13,80.2361603,-110.0,11:55,2.095000028610229
4G,171.24400329589844,Airtel,13.0133859,13,80.2361579,-110.0,11:55,2.095000028610229
4G,171.24400329589844,Airtel,13.0133838,13,80.236158,-110.0,11:55,2.095000028610229
4G,171.24400329589844,Airtel,13.0133838,13,80.236158,-110.0,11:55,2.095000028610229
4G,171.24400329589844,Airtel,13.0133814,13,80.2361608,-110.0,11:55,2.095000028610229
4G,171.24400329589844,Airtel,13.0133854,13,80.236161,-110.0,11:55,2.095000028610229
4G,171.24400329589844,Airtel,13.0133909,13,80.2361545,-110.0,11:55,2.095000028610229
4G,171.24400329589844,Airtel,13.0133958,13,80.2361581,-110.0,11:55,2.095000028610229
4G,0.210999995470047,Jio,13.0131535,31,80.2353026,-105.0,11:55,0.0759999975562095
4G,0.210999995470047,Jio,13.0131938,31,80.2352741,-114.0,11:55,0.0759999975562095
4G,0.210999995470047,Jio,13.0132209,31,80.2352522,-114.0,11:55,0.0759999975562095
4G,0.210999995470047,Jio,13.013195,31,80.2352962,-117.0,11:55,0.0759999975562095
4G,0.210999995470047,Jio,13.0131785,31,80.235269,-95.0,11:55,0.0759999975562095
4G,0.210999995470047,Jio,13.0131656,31,80.2352561,-106.0,11:55,0.0759999975562095
4G,0.210999995470047,Jio,13.0131707,31,80.2352503,-106.0,11:55,0.0759999975562095
4G,0.210999995470047,Jio,13.0131871,31,80.2352565,-114.0,11:55,0.0759999975562095
4G,0.210999995470047,Jio,13.0131949,31,80.2352624,-114.0,11:55,0.0759999975562095
4G,0.210999995470047,Jio,13.0132121,31,80.2352564,-121.0,11:55,0.0759999975562095
4G,0.210999995470047,Jio,13.0131944,31,80.2352373,-111.0,11:55,0.0759999975562095
4G,0.210999995470047,Jio,13.0131806,31,80.235227,-111.0,11:55,0.0759999975562095
4G,0.210999995470047,Jio,13.0131848,31,80.2352235,-111.0,11:55,0.0759999975562095
4G,0.0,Airtel,13.0130109,0,80.2354775,-97.0,11:55,0.0
4G,0.0,Airtel,13.0130245,0,80.2354362,-97.0,11:55,0.0
4G,0.0,Airtel,13.0130245,0,80.2354362,-97.0,11:55,0.0
4G,0.0,Airtel,13.0128452,0,80.2355777,-97.0,11:55,0.0
4G,326.5459899902344,Airtel,13.012845,9,80.2357633,-97.0,11:56,4.9629998207092285
4G,326.5459899902344,Airtel,13.012845,9,80.2357633,-97.0,11:56,4.9629998207092285
4G,326.5459899902344,Airtel,13.012845,9,80.2357633,-97.0,11:56,4.9629998207092285
4G,326.5459899902344,Airtel,13.0128447,9,80.2357616,-97.0,11:56,4.9629998207092285
4G,326.5459899902344,Airtel,13.0128425,9,80.2357633,-97.0,11:56,4.9629998207092285
4G,326.5459899902344,Airtel,13.0128377,9,80.2357596,-97.0,11:56,4.9629998207092285
4G,326.5459899902344,Airtel,13.0128298,9,80.235754,-97.0,11:56,4.9629998207092285
4G,326.5459899902344,Airtel,13.0128218,9,80.2357737,-104.0,11:56,4.9629998207092285
4G,326.5459899902344,Airtel,13.0128122,9,80.235759,-104.0,11:56,4.9629998207092285
4G,326.5459899902344,Airtel,13.0128046,9,80.2357571,-104.0,11:56,4.9629998207092285
4G,326.5459899902344,Airtel,13.0127907,9,80.2357441,-104.0,11:56,4.9629998207092285
4G,326.5459899902344,Airtel,13.0127909,9,80.2357395,-104.0,11:56,4.9629998207092285
4G,326.5459899902344,Airtel,13.0127941,9,80.2357356,-104.0,11:56,4.9629998207092285
4G,326.5459899902344,Airtel,13.0128035,9,80.2357353,-104.0,11:56,4.9629998207092285
4G,87.90599822998047,Airtel,13.0133798,13,80.2358284,-110.0,11:56,2.7330000400543213
4G,87.90599822998047,Airtel,13.0133765,13,80.2358221,-110.0,11:56,2.7330000400543213
4G,87.90599822998047,Airtel,13.0133645,13,80.2358042,-110.0,11:56,2.7330000400543213
4G,87.90599822998047,Airtel,13.0133544,13,80.2358119,-110.0,11:56,2.7330000400543213
4G,87.90599822998047,Airtel,13.0133637,13,80.2358315,-110.0,11:56,2.7330000400543213
4G,87.90599822998047,Airtel,13.0133706,13,80.2358539,-110.0,11:56,2.7330000400543213
4G,87.90599822998047,Airtel,13.0133694,13,80.2358695,-110.0,11:56,2.7330000400543213
4G,87.90599822998047,Airtel,13.0133815,13,80.2359105,-121.0,11:56,2.7330000400543213
4G,87.90599822998047,Airtel,13.0133922,13,80.2359282,-121.0,11:56,2.7330000400543213
4G,87.90599822998047,Airtel,13.0134167,13,80.2359641,-117.0,11:56,2.7330000400543213
4G,87.90599822998047,Airtel,13.013418,13,80.2359785,-117.0,11:56,2.7330000400543213
4G,87.90599822998047,Airtel,13.0134225,13,80.2359946,-106.0,11:56,2.7330000400543213
4G,87.90599822998047,Airtel,13.0134253,13,80.2360129,-115.0,11:56,2.7330000400543213
4G,87.90599822998047,Airtel,13.013426,13,80.2360177,-115.0,11:56,2.7330000400543213
4G,87.90599822998047,Airtel,13.0134274,13,80.2360315,-115.0,11:56,2.7330000400543213
4G,87.90599822998047,Airtel,13.0134275,13,80.2360332,-115.0,11:57,2.7330000400543213
4G,87.90599822998047,Airtel,13.0134261,13,80.2360423,-113.0,11:57,2.7330000400543213
4G,87.90599822998047,Airtel,13.0134157,13,80.2360489,-113.0,11:57,2.7330000400543213
4G,0.221000000834465,Jio,13.0131968,39,80.2352134,-113.0,11:56,0.0260000005364418
4G,0.221000000834465,Jio,13.0131941,39,80.2352166,-112.0,11:56,0.0260000005364418
4G,0.221000000834465,Jio,13.0131941,39,80.2352166,-112.0,11:56,0.0260000005364418
4G,0.221000000834465,Jio,13.0131922,39,80.2352233,-113.0,11:56,0.0260000005364418
4G,0.221000000834465,Jio,13.0131925,39,80.2352159,-113.0,11:56,0.0260000005364418
4G,0.221000000834465,Jio,13.0132042,39,80.2352038,-116.0,11:57,0.0260000005364418
4G,0.221000000834465,Jio,13.013198,39,80.2352022,-114.0,11:57,0.0260000005364418
4G,0.221000000834465,Jio,13.0131941,39,80.2351843,-115.0,11:57,0.0260000005364418
4G,0.221000000834465,Jio,13.0131917,39,80.2351741,-119.0,11:57,0.0260000005364418
4G,0.221000000834465,Jio,13.0132171,39,80.2351915,-113.0,11:57,0.0260000005364418
4G,0.221000000834465,Jio,13.0132171,39,80.2351915,-114.0,11:57,0.0260000005364418
4G,0.221000000834465,Jio,13.0132256,39,80.2351966,-118.0,11:57,0.0260000005364418
4G,0.221000000834465,Jio,13.0132311,39,80.2351725,-118.0,11:57,0.0260000005364418
4G,0.221000000834465,Jio,13.0132145,39,80.2351623,-117.0,11:57,0.0260000005364418
4G,0.221000000834465,Jio,13.013197,39,80.2351483,-116.0,11:57,0.0260000005364418
4G,0.221000000834465,Jio,13.0132087,39,80.2351552,-114.0,11:57,0.0260000005364418
4G,0.221000000834465,Jio,13.0132087,39,80.2351552,-114.0,11:57,0.0260000005364418
4G,326.5459899902344,Airtel,13.0128125,9,80.23573,-104.0,11:56,4.9629998207092285
4G,336.7690124511719,Airtel,13.0130505,10,80.2357229,-104.0,11:57,6.995999813079834
4G,336.7690124511719,Airtel,13.0130889,10,80.2357266,-107.0,11:57,6.995999813079834
4G,336.7690124511719,Airtel,13.013106,10,80.2357202,-107.0,11:57,6.995999813079834
4G,336.7690124511719,Airtel,13.0131198,10,80.2357061,-107.0,11:57,6.995999813079834
4G,0.0,Jio,13.0132087,33,80.2351552,-116.0,11:57,0.0
4G,0.1420000046491623,Jio,13.0132049,33,80.2351673,-119.0,11:58,0.0320000015199184
4G,0.1420000046491623,Jio,13.0132076,33,80.2351661,-118.0,11:58,0.0320000015199184
4G,0.1420000046491623,Jio,13.0132064,33,80.2351564,-117.0,11:58,0.0320000015199184
4G,0.1420000046491623,Jio,13.0132064,33,80.2351564,-118.0,11:58,0.0320000015199184
4G,0.1420000046491623,Jio,13.0131944,33,80.2351512,-118.0,11:58,0.0320000015199184
4G,0.1420000046491623,Jio,13.0132092,33,80.2351408,-118.0,11:58,0.0320000015199184
4G,0.1420000046491623,Jio,13.0132252,33,80.2351447,-118.0,11:58,0.0320000015199184
4G,0.1420000046491623,Jio,13.0132174,33,80.235123,-117.0,11:58,0.0320000015199184
4G,0.1420000046491623,Jio,13.0132242,33,80.2350965,-118.0,11:58,0.0320000015199184
4G,0.1420000046491623,Jio,13.0132317,33,80.2351102,-118.0,11:58,0.0320000015199184
5G,264.8689880371094,Airtel,13.0131198,11,80.2357061,-107.0,11:57,12.137999534606934
4G,264.8689880371094,Airtel,13.0131626,11,80.2352129,-107.0,11:58,12.137999534606934
4G,264.8689880371094,Airtel,13.0132167,11,80.2351553,-100.0,11:58,12.137999534606934
4G,264.8689880371094,Airtel,13.0132046,11,80.2351435,-100.0,11:58,12.137999534606934
4G,264.8689880371094,Airtel,13.0132004,11,80.235148,-100.0,11:58,12.137999534606934
4G,264.8689880371094,Airtel,13.0131969,11,80.2351695,-101.0,11:59,12.137999534606934
4G,264.8689880371094,Airtel,13.0132156,11,80.2351902,-101.0,11:59,12.137999534606934
4G,264.8689880371094,Airtel,13.0132256,11,80.235192,-101.0,11:59,12.137999534606934
4G,280.8999938964844,Airtel,13.0134883,8,80.2359533,-99.0,11:58,5.543000221252441
4G,280.8999938964844,Airtel,13.0134883,8,80.2359533,-103.0,11:58,5.543000221252441
4G,280.8999938964844,Airtel,13.0134883,8,80.2359533,-103.0,11:58,5.543000221252441
4G,280.8999938964844,Airtel,13.0134883,8,80.2359533,-111.0,11:58,5.543000221252441
4G,280.8999938964844,Airtel,13.0134883,8,80.2359533,-111.0,11:58,5.543000221252441
4G,280.8999938964844,Airtel,13.0134883,8,80.2359533,-109.0,11:58,5.543000221252441
4G,280.8999938964844,Airtel,13.0134883,8,80.2359533,-102.0,11:58,5.543000221252441
4G,280.8999938964844,Airtel,13.0134883,8,80.2359533,-102.0,11:58,5.543000221252441
4G,280.8999938964844,Airtel,13.0134883,8,80.2359533,-102.0,11:58,5.543000221252441
4G,280.8999938964844,Airtel,13.0134883,8,80.2359533,-102.0,11:58,5.543000221252441
4G,280.8999938964844,Airtel,13.0134883,8,80.2359533,-102.0,11:58,5.543000221252441
4G,280.8999938964844,Airtel,13.0134883,8,80.2359533,-102.0,11:58,5.543000221252441
4G,280.8999938964844,Airtel,13.0134883,8,80.2359533,-102.0,11:58,5.543000221252441
4G,280.8999938964844,Airtel,13.0134905,8,80.2359532,-113.0,11:59,5.543000221252441
4G,280.8999938964844,Airtel,13.0134924,8,80.2359519,-113.0,11:59,5.543000221252441
4G,280.8999938964844,Airtel,13.0135022,8,80.2360372,-116.0,11:59,5.543000221252441
4G,280.8999938964844,Airtel,13.0135049,8,80.2360432,-116.0,11:59,5.543000221252441
4G,280.8999938964844,Airtel,13.0135084,8,80.236047,-116.0,11:59,5.543000221252441
4G,264.8689880371094,Airtel,13.0132352,11,80.2351983,-101.0,11:59,12.137999534606934
4G,264.8689880371094,Airtel,13.0132509,11,80.235201,-101.0,11:59,12.137999534606934
4G,264.8689880371094,Airtel,13.0132677,11,80.2352091,-101.0,11:59,12.137999534606934
4G,264.8689880371094,Airtel,13.0132709,11,80.2351973,-101.0,11:59,12.137999534606934
4G,264.8689880371094,Airtel,13.0132707,11,80.2351848,-101.0,11:59,12.137999534606934
4G,264.8689880371094,Airtel,13.0132603,11,80.2351801,-101.0,11:59,12.137999534606934
4G,264.8689880371094,Airtel,13.0132558,11,80.235174,-101.0,11:59,12.137999534606934
4G,264.8689880371094,Airtel,13.0132383,11,80.2351652,-104.0,11:59,12.137999534606934
4G,264.8689880371094,Airtel,13.0132403,11,80.2351786,-104.0,11:59,12.137999534606934
4G,264.8689880371094,Airtel,13.0132407,11,80.2351848,-104.0,11:59,12.137999534606934
4G,264.8689880371094,Airtel,13.0132398,11,80.2351889,-104.0,11:59,12.137999534606934
4G,264.8689880371094,Airtel,13.0132159,11,80.2351705,-104.0,11:59,12.137999534606934
4G,264.8689880371094,Airtel,13.013214,11,80.2351507,-112.0,11:59,12.137999534606934
4G,264.8689880371094,Airtel,13.0132023,11,80.2351485,-112.0,11:59,12.137999534606934
4G,264.8689880371094,Airtel,13.0132017,11,80.2351468,-112.0,11:59,12.137999534606934
4G,264.8689880371094,Airtel,13.0131949,11,80.2351458,-112.0,11:59,12.137999534606934
4G,264.8689880371094,Airtel,13.0132007,11,80.2351446,-112.0,11:59,12.137999534606934
4G,264.8689880371094,Airtel,13.0132111,11,80.2351446,-112.0,11:59,12.137999534606934
4G,264.8689880371094,Airtel,13.0132014,11,80.2351381,-112.0,11:59,12.137999534606934
4G,0.101000003516674,Jio,13.0132199,38,80.2351348,-122.0,11:59,0.0189999993890523
4G,0.101000003516674,Jio,13.013223,38,80.2351372,-122.0,12:00,0.0189999993890523
4G,0.101000003516674,Jio,13.0132315,38,80.2351447,-122.0,12:00,0.0189999993890523
4G,0.101000003516674,Jio,13.0132432,38,80.2351477,-118.0,12:00,0.0189999993890523
4G,0.101000003516674,Jio,13.0132361,38,80.2351313,-118.0,12:00,0.0189999993890523
4G,0.101000003516674,Jio,13.0132361,38,80.2351313,-120.0,12:00,0.0189999993890523
4G,0.101000003516674,Jio,13.0132265,38,80.2351178,-120.0,12:00,0.0189999993890523
4G,0.101000003516674,Jio,13.0132396,38,80.2351174,-123.0,12:00,0.0189999993890523
4G,0.101000003516674,Jio,13.0132709,38,80.2351022,-120.0,12:00,0.0189999993890523
4G,0.101000003516674,Jio,13.0132497,38,80.2351038,-116.0,12:00,0.0189999993890523
4G,0.101000003516674,Jio,13.013232,38,80.235096,-117.0,12:00,0.0189999993890523
4G,0.101000003516674,Jio,13.0132272,38,80.2350853,-117.0,12:00,0.0189999993890523
4G,0.101000003516674,Jio,13.0132382,38,80.235078,-117.0,12:00,0.0189999993890523
5G,318.8559875488281,Airtel,13.0131965,11,80.2351373,-105.0,12:00,7.528999805450439
4G,318.8559875488281,Airtel,13.0131822,11,80.2351784,-101.0,12:00,7.528999805450439
4G,318.8559875488281,Airtel,13.0131746,11,80.2351847,-101.0,12:00,7.528999805450439
4G,318.8559875488281,Airtel,13.01318,11,80.2351735,-101.0,12:00,7.528999805450439
4G,318.8559875488281,Airtel,13.0131812,11,80.2351862,-101.0,12:00,7.528999805450439
4G,318.8559875488281,Airtel,13.0131785,11,80.2351797,-101.0,12:00,7.528999805450439
4G,318.8559875488281,Airtel,13.0131964,11,80.2351516,-102.0,12:00,7.528999805450439
4G,318.8559875488281,Airtel,13.0132012,11,80.235165,-102.0,12:01,7.528999805450439
4G,318.8559875488281,Airtel,13.0132021,11,80.235167,-102.0,12:01,7.528999805450439
4G,318.8559875488281,Airtel,13.013199,11,80.2351721,-102.0,12:01,7.528999805450439
4G,318.8559875488281,Airtel,13.0131863,11,80.235187,-102.0,12:01,7.528999805450439
4G,318.8559875488281,Airtel,13.013189,11,80.2351644,-102.0,12:01,7.528999805450439
4G,318.8559875488281,Airtel,13.013189,11,80.2351644,-102.0,12:01,7.528999805450439
4G,318.8559875488281,Airtel,13.0131851,11,80.2351662,-102.0,12:01,7.528999805450439
4G,16.56399917602539,Airtel,13.0134583,20,80.2361,-113.0,12:01,0.1430000066757202
4G,16.56399917602539,Airtel,13.0134767,20,80.2360983,-109.0,12:01,0.1430000066757202
4G,16.56399917602539,Airtel,13.0134767,20,80.2360983,-108.0,12:01,0.1430000066757202
4G,16.56399917602539,Airtel,13.013475,20,80.2361091,-105.0,12:01,0.1430000066757202
4G,16.56399917602539,Airtel,13.013475,20,80.2361091,-106.0,12:01,0.1430000066757202
4G,16.56399917602539,Airtel,13.013475,20,80.2361091,-106.0,12:01,0.1430000066757202
4G,16.56399917602539,Airtel,13.0134185,20,80.2361314,-105.0,12:01,0.1430000066757202
4G,16.56399917602539,Airtel,13.0134133,20,80.2361333,-106.0,12:01,0.1430000066757202
4G,16.56399917602539,Airtel,13.0134133,20,80.2361333,-107.0,12:01,0.1430000066757202
4G,16.56399917602539,Airtel,13.0134133,20,80.2361333,-105.0,12:01,0.1430000066757202
4G,16.56399917602539,Airtel,13.0134266,20,80.23613,-105.0,12:01,0.1430000066757202
4G,16.56399917602539,Airtel,13.0134266,20,80.23613,-105.0,12:01,0.1430000066757202
4G,16.56399917602539,Airtel,13.0134367,20,80.2361283,-116.0,12:01,0.1430000066757202
4G,16.56399917602539,Airtel,13.0134367,20,80.2361283,-116.0,12:01,0.1430000066757202
4G,16.56399917602539,Airtel,13.0134624,20,80.2361001,-44.0,12:01,0.1430000066757202
4G,16.56399917602539,Airtel,13.013461,20,80.2360956,-44.0,12:01,0.1430000066757202
4G,16.56399917602539,Airtel,13.0134549,20,80.2360869,-44.0,12:01,0.1430000066757202
4G,16.56399917602539,Airtel,13.0134549,20,80.2360869,-44.0,12:01,0.1430000066757202
4G,16.56399917602539,Airtel,13.0134501,20,80.2360882,-110.0,12:01,0.1430000066757202
4G,16.56399917602539,Airtel,13.0134456,20,80.2360917,-110.0,12:01,0.1430000066757202
4G,0.0,Airtel,13.0131847,0,80.2351685,-102.0,12:01,0.0
4G,0.0,Airtel,13.0131789,9,80.2351895,-102.0,12:01,0.0
4G,0.0,Airtel,13.013207,9,80.2352411,-102.0,12:01,0.0
4G,0.0,Airtel,13.0132262,9,80.2352338,-102.0,12:01,0.0
4G,0.0,Airtel,13.0132584,9,80.2352153,-102.0,12:01,0.0
4G,294.181,Airtel,13.0132597,9,80.2351978,-103.0,12:01,0.0
4G,294.181,Airtel,13.0132612,9,80.2351867,-103.0,12:01,0.0
4G,294.181,Airtel,13.0132612,9,80.2351867,-103.0,12:01,0.0
4G,294.181,Airtel,13.0132619,9,80.2351843,-103.0,12:01,0.0
4G,294.181,Airtel,13.0132567,9,80.2351849,-104.0,12:01,0.0
4G,294.1809997558594,Airtel,13.0132515,9,80.2351892,-104.0,12:01,5.547999858856201
4G,0.0,Airtel,13.0132419,0,80.2351812,-44.0,12:01,0.0
4G,0.0,Airtel,13.0132575,0,80.2351648,-44.0,12:01,0.0
4G,0.0,Airtel,13.0132408,9,80.235155,-44.0,12:01,0.0
4G,0.0,Airtel,13.0132254,9,80.2351207,-108.0,12:02,0.0
4G,0.0,Airtel,13.0132107,9,80.2351129,-108.0,12:02,0.0
4G,305.911,Airtel,13.0132104,9,80.2351073,-102.0,12:02,0.0
4G,305.911,Airtel,13.0132104,9,80.2351073,-102.0,12:02,0.0
4G,305.911,Airtel,13.0131801,9,80.2350961,-106.0,12:02,0.0
4G,305.911,Airtel,13.0131801,9,80.2350961,-106.0,12:02,0.0
4G,305.9110107421875,Airtel,13.0131614,9,80.2350801,-106.0,12:02,7.947999954223633
4G,305.9110107421875,Airtel,13.013158,9,80.2350784,-106.0,12:02,7.947999954223633
4G,305.9110107421875,Airtel,13.0131565,9,80.2350765,-106.0,12:02,7.947999954223633
4G,305.9110107421875,Airtel,13.0131535,9,80.2350712,-106.0,12:02,7.947999954223633
4G,305.9110107421875,Airtel,13.0131525,9,80.2350698,-106.0,12:02,7.947999954223633
4G,305.9110107421875,Airtel,13.0131495,9,80.2350657,-106.0,12:02,7.947999954223633
4G,305.9110107421875,Airtel,13.0131475,9,80.2350641,-106.0,12:02,7.947999954223633
4G,0.0,Airtel,13.011831,0,80.2388597,-89.0,12:08,0.0
4G,308.77099609375,Airtel,13.0114295,8,80.2363793,-93.0,12:09,3.45199990272522
4G,308.77099609375,Airtel,13.01143,8,80.2363781,-108.0,12:09,3.45199990272522
4G,308.77099609375,Airtel,13.0114252,8,80.2363739,-108.0,12:09,3.45199990272522
4G,308.77099609375,Airtel,13.0114248,8,80.2363734,-108.0,12:09,3.45199990272522
4G,308.77099609375,Airtel,13.0114263,8,80.2363691,-108.0,12:09,3.45199990272522
4G,308.77099609375,Airtel,13.0114268,8,80.236346,-108.0,12:09,3.45199990272522
4G,308.77099609375,Airtel,13.0114174,8,80.2363373,-108.0,12:09,3.45199990272522
4G,308.77099609375,Airtel,13.0114088,8,80.2363463,-108.0,12:09,3.45199990272522
4G,308.77099609375,Airtel,13.0114023,8,80.2363547,-108.0,12:09,3.45199990272522
4G,308.77099609375,Airtel,13.0114146,8,80.236364,-104.0,12:09,3.45199990272522
4G,308.77099609375,Airtel,13.0114204,8,80.2363573,-104.0,12:09,3.45199990272522
4G,308.77099609375,Airtel,13.0114219,8,80.2363531,-104.0,12:09,3.45199990272522
4G,0.3899999856948852,Jio,13.0114973,28,80.2363056,-103.0,12:10,0.0189999993890523
4G,0.3899999856948852,Jio,13.0114967,28,80.2363061,-103.0,12:10,0.0189999993890523
4G,0.3899999856948852,Jio,13.0114823,28,80.2362953,-91.0,12:10,0.0189999993890523
4G,0.3899999856948852,Jio,13.0114823,28,80.2363041,-91.0,12:10,0.0189999993890523
4G,0.3899999856948852,Jio,13.0114823,28,80.2363041,-110.0,12:10,0.0189999993890523
4G,0.3899999856948852,Jio,13.0114823,28,80.236297,-112.0,12:10,0.0189999993890523
4G,0.3899999856948852,Jio,13.0115004,28,80.2362994,-112.0,12:10,0.0189999993890523
4G,0.3899999856948852,Jio,13.0115004,28,80.2362994,-111.0,12:10,0.0189999993890523
4G,0.3899999856948852,Jio,13.011525,28,80.2363065,-109.0,12:10,0.0189999993890523
4G,0.3899999856948852,Jio,13.0115307,28,80.2362987,-110.0,12:10,0.0189999993890523
4G,308.77099609375,Airtel,13.011385,8,80.23635,-104.0,12:10,3.45199990272522
4G,308.77099609375,Airtel,13.011385,8,80.23635,-101.0,12:10,3.45199990272522
4G,308.77099609375,Airtel,13.011385,8,80.23635,-44.0,12:10,3.45199990272522
4G,308.77099609375,Airtel,13.0113845,8,80.2363487,-103.0,12:10,3.45199990272522
4G,308.77099609375,Airtel,13.0113892,8,80.2363316,-103.0,12:10,3.45199990272522
4G,308.77099609375,Airtel,13.0113808,8,80.236287,-102.0,12:10,3.45199990272522
4G,308.77099609375,Airtel,13.0113786,8,80.2362765,-102.0,12:10,3.45199990272522
4G,76.85900115966797,Airtel,13.0114317,14,80.2362533,-91.0,12:10,2.0360000133514404
4G,76.85900115966797,Airtel,13.0115662,14,80.2365073,-91.0,12:10,2.0360000133514404
4G,76.85900115966797,Airtel,13.0115452,14,80.2365132,-106.0,12:10,2.0360000133514404
4G,76.85900115966797,Airtel,13.0115449,14,80.2365129,-106.0,12:10,2.0360000133514404
4G,76.85900115966797,Airtel,13.011545,14,80.236484,-106.0,12:10,2.0360000133514404
4G,76.85900115966797,Airtel,13.0115434,14,80.2364917,-44.0,12:10,2.0360000133514404
4G,76.85900115966797,Airtel,13.0115471,14,80.236484,-44.0,12:10,2.0360000133514404
4G,76.85900115966797,Airtel,13.0115524,14,80.2364823,-44.0,12:10,2.0360000133514404
4G,76.85900115966797,Airtel,13.0115761,14,80.2364916,-44.0,12:10,2.0360000133514404
4G,76.85900115966797,Airtel,13.011584,14,80.2364947,-44.0,12:10,2.0360000133514404
4G,76.85900115966797,Airtel,13.0116024,14,80.2364905,-44.0,12:10,2.0360000133514404
4G,76.85900115966797,Airtel,13.0116012,14,80.236482,-44.0,12:10,2.0360000133514404
4G,76.85900115966797,Airtel,13.0115932,14,80.2364782,-44.0,12:10,2.0360000133514404
4G,76.85900115966797,Airtel,13.0115815,14,80.2364818,-44.0,12:10,2.0360000133514404
4G,76.85900115966797,Airtel,13.0115761,14,80.2364846,-44.0,12:10,2.0360000133514404
4G,76.85900115966797,Airtel,13.0115467,14,80.2364927,-104.0,12:10,2.0360000133514404
4G,76.85900115966797,Airtel,13.0115368,14,80.2364929,-104.0,12:11,2.0360000133514404
4G,76.85900115966797,Airtel,13.0115124,14,80.2364885,-105.0,12:11,2.0360000133514404
4G,308.77099609375,Airtel,13.0113805,8,80.2362609,-102.0,12:10,3.45199990272522
4G,0.0,Airtel,13.0113835,0,80.2362468,-102.0,12:10,0.0
4G,259.5690002441406,Airtel,13.0114593,9,80.2362718,-102.0,12:11,4.501999855041504
4G,259.5690002441406,Airtel,13.0114654,9,80.2362877,-102.0,12:11,4.501999855041504
4G,259.5690002441406,Airtel,13.0114796,9,80.2362931,-102.0,12:11,4.501999855041504
4G,259.5690002441406,Airtel,13.0115035,9,80.2362915,-102.0,12:11,4.501999855041504
4G,259.5690002441406,Airtel,13.0115119,9,80.2362837,-102.0,12:11,4.501999855041504
4G,259.5690002441406,Airtel,13.01153,9,80.2362814,-102.0,12:11,4.501999855041504
4G,259.5690002441406,Airtel,13.0115494,9,80.2362807,-102.0,12:11,4.501999855041504
4G,259.5690002441406,Airtel,13.0115602,9,80.2362765,-102.0,12:11,4.501999855041504
4G,259.5690002441406,Airtel,13.0115744,9,80.236275,-102.0,12:11,4.501999855041504
4G,223.17999267578125,Airtel,13.0116642,13,80.2364902,-44.0,12:11,10.645999908447266
4G,223.17999267578125,Airtel,13.0116579,13,80.2364968,-105.0,12:11,10.645999908447266
4G,223.17999267578125,Airtel,13.0116558,13,80.2364963,-105.0,12:12,10.645999908447266
4G,223.17999267578125,Airtel,13.0116556,13,80.2364956,-105.0,12:12,10.645999908447266
4G,223.17999267578125,Airtel,13.01165,13,80.2364983,-102.0,12:12,10.645999908447266
4G,223.17999267578125,Airtel,13.01165,13,80.2364983,-107.0,12:12,10.645999908447266
4G,223.17999267578125,Airtel,13.01165,13,80.2364983,-108.0,12:12,10.645999908447266
4G,223.17999267578125,Airtel,13.01165,13,80.2364983,-107.0,12:12,10.645999908447266
4G,223.17999267578125,Airtel,13.01165,13,80.2364983,-108.0,12:12,10.645999908447266
4G,223.17999267578125,Airtel,13.01165,13,80.2364983,-108.0,12:12,10.645999908447266
4G,223.17999267578125,Airtel,13.01165,13,80.2364983,-108.0,12:12,10.645999908447266
4G,223.17999267578125,Airtel,13.01165,13,80.2364983,-108.0,12:12,10.645999908447266
4G,223.17999267578125,Airtel,13.01165,13,80.2364983,-110.0,12:12,10.645999908447266
4G,223.17999267578125,Airtel,13.01165,13,80.2364983,-110.0,12:12,10.645999908447266
4G,223.17999267578125,Airtel,13.0116485,13,80.2364974,-102.0,12:12,10.645999908447266
4G,223.17999267578125,Airtel,13.0116633,13,80.2365011,-102.0,12:12,10.645999908447266
4G,223.17999267578125,Airtel,13.0116936,13,80.2365388,-101.0,12:13,10.645999908447266
4G,223.17999267578125,Airtel,13.0116954,13,80.236538,-101.0,12:13,10.645999908447266
4G,199.9279937744141,Airtel,13.0115901,13,80.2363098,-102.0,12:14,7.005000114440918
4G,199.9279937744141,Airtel,13.01159,13,80.23631,-102.0,12:14,7.005000114440918
4G,199.9279937744141,Airtel,13.01159,13,80.23631,-102.0,12:14,7.005000114440918
4G,199.9279937744141,Airtel,13.0115901,13,80.2363101,-102.0,12:14,7.005000114440918
4G,199.9279937744141,Airtel,13.0115895,13,80.2363103,-102.0,12:14,7.005000114440918
4G,199.9279937744141,Airtel,13.0115877,13,80.2363122,-102.0,12:14,7.005000114440918
4G,199.9279937744141,Airtel,13.0116109,13,80.2363346,-102.0,12:14,7.005000114440918
4G,199.9279937744141,Airtel,13.0116084,13,80.2363272,-102.0,12:14,7.005000114440918
4G,199.9279937744141,Airtel,13.0115926,13,80.2363466,-102.0,12:14,7.005000114440918
4G,0.3899999856948852,Jio,13.0115307,28,80.2362987,-112.0,12:10,0.0189999993890523
4G,0.0,Jio,13.0115307,0,80.2362987,-113.0,12:10,0.0
4G,0.0,Jio,13.0115391,29,80.2363201,-110.0,12:11,0.0
4G,0.0,Jio,13.0115426,29,80.2363095,-91.0,12:11,0.0
4G,0.0,Jio,13.0115426,29,80.2363095,-92.0,12:11,0.0
4G,0.0,Jio,13.0115499,29,80.236316,-94.0,12:11,0.0
4G,0.0,Jio,13.011552,29,80.2363127,-94.0,12:12,0.0
4G,0.0,Jio,13.0115725,29,80.236326,-92.0,12:12,0.0
4G,0.0,Jio,13.0115762,29,80.2363305,-95.0,12:12,0.0
4G,0.0,Jio,13.0115789,29,80.2363259,-91.0,12:12,0.0
4G,0.0,Jio,13.0115789,29,80.2363259,-91.0,12:12,0.0
4G,0.0,Jio,13.0115875,29,80.2363225,-90.0,12:12,0.0
4G,0.0,Jio,13.0115936,29,80.2363401,-96.0,12:12,0.0
4G,0.0,Jio,13.0115991,29,80.2363389,-95.0,12:12,0.0
4G,0.4560000002384186,Jio,13.0115968,51,80.236322,-95.0,12:14,0.006000000052154
4G,0.4560000002384186,Jio,13.0116046,51,80.2363251,-94.0,12:14,0.006000000052154
4G,0.4560000002384186,Jio,13.0116055,51,80.2363145,-90.0,12:14,0.006000000052154
4G,0.4560000002384186,Jio,13.0116043,51,80.2363181,-92.0,12:14,0.006000000052154
4G,0.4560000002384186,Jio,13.0115787,51,80.2363286,-89.0,12:14,0.006000000052154
4G,0.4560000002384186,Jio,13.0115725,51,80.2363382,-90.0,12:14,0.006000000052154
4G,0.4560000002384186,Jio,13.0115872,51,80.2363821,-91.0,12:14,0.006000000052154
4G,0.4560000002384186,Jio,13.0115824,51,80.2363824,-90.0,12:14,0.006000000052154
4G,0.4560000002384186,Jio,13.0115793,51,80.2363867,-89.0,12:14,0.006000000052154
4G,236.3699951171875,Airtel,13.0116783,15,80.2365267,-105.0,12:13,11.277999877929688
4G,236.3699951171875,Airtel,13.0116783,15,80.2365267,-106.0,12:14,11.277999877929688
4G,236.3699951171875,Airtel,13.0116783,15,80.2365267,-106.0,12:14,11.277999877929688
4G,236.3699951171875,Airtel,13.0116783,15,80.2365267,-106.0,12:14,11.277999877929688
4G,236.3699951171875,Airtel,13.0116783,15,80.2365267,-106.0,12:14,11.277999877929688
4G,236.3699951171875,Airtel,13.0116783,15,80.2365267,-44.0,12:14,11.277999877929688
4G,236.3699951171875,Airtel,13.0116783,15,80.2365267,-105.0,12:14,11.277999877929688
4G,236.3699951171875,Airtel,13.0116783,15,80.2365267,-105.0,12:14,11.277999877929688
4G,236.3699951171875,Airtel,13.0116783,15,80.2365267,-105.0,12:14,11.277999877929688
4G,236.3699951171875,Airtel,13.0116783,15,80.2365267,-105.0,12:14,11.277999877929688
4G,236.3699951171875,Airtel,13.0116783,15,80.2365267,-105.0,12:14,11.277999877929688
4G,236.3699951171875,Airtel,13.0116395,15,80.2365312,-105.0,12:14,11.277999877929688
4G,236.3699951171875,Airtel,13.01167,15,80.2365269,-103.0,12:14,11.277999877929688
4G,236.3699951171875,Airtel,13.0116697,15,80.2365285,-103.0,12:14,11.277999877929688
4G,236.3699951171875,Airtel,13.0116618,15,80.2365338,-103.0,12:14,11.277999877929688
4G,236.3699951171875,Airtel,13.0116629,15,80.2365282,-99.0,12:14,11.277999877929688
4G,236.3699951171875,Airtel,13.0116181,15,80.2365159,-99.0,12:15,11.277999877929688
4G,236.3699951171875,Airtel,13.0116058,15,80.2365062,-99.0,12:15,11.277999877929688
4G,199.9279937744141,Airtel,13.0115873,13,80.2363581,-102.0,12:14,7.005000114440918
4G,199.9279937744141,Airtel,13.0115792,13,80.2363743,-102.0,12:14,7.005000114440918
4G,199.9279937744141,Airtel,13.0115779,13,80.2363999,-102.0,12:14,7.005000114440918
4G,199.9279937744141,Airtel,13.0115684,13,80.2364167,-104.0,12:14,7.005000114440918
4G,199.9279937744141,Airtel,13.0115738,13,80.2364201,-104.0,12:14,7.005000114440918
4G,227.26400756835935,Airtel,13.0115833,14,80.2364233,-104.0,12:15,10.04699993133545
4G,227.26400756835935,Airtel,13.0115833,14,80.2364233,-104.0,12:15,10.04699993133545
4G,227.26400756835935,Airtel,13.0115253,14,80.2364264,-104.0,12:15,10.04699993133545
4G,227.26400756835935,Airtel,13.0115253,14,80.2364264,-104.0,12:15,10.04699993133545
4G,227.26400756835935,Airtel,13.011536,14,80.2364271,-104.0,12:15,10.04699993133545
4G,227.26400756835935,Airtel,13.0115273,14,80.2364264,-104.0,12:15,10.04699993133545
4G,227.26400756835935,Airtel,13.0115111,14,80.2364117,-103.0,12:15,10.04699993133545
4G,227.26400756835935,Airtel,13.0114866,14,80.2364036,-103.0,12:15,10.04699993133545
4G,227.26400756835935,Airtel,13.0114759,14,80.2364111,-103.0,12:15,10.04699993133545
4G,227.26400756835935,Airtel,13.0114792,14,80.2364173,-103.0,12:15,10.04699993133545
4G,227.26400756835935,Airtel,13.0114792,14,80.2364173,-103.0,12:15,10.04699993133545
4G,227.26400756835935,Airtel,13.0114858,14,80.236427,-103.0,12:15,10.04699993133545
4G,227.26400756835935,Airtel,13.0114951,14,80.23643,-103.0,12:15,10.04699993133545
4G,227.26400756835935,Airtel,13.0115019,14,80.2364221,-102.0,12:16,10.04699993133545
4G,227.26400756835935,Airtel,13.0115221,14,80.236431,-102.0,12:16,10.04699993133545
4G,227.26400756835935,Airtel,13.0115281,14,80.2364225,-102.0,12:16,10.04699993133545
4G,227.26400756835935,Airtel,13.0115376,14,80.2364236,-99.0,12:16,10.04699993133545
4G,227.26400756835935,Airtel,13.0115379,14,80.2364256,-99.0,12:16,10.04699993133545
4G,227.26400756835935,Airtel,13.0115408,14,80.23643,-99.0,12:16,10.04699993133545
4G,227.26400756835935,Airtel,13.0115436,14,80.2364321,-99.0,12:16,10.04699993133545
4G,227.26400756835935,Airtel,13.0115436,14,80.2364321,-99.0,12:16,10.04699993133545
4G,227.26400756835935,Airtel,13.0115687,14,80.2364292,-99.0,12:16,10.04699993133545
4G,227.26400756835935,Airtel,13.0115825,14,80.2364171,-99.0,12:16,10.04699993133545
4G,227.26400756835935,Airtel,13.0115884,14,80.2363898,-44.0,12:16,10.04699993133545
4G,227.26400756835935,Airtel,13.0115849,14,80.236384,-44.0,12:16,10.04699993133545
4G,227.26400756835935,Airtel,13.0116047,14,80.2363697,-44.0,12:16,10.04699993133545
4G,227.26400756835935,Airtel,13.0116047,14,80.2363697,-44.0,12:16,10.04699993133545
4G,227.26400756835935,Airtel,13.0115868,14,80.2363623,-44.0,12:16,10.04699993133545
4G,227.26400756835935,Airtel,13.0115744,14,80.2363663,-44.0,12:16,10.04699993133545
4G,227.26400756835935,Airtel,13.0115656,14,80.236365,-44.0,12:16,10.04699993133545
4G,227.26400756835935,Airtel,13.0115541,14,80.2363411,-44.0,12:16,10.04699993133545
4G,227.26400756835935,Airtel,13.0115516,14,80.2363402,-44.0,12:16,10.04699993133545
4G,227.26400756835935,Airtel,13.0115516,14,80.2363402,-44.0,12:16,10.04699993133545
4G,224.72900390625,Airtel,13.0114923,14,80.2364356,-99.0,12:16,13.359000205993652
4G,224.72900390625,Airtel,13.0114988,14,80.2364424,-99.0,12:16,13.359000205993652
4G,224.72900390625,Airtel,13.011519,14,80.2364576,-99.0,12:16,13.359000205993652
4G,224.72900390625,Airtel,13.0115318,14,80.2364615,-99.0,12:16,13.359000205993652
4G,224.72900390625,Airtel,13.0115569,14,80.2364732,-99.0,12:16,13.359000205993652
4G,224.72900390625,Airtel,13.0115569,14,80.2364732,-99.0,12:16,13.359000205993652
4G,224.72900390625,Airtel,13.0115588,14,80.2364698,-99.0,12:16,13.359000205993652
4G,224.72900390625,Airtel,13.0115443,14,80.2364705,-106.0,12:16,13.359000205993652
4G,224.72900390625,Airtel,13.0115248,14,80.2364752,-106.0,12:16,13.359000205993652
4G,224.72900390625,Airtel,13.0115127,14,80.2364951,-106.0,12:16,13.359000205993652
4G,224.72900390625,Airtel,13.0115166,14,80.2365022,-106.0,12:16,13.359000205993652
4G,224.72900390625,Airtel,13.0115273,14,80.2365035,-106.0,12:16,13.359000205993652
4G,224.72900390625,Airtel,13.0115387,14,80.2365051,-106.0,12:16,13.359000205993652
4G,224.72900390625,Airtel,13.0115435,14,80.2365052,-106.0,12:16,13.359000205993652
4G,224.72900390625,Airtel,13.0115438,14,80.2364996,-106.0,12:16,13.359000205993652
4G,224.72900390625,Airtel,13.0115292,14,80.2365023,-44.0,12:16,13.359000205993652
4G,224.72900390625,Airtel,13.0115293,14,80.2365028,-44.0,12:16,13.359000205993652
4G,224.72900390625,Airtel,13.0115363,14,80.2365106,-44.0,12:16,13.359000205993652
4G,0.009,Jio,13.0115832,47,80.2364097,-115.0,12:16,0.0
4G,0.009,Jio,13.0115832,47,80.2364097,-114.0,12:16,0.0
4G,0.009,Jio,13.0115872,47,80.2364035,-114.0,12:16,0.0
4G,0.009,Jio,13.0115872,47,80.2364035,-113.0,12:16,0.0
4G,0.009,Jio,13.0115872,47,80.2364035,-113.0,12:16,0.0
4G,0.009,Jio,13.0115872,47,80.2364035,-113.0,12:16,0.0
4G,0.009,Jio,13.0115872,47,80.2364035,-112.0,12:16,0.0
4G,0.009,Jio,13.0115997,47,80.2364025,-110.0,12:16,0.0
4G,0.009,Jio,13.0116013,47,80.2364081,-110.0,12:16,0.0
4G,0.009,Jio,13.0116034,47,80.2364114,-108.0,12:16,0.0
4G,0.009,Jio,13.0116103,47,80.2364335,-84.0,12:16,0.0
4G,0.009,Jio,13.0116103,47,80.2364335,-108.0,12:16,0.0
4G,190.1660003662109,Airtel,13.0114491,14,80.2361694,-44.0,12:18,11.291000366210938
4G,190.1660003662109,Airtel,13.0114511,14,80.2361606,-44.0,12:18,11.291000366210938
4G,190.1660003662109,Airtel,13.0114613,14,80.2361466,-44.0,12:18,11.291000366210938
4G,190.1660003662109,Airtel,13.0114587,14,80.2361286,-44.0,12:18,11.291000366210938
4G,190.1660003662109,Airtel,13.0114561,14,80.2361075,-44.0,12:18,11.291000366210938
4G,190.1660003662109,Airtel,13.0114554,14,80.2360888,-44.0,12:18,11.291000366210938
4G,190.1660003662109,Airtel,13.0114605,14,80.2360785,-44.0,12:18,11.291000366210938
4G,190.1660003662109,Airtel,13.0114622,14,80.2360544,-44.0,12:18,11.291000366210938
4G,190.1660003662109,Airtel,13.0114604,14,80.2360465,-44.0,12:18,11.291000366210938
4G,190.1660003662109,Airtel,13.0114585,14,80.2360266,-44.0,12:18,11.291000366210938
4G,190.1660003662109,Airtel,13.0114897,14,80.2359248,-104.0,12:18,11.291000366210938
4G,190.1660003662109,Airtel,13.0114874,14,80.2359169,-104.0,12:18,11.291000366210938
4G,190.1660003662109,Airtel,13.0114942,14,80.2358836,-104.0,12:18,11.291000366210938
4G,190.1660003662109,Airtel,13.0114971,14,80.235841,-105.0,12:18,11.291000366210938
4G,190.1660003662109,Airtel,13.0114975,14,80.23583,-105.0,12:18,11.291000366210938
4G,190.1660003662109,Airtel,13.0114992,14,80.2358137,-105.0,12:18,11.291000366210938
4G,190.1660003662109,Airtel,13.0115006,14,80.2358013,-105.0,12:18,11.291000366210938
4G,190.1660003662109,Airtel,13.0115,14,80.2357759,-105.0,12:18,11.291000366210938
4G,190.1660003662109,Airtel,13.0114959,14,80.2357569,-105.0,12:19,11.291000366210938
4G,190.1660003662109,Airtel,13.0114887,14,80.2357562,-105.0,12:19,11.291000366210938
4G,190.1660003662109,Airtel,13.0114812,14,80.2357507,-105.0,12:19,11.291000366210938
4G,0.0010000000474974,Jio,13.0117077,29,80.2363594,-112.0,12:19,0.0189999993890523
4G,0.0010000000474974,Jio,13.0117068,29,80.2363577,-112.0,12:19,0.0189999993890523
4G,0.0010000000474974,Jio,13.0117002,29,80.2363535,-113.0,12:19,0.0189999993890523
4G,0.0010000000474974,Jio,13.0116922,29,80.2363376,-113.0,12:19,0.0189999993890523
4G,0.0010000000474974,Jio,13.0117066,29,80.2363372,-113.0,12:19,0.0189999993890523
4G,0.0010000000474974,Jio,13.0117195,29,80.236325,-113.0,12:19,0.0189999993890523
4G,0.0010000000474974,Jio,13.0117291,29,80.2363278,-113.0,12:19,0.0189999993890523
4G,0.0010000000474974,Jio,13.0117291,29,80.2363278,-115.0,12:19,0.0189999993890523
4G,0.0010000000474974,Jio,13.0117383,29,80.2363326,-115.0,12:19,0.0189999993890523
4G,0.0010000000474974,Jio,13.0117495,29,80.2363231,-115.0,12:19,0.0189999993890523
4G,0.0010000000474974,Jio,13.0117495,29,80.2363231,-115.0,12:19,0.0189999993890523
4G,0.0010000000474974,Jio,13.0117495,29,80.2363231,-115.0,12:19,0.0189999993890523
4G,0.0010000000474974,Jio,13.0117565,29,80.2363204,-115.0,12:19,0.0189999993890523
4G,0.0010000000474974,Jio,13.0117585,29,80.2363306,-114.0,12:19,0.0189999993890523
4G,0.0010000000474974,Jio,13.0117661,29,80.2363375,-114.0,12:19,0.0189999993890523
4G,0.0010000000474974,Jio,13.011777,29,80.2363265,-114.0,12:19,0.0189999993890523
4G,0.0010000000474974,Jio,13.011788,29,80.2363287,-110.0,12:19,0.0189999993890523
4G,0.0010000000474974,Jio,13.0117947,29,80.2363375,-112.0,12:19,0.0189999993890523
4G,0.0010000000474974,Jio,13.0117947,29,80.2363375,-107.0,12:19,0.0189999993890523
4G,295.1419982910156,Airtel,13.0115356,10,80.2359025,-105.0,12:19,5.013000011444092
4G,295.1419982910156,Airtel,13.011541,10,80.2359647,-104.0,12:19,5.013000011444092
4G,295.1419982910156,Airtel,13.0115445,10,80.235988,-44.0,12:19,5.013000011444092
4G,295.1419982910156,Airtel,13.0115457,10,80.2359982,-44.0,12:20,5.013000011444092
4G,295.1419982910156,Airtel,13.0115428,10,80.2359981,-44.0,12:20,5.013000011444092
4G,295.1419982910156,Airtel,13.0115484,10,80.2360055,-44.0,12:20,5.013000011444092
4G,295.1419982910156,Airtel,13.0115667,10,80.2360055,-104.0,12:20,5.013000011444092
4G,295.1419982910156,Airtel,13.0115813,10,80.2360155,-104.0,12:20,5.013000011444092
4G,295.1419982910156,Airtel,13.0115477,10,80.236059,-108.0,12:20,5.013000011444092
4G,295.1419982910156,Airtel,13.011541,10,80.2360671,-108.0,12:20,5.013000011444092
4G,295.1419982910156,Airtel,13.011523,10,80.2361116,-109.0,12:20,5.013000011444092
4G,295.1419982910156,Airtel,13.0115184,10,80.2361231,-109.0,12:20,5.013000011444092
4G,295.1419982910156,Airtel,13.0115165,10,80.2361314,-109.0,12:20,5.013000011444092
4G,295.1419982910156,Airtel,13.0114977,10,80.2361192,-100.0,12:20,5.013000011444092
4G,295.1419982910156,Airtel,13.0114524,10,80.2361402,-108.0,12:20,5.013000011444092
4G,295.1419982910156,Airtel,13.0114555,10,80.2361432,-108.0,12:20,5.013000011444092
4G,295.1419982910156,Airtel,13.0114493,10,80.2361433,-108.0,12:20,5.013000011444092
4G,295.1419982910156,Airtel,13.011447,10,80.2361949,-108.0,12:20,5.013000011444092
4G,295.1419982910156,Airtel,13.011447,10,80.2361949,-108.0,12:20,5.013000011444092
4G,0.0,Airtel,13.0133689,0,80.2366628,-109.0,17:41,0.0
4G,18.816999435424805,Airtel,13.0134077,35,80.2364671,-108.0,17:41,0.1369999945163726
4G,18.816999435424805,Airtel,13.0133973,35,80.2364685,-108.0,17:41,0.1369999945163726
4G,18.816999435424805,Airtel,13.0133868,35,80.2364777,-108.0,17:41,0.1369999945163726
4G,19.474,Airtel,13.013418,28,80.2367468,-110.0,17:42,0.0
4G,19.474,Airtel,13.0134214,28,80.2367412,-110.0,17:42,0.0
4G,19.474,Airtel,13.0134454,28,80.2367575,-44.0,17:42,0.0
4G,19.474000930786133,Airtel,13.0134567,28,80.2367636,-44.0,17:42,0.4699999988079071
4G,19.474000930786133,Airtel,13.0134711,28,80.2367616,-44.0,17:42,0.4699999988079071
4G,19.474000930786133,Airtel,13.0134789,28,80.2367625,-44.0,17:43,0.4699999988079071
4G,19.474000930786133,Airtel,13.0134965,28,80.2367653,-44.0,17:43,0.4699999988079071
4G,0.0,Airtel,13.013234,17,80.2364051,-109.0,17:41,0.0
4G,4.906000137329102,Airtel,13.0133765,18,80.2367326,-44.0,17:42,0.2479999959468841
4G,4.906000137329102,Airtel,13.0133864,18,80.2367426,-44.0,17:42,0.2479999959468841
4G,4.906000137329102,Airtel,13.013398,18,80.2367612,-44.0,17:42,0.2479999959468841
4G,4.906000137329102,Airtel,13.0134095,18,80.2367672,-44.0,17:42,0.2479999959468841
4G,4.906000137329102,Airtel,13.0134219,18,80.2367757,-44.0,17:42,0.2479999959468841
4G,4.906000137329102,Airtel,13.0134432,18,80.2367903,-44.0,17:42,0.2479999959468841
4G,4.906000137329102,Airtel,13.0134782,18,80.2367796,-44.0,17:42,0.2479999959468841
4G,4.906000137329102,Airtel,13.0134902,18,80.236783,-44.0,17:43,0.2479999959468841
4G,4.906000137329102,Airtel,13.0135157,18,80.2367868,-44.0,17:43,0.2479999959468841
4G,4.906000137329102,Airtel,13.0135255,18,80.2367821,-44.0,17:43,0.2479999959468841
4G,4.906000137329102,Airtel,13.0135356,18,80.2367817,-44.0,17:43,0.2479999959468841
4G,4.906000137329102,Airtel,13.0135851,18,80.2367845,-44.0,17:43,0.2479999959468841
4G,4.906000137329102,Airtel,13.0135885,18,80.2367845,-44.0,17:43,0.2479999959468841
4G,4.906000137329102,Airtel,13.0136113,18,80.2367843,-44.0,17:43,0.2479999959468841
4G,4.906000137329102,Airtel,13.0136188,18,80.2367852,-44.0,17:43,0.2479999959468841
4G,4.906000137329102,Airtel,13.0136519,18,80.236791,-105.0,17:43,0.2479999959468841
4G,4.906000137329102,Airtel,13.0136842,18,80.2368007,-105.0,17:43,0.2479999959468841
4G,4.906000137329102,Airtel,13.0136969,18,80.236802,-105.0,17:43,0.2479999959468841
4G,4.906000137329102,Airtel,13.0137158,18,80.2368095,-105.0,17:43,0.2479999959468841
4G,4.906000137329102,Airtel,13.0137191,18,80.2368067,-105.0,17:43,0.2479999959468841
4G,4.906000137329102,Airtel,13.0137297,18,80.2368075,-105.0,17:43,0.2479999959468841
4G,7.175000190734863,Airtel,13.0142158,18,80.2368845,-44.0,17:44,0.0260000005364418
4G,7.175000190734863,Airtel,13.0142265,18,80.236889,-44.0,17:44,0.0260000005364418
4G,7.175000190734863,Airtel,13.0142383,18,80.2368891,-44.0,17:44,0.0260000005364418
4G,7.175000190734863,Airtel,13.014251,18,80.23689,-44.0,17:44,0.0260000005364418
4G,7.175000190734863,Airtel,13.0142844,18,80.2368877,-44.0,17:44,0.0260000005364418
4G,7.175000190734863,Airtel,13.0142939,18,80.2368921,-44.0,17:44,0.0260000005364418
4G,7.175000190734863,Airtel,13.0143114,18,80.2368976,-44.0,17:44,0.0260000005364418
4G,0.45,Airtel,13.014542,64,80.2374891,-111.0,17:47,0.0
4G,0.45,Airtel,13.0145646,64,80.2375126,-111.0,17:47,0.0
4G,0.45,Airtel,13.014549,64,80.2376242,-112.0,17:47,0.0
4G,0.45,Airtel,13.0145264,64,80.2376552,-112.0,17:47,0.0
4G,0.45,Airtel,13.0145264,64,80.2376552,-102.0,17:47,0.0
4G,0.45,Airtel,13.0145198,64,80.237668,-102.0,17:47,0.0
4G,0.45,Airtel,13.014525,64,80.2376891,-102.0,17:47,0.0
4G,0.45,Airtel,13.0145034,64,80.2377091,-111.0,17:47,0.0
4G,0.45,Airtel,13.0144895,64,80.2377275,-111.0,17:47,0.0
4G,0.45,Airtel,13.0144838,64,80.2377504,-114.0,17:47,0.0
4G,0.45,Airtel,13.014475,64,80.2377654,-114.0,17:47,0.0
4G,0.45,Airtel,13.014463,64,80.2377768,-114.0,17:47,0.0
4G,0.691,Airtel,13.0143948,49,80.2383172,-108.0,17:48,0.0
4G,0.691,Airtel,13.014396,49,80.2383437,-108.0,17:48,0.0
4G,0.691,Airtel,13.014398,49,80.2383485,-98.0,17:48,0.0
4G,0.6909999847412109,Airtel,13.0143955,49,80.2383635,-98.0,17:48,0.1369999945163726
4G,0.6909999847412109,Airtel,13.0143944,49,80.2383842,-107.0,17:48,0.1369999945163726
4G,0.6909999847412109,Airtel,13.0143886,49,80.2383957,-107.0,17:48,0.1369999945163726
4G,0.6909999847412109,Airtel,13.0143803,49,80.2384131,-107.0,17:49,0.1369999945163726
4G,0.6909999847412109,Airtel,13.0143752,49,80.2384152,-103.0,17:49,0.1369999945163726
4G,0.6909999847412109,Airtel,13.0143662,49,80.2384272,-103.0,17:49,0.1369999945163726
4G,0.6909999847412109,Airtel,13.0143722,49,80.238439,-105.0,17:49,0.1369999945163726
4G,0.6909999847412109,Airtel,13.0143679,49,80.2384502,-105.0,17:49,0.1369999945163726
4G,0.6909999847412109,Airtel,13.0143672,49,80.2384685,-105.0,17:49,0.1369999945163726
4G,0.6909999847412109,Airtel,13.014371,49,80.2384814,-106.0,17:49,0.1369999945163726
4G,0.6909999847412109,Airtel,13.0143678,49,80.2384963,-106.0,17:49,0.1369999945163726
4G,0.6909999847412109,Airtel,13.0143738,49,80.2385093,-106.0,17:49,0.1369999945163726
4G,0.6909999847412109,Airtel,13.0143729,49,80.2385236,-106.0,17:49,0.1369999945163726
4G,0.6909999847412109,Airtel,13.0143707,49,80.238541,-106.0,17:49,0.1369999945163726
4G,0.6909999847412109,Airtel,13.0143657,49,80.2385491,-97.0,17:49,0.1369999945163726
4G,7.841000080108643,Airtel,13.0144574,30,80.2376126,-108.0,17:48,0.0649999976158142
4G,7.841000080108643,Airtel,13.0144518,30,80.2376253,-108.0,17:48,0.0649999976158142
4G,7.841000080108643,Airtel,13.0144361,30,80.2376721,-108.0,17:48,0.0649999976158142
2G,7.841000080108643,Airtel,13.0143778,30,80.2378776,-108.0,17:48,0.0649999976158142
2G,7.841000080108643,Airtel,13.0143957,30,80.2379557,-108.0,17:48,0.0649999976158142
4G,7.841000080108643,Airtel,13.0144055,30,80.2379817,-108.0,17:48,0.0649999976158142
4G,7.841000080108643,Airtel,13.0144219,30,80.2380249,-108.0,17:48,0.0649999976158142
4G,7.841000080108643,Airtel,13.0144344,30,80.2380492,-108.0,17:48,0.0649999976158142
4G,7.841000080108643,Airtel,13.0144363,30,80.2380659,-108.0,17:48,0.0649999976158142
4G,7.841000080108643,Airtel,13.0144366,30,80.2380981,-108.0,17:48,0.0649999976158142
4G,7.841000080108643,Airtel,13.0144424,30,80.2381226,-108.0,17:48,0.0649999976158142
4G,7.841000080108643,Airtel,13.0144358,30,80.2381638,-108.0,17:48,0.0649999976158142
4G,7.841000080108643,Airtel,13.014424,30,80.2382052,-108.0,17:48,0.0649999976158142
4G,7.841000080108643,Airtel,13.014423,30,80.238229,-108.0,17:48,0.0649999976158142
4G,7.841000080108643,Airtel,13.0144165,30,80.2382615,-108.0,17:48,0.0649999976158142
4G,7.841000080108643,Airtel,13.0144174,30,80.2382868,-108.0,17:48,0.0649999976158142
4G,7.841000080108643,Airtel,13.0144147,30,80.2383117,-108.0,17:48,0.0649999976158142
4G,7.841000080108643,Airtel,13.0144122,30,80.2383362,-108.0,17:48,0.0649999976158142
4G,7.841000080108643,Airtel,13.0144132,30,80.2383508,-108.0,17:48,0.0649999976158142
4G,7.841000080108643,Airtel,13.0144033,30,80.2383708,-108.0,17:48,0.0649999976158142
4G,7.841000080108643,Airtel,13.0144056,30,80.2383949,-108.0,17:48,0.0649999976158142
4G,7.841000080108643,Airtel,13.0144034,30,80.2384067,-108.0,17:49,0.0649999976158142
4G,7.841000080108643,Airtel,13.0143905,30,80.2384158,-108.0,17:49,0.0649999976158142
4G,7.841000080108643,Airtel,13.0143855,30,80.2384304,-108.0,17:49,0.0649999976158142
4G,7.841000080108643,Airtel,13.0143854,30,80.2384396,-108.0,17:49,0.0649999976158142
4G,7.841000080108643,Airtel,13.0143828,30,80.2384593,-108.0,17:49,0.0649999976158142
4G,7.841000080108643,Airtel,13.0143812,30,80.2384637,-108.0,17:49,0.0649999976158142
4G,7.841000080108643,Airtel,13.0143839,30,80.2384771,-108.0,17:49,0.0649999976158142
4G,7.841000080108643,Airtel,13.0143858,30,80.2384864,-108.0,17:49,0.0649999976158142
4G,7.841000080108643,Airtel,13.0143825,30,80.2385068,-108.0,17:49,0.0649999976158142
4G,7.841000080108643,Airtel,13.0143865,30,80.2385295,-108.0,17:49,0.0649999976158142
4G,7.841000080108643,Airtel,13.014386,30,80.2385412,-108.0,17:49,0.0649999976158142
4G,7.841000080108643,Airtel,13.0143652,30,80.2385469,-108.0,17:49,0.0649999976158142
4G,7.841000080108643,Airtel,13.0143534,30,80.2385589,-108.0,17:49,0.0649999976158142
4G,7.841000080108643,Airtel,13.0143528,30,80.2385675,-108.0,17:49,0.0649999976158142
4G,7.841000080108643,Airtel,13.014348,30,80.2385744,-108.0,17:49,0.0649999976158142
4G,7.841000080108643,Airtel,13.0143457,30,80.2385969,-108.0,17:49,0.0649999976158142
4G,7.841000080108643,Airtel,13.014348,30,80.2386077,-108.0,17:49,0.0649999976158142
4G,7.841000080108643,Airtel,13.0143448,30,80.2386236,-108.0,17:49,0.0649999976158142
4G,7.841000080108643,Airtel,13.0143472,30,80.2386454,-108.0,17:49,0.0649999976158142
4G,7.841000080108643,Airtel,13.014347,30,80.2386496,-108.0,17:49,0.0649999976158142
4G,7.841000080108643,Airtel,13.0143438,30,80.2386707,-108.0,17:49,0.0649999976158142
4G,7.841000080108643,Airtel,13.0143481,30,80.2386937,-108.0,17:49,0.0649999976158142
4G,7.841000080108643,Airtel,13.0143481,30,80.2386937,-108.0,17:49,0.0649999976158142
4G,7.841000080108643,Airtel,13.0143432,30,80.2387048,-108.0,17:49,0.0649999976158142
4G,7.841000080108643,Airtel,13.0143425,30,80.2387122,-108.0,17:49,0.0649999976158142
4G,0.6909999847412109,Airtel,13.0143596,49,80.2385679,-97.0,17:49,0.1369999945163726
4G,0.6909999847412109,Airtel,13.0143681,49,80.2385848,-97.0,17:49,0.1369999945163726
4G,0.0,Airtel,13.0143658,0,80.2385982,-97.0,17:49,0.0
4G,0.2619999945163727,Airtel,13.0143533,42,80.2388648,-108.0,17:50,0.1369999945163726
4G,0.2619999945163727,Airtel,13.0143538,42,80.2388753,-108.0,17:50,0.1369999945163726
4G,0.2619999945163727,Airtel,13.0143617,42,80.2388839,-110.0,17:50,0.1369999945163726
4G,0.2619999945163727,Airtel,13.0143544,42,80.2388911,-110.0,17:50,0.1369999945163726
4G,0.2619999945163727,Airtel,13.0143798,42,80.238912,-104.0,17:50,0.1369999945163726
4G,0.2619999945163727,Airtel,13.0143936,42,80.2389278,-104.0,17:50,0.1369999945163726
4G,0.2619999945163727,Airtel,13.0144083,42,80.2389374,-108.0,17:50,0.1369999945163726
4G,0.2619999945163727,Airtel,13.0144172,42,80.2389477,-108.0,17:50,0.1369999945163726
4G,0.2619999945163727,Airtel,13.0144325,42,80.2389609,-107.0,17:50,0.1369999945163726
4G,0.2619999945163727,Airtel,13.0144509,42,80.2389684,-107.0,17:50,0.1369999945163726
4G,0.2619999945163727,Airtel,13.0144604,42,80.2389734,-100.0,17:50,0.1369999945163726
4G,0.2619999945163727,Airtel,13.0144852,42,80.2389782,-102.0,17:50,0.1369999945163726
4G,0.7829999923706055,Airtel,13.01423,26,80.2385933,-100.0,17:51,0.0410000011324882
4G,0.7829999923706055,Airtel,13.0144766,26,80.2391252,-99.0,17:51,0.0410000011324882
4G,0.7829999923706055,Airtel,13.0144766,26,80.2391252,-103.0,17:51,0.0410000011324882
4G,0.7829999923706055,Airtel,13.014488,26,80.2391214,-94.0,17:51,0.0410000011324882
4G,0.7829999923706055,Airtel,13.0145064,26,80.2387975,-102.0,17:51,0.0410000011324882
4G,0.7829999923706055,Airtel,13.0145064,26,80.2387975,-100.0,17:51,0.0410000011324882
4G,0.7829999923706055,Airtel,13.0145568,26,80.2388391,-100.0,17:51,0.0410000011324882
4G,0.7829999923706055,Airtel,13.0145762,26,80.2388455,-101.0,17:51,0.0410000011324882
4G,0.7829999923706055,Airtel,13.0145909,26,80.2388453,-104.0,17:51,0.0410000011324882
4G,0.7829999923706055,Airtel,13.0146075,26,80.2388951,-93.0,17:51,0.0410000011324882
4G,0.7829999923706055,Airtel,13.0146234,26,80.2389101,-104.0,17:51,0.0410000011324882
4G,0.7829999923706055,Airtel,13.0146346,26,80.2389139,-101.0,17:51,0.0410000011324882
4G,0.7829999923706055,Airtel,13.0147183,26,80.2390517,-101.0,17:51,0.0410000011324882
4G,0.7829999923706055,Airtel,13.0147354,26,80.2390651,-101.0,17:51,0.0410000011324882
4G,0.7829999923706055,Airtel,13.0147799,26,80.2391042,-100.0,17:51,0.0410000011324882
4G,0.7829999923706055,Airtel,13.0147955,26,80.2391139,-102.0,17:51,0.0410000011324882
4G,0.7829999923706055,Airtel,13.0148204,26,80.2391246,-99.0,17:51,0.0410000011324882
4G,0.7829999923706055,Airtel,13.0148419,26,80.2391313,-100.0,17:51,0.0410000011324882
4G,0.7829999923706055,Airtel,13.0148569,26,80.2391375,-100.0,17:51,0.0410000011324882
4G,0.7829999923706055,Airtel,13.0148729,26,80.239144,-96.0,17:51,0.0410000011324882
4G,0.7829999923706055,Airtel,13.0148895,26,80.2391487,-97.0,17:51,0.0410000011324882
4G,0.7829999923706055,Airtel,13.0149014,26,80.2391527,-101.0,17:51,0.0410000011324882
4G,0.7829999923706055,Airtel,13.0149093,26,80.239159,-100.0,17:52,0.0410000011324882
4G,0.7829999923706055,Airtel,13.0149271,26,80.2391716,-97.0,17:52,0.0410000011324882
4G,0.7829999923706055,Airtel,13.0149288,26,80.2391876,-97.0,17:52,0.0410000011324882
4G,0.7829999923706055,Airtel,13.0149391,26,80.2392083,-97.0,17:52,0.0410000011324882
4G,0.7829999923706055,Airtel,13.014946,26,80.2392254,-101.0,17:52,0.0410000011324882
4G,0.7829999923706055,Airtel,13.0149417,26,80.2392319,-99.0,17:52,0.0410000011324882
4G,0.7829999923706055,Airtel,13.0149473,26,80.2392538,-101.0,17:52,0.0410000011324882
4G,0.7829999923706055,Airtel,13.0149391,26,80.239268,-102.0,17:52,0.0410000011324882
4G,0.7829999923706055,Airtel,13.01494,26,80.2392833,-100.0,17:52,0.0410000011324882
4G,0.3050000071525574,Airtel,13.014886,45,80.2396213,-97.0,17:53,0.1369999945163726
4G,0.3050000071525574,Airtel,13.0148807,45,80.2396378,-97.0,17:53,0.1369999945163726
4G,0.3050000071525574,Airtel,13.014878,45,80.2396442,-99.0,17:53,0.1369999945163726
4G,0.3050000071525574,Airtel,13.0148738,45,80.2396635,-102.0,17:53,0.1369999945163726
4G,0.3050000071525574,Airtel,13.0148742,45,80.2396681,-101.0,17:53,0.1369999945163726
4G,0.3050000071525574,Airtel,13.0148762,45,80.2396872,-101.0,17:53,0.1369999945163726
4G,0.3050000071525574,Airtel,13.0148912,45,80.2396922,-101.0,17:53,0.1369999945163726
4G,0.3050000071525574,Airtel,13.0148973,45,80.2396976,-100.0,17:53,0.1369999945163726
4G,0.3050000071525574,Airtel,13.0149473,45,80.2397297,-108.0,17:53,0.1369999945163726
4G,0.3050000071525574,Airtel,13.0149681,45,80.2397377,-110.0,17:53,0.1369999945163726
4G,0.3050000071525574,Airtel,13.0149752,45,80.2397367,-110.0,17:53,0.1369999945163726
4G,0.3050000071525574,Airtel,13.0149856,45,80.2397417,-110.0,17:53,0.1369999945163726
4G,0.3050000071525574,Airtel,13.0149993,45,80.2397564,-110.0,17:53,0.1369999945163726
4G,0.3050000071525574,Airtel,13.0149938,45,80.2397549,-110.0,17:53,0.1369999945163726
4G,0.0,Airtel,13.015005,0,80.2397681,-110.0,17:53,0.0
4G,0.0,Airtel,13.0149929,0,80.239767,-110.0,17:53,0.0
4G,0.0,Airtel,13.0150015,23,80.2398287,-110.0,17:53,0.0
4G,135.654,Airtel,13.0150006,23,80.2398896,-110.0,17:53,0.0
4G,0.3700000047683716,Airtel,13.0149218,35,80.2397698,-95.0,17:53,0.1040000021457672
4G,0.3700000047683716,Airtel,13.0149485,35,80.2397756,-95.0,17:53,0.1040000021457672
4G,0.3700000047683716,Airtel,13.0149829,35,80.2397839,-111.0,17:53,0.1040000021457672
4G,0.3700000047683716,Airtel,13.0149912,35,80.2397983,-111.0,17:53,0.1040000021457672
4G,0.3700000047683716,Airtel,13.015009,35,80.2398421,-113.0,17:53,0.1040000021457672
4G,0.3700000047683716,Airtel,13.0150137,35,80.239889,-44.0,17:53,0.1040000021457672
4G,0.3700000047683716,Airtel,13.0150179,35,80.2399089,-44.0,17:53,0.1040000021457672
4G,0.3700000047683716,Airtel,13.0149886,35,80.2399228,-116.0,17:53,0.1040000021457672
4G,0.3700000047683716,Airtel,13.0149939,35,80.2399352,-116.0,17:54,0.1040000021457672
4G,0.3700000047683716,Airtel,13.0150062,35,80.2399449,-116.0,17:54,0.1040000021457672
4G,0.3700000047683716,Airtel,13.0149813,35,80.2399376,-116.0,17:54,0.1040000021457672
4G,0.3700000047683716,Airtel,13.0149663,35,80.2399317,-120.0,17:54,0.1040000021457672
4G,0.3700000047683716,Airtel,13.0149727,35,80.2399277,-120.0,17:54,0.1040000021457672
4G,0.3700000047683716,Airtel,13.014992,35,80.2399323,-120.0,17:54,0.1040000021457672
4G,0.3700000047683716,Airtel,13.0149967,35,80.2399545,-120.0,17:54,0.1040000021457672
4G,0.3700000047683716,Airtel,13.0150101,35,80.2399767,-120.0,17:54,0.1040000021457672
4G,0.3700000047683716,Airtel,13.0150126,35,80.2399889,-120.0,17:54,0.1040000021457672
4G,0.3700000047683716,Airtel,13.0150286,35,80.2399993,-120.0,17:54,0.1040000021457672
4G,0.3700000047683716,Airtel,13.0150321,35,80.2400101,-120.0,17:54,0.1040000021457672
4G,0.3700000047683716,Airtel,13.0150446,35,80.2400195,-120.0,17:54,0.1040000021457672
4G,0.3700000047683716,Airtel,13.0150467,35,80.2400282,-120.0,17:54,0.1040000021457672
4G,0.3700000047683716,Airtel,13.0150467,35,80.2400412,-120.0,17:54,0.1040000021457672
4G,0.3700000047683716,Airtel,13.0150691,35,80.2400505,-120.0,17:54,0.1040000021457672
4G,0.3700000047683716,Airtel,13.0150796,35,80.2400604,-120.0,17:54,0.1040000021457672
2G,0.3700000047683716,Airtel,13.0150747,35,80.2400621,-120.0,17:54,0.1040000021457672
4G,0.3700000047683716,Airtel,13.0150795,35,80.2400607,-120.0,17:54,0.1040000021457672
4G,0.0,Airtel,13.0138885,227,80.2357537,-124.0,16:02,0.0
4G,7.290999889373779,Airtel,13.0138973,41,80.2356648,-105.0,16:09,0.1070000007748603
4G,7.290999889373779,Airtel,13.0138973,41,80.2356648,-105.0,16:09,0.1070000007748603
2G,7.290999889373779,Airtel,13.013785,41,80.2355382,-105.0,16:09,0.1070000007748603
4G,0.0,Airtel,13.0135252,0,80.2355877,-127.0,10:19,0.0
4G,0.0,Airtel,13.0148349,0,80.2381987,-100.0,15:25,0.0
4G,159.61099243164062,Airtel,13.0150106,16,80.2391221,-100.0,15:26,2.059000015258789
4G,159.61099243164062,Airtel,13.0150106,16,80.2391221,-100.0,15:26,2.059000015258789
4G,159.61099243164062,Airtel,13.0150106,16,80.2391221,-100.0,15:26,2.059000015258789
4G,0.0,Airtel,13.0129867,0,80.2361172,-126.0,11:57,0.0
4G,0.0,Airtel,13.0134563,0,80.2370461,-130.0,11:57,0.0
4G,0.0,Airtel,13.0134158,50,80.2370046,-127.0,11:57,0.0
4G,0.0,Airtel,13.0134158,50,80.2370046,-127.0,11:57,0.0
4G,0.0,Airtel,13.0134158,0,80.2370046,-127.0,11:57,0.0
4G,0.0,Airtel,13.0134158,254,80.2370046,-127.0,11:57,0.0
4G,0.0,Airtel,13.0134158,50,80.2370046,-127.0,11:57,0.0
4G,0.0,Airtel,13.0134158,0,80.2370046,-127.0,11:57,0.0
4G,0.0,Airtel,13.0134158,254,80.2370046,-127.0,11:57,0.0
4G,0.0,Airtel,13.0133611,0,80.2369681,-127.0,11:57,0.0
4G,0.0,Airtel,13.0133611,0,80.2369681,-130.0,11:57,0.0
4G,0.0,Airtel,13.0133611,0,80.2369681,-129.0,11:58,0.0
4G,0.0,Airtel,13.0129747,0,80.2361398,-130.0,11:59,0.0
4G,0.0,Airtel,13.0129972,0,80.2359246,-129.0,11:59,0.0
4G,0.0,Airtel,13.0129972,0,80.2359246,-129.0,12:00,0.0
4G,0.0,Airtel,13.0129972,0,80.2359246,-129.0,12:00,0.0
4G,0.0,Airtel,13.0129747,0,80.2361398,-130.0,11:59,0.0
4G,0.0,Airtel,13.0129972,0,80.2359246,-130.0,11:59,0.0
4G,0.0,Airtel,13.0151252,23,80.2398534,-125.0,05:03,0.0
4G,0.0,Airtel,13.0151252,23,80.2398534,-125.0,05:03,0.0
4G,0.0,Airtel,13.0151252,0,80.2398534,-125.0,05:03,0.0
4G,0.0,Airtel,13.0151252,0,80.2398534,-126.0,05:03,0.0
4G,0.0,Airtel,13.0151252,0,80.2398534,-126.0,05:03,0.0
4G,0.0,Jio,13.0151382,434,80.2398858,-128.0,11:22,0.0
4G,0.0,Jio,13.0151382,434,80.2398858,-128.0,11:22,0.0
4G,0.0,Jio,13.0151382,434,80.2398858,-128.0,11:22,0.0
4G,0.0,Jio,13.0151382,434,80.2398858,-128.0,11:22,0.0
4G,0.0,Jio,13.0151382,434,80.2398858,-128.0,11:22,0.0
4G,0.0,Jio,13.0151382,434,80.2398858,-128.0,11:22,0.0
4G,0.0,Jio,13.0151382,0,80.2398858,-128.0,11:22,0.0
4G,0.0,Jio,13.0151382,434,80.2398858,-128.0,11:22,0.0
4G,0.0,Jio,13.0151382,0,80.2398858,-128.0,11:22,0.0
4G,0.0,Jio,13.0151372,0,80.2398828,-129.0,11:22,0.0
4G,0.0,Jio,13.0151382,0,80.2398858,-121.0,11:22,0.0
4G,0.0,Jio,13.0151372,0,80.2398828,-129.0,11:23,0.0
4G,0.0,Jio,13.0151372,0,80.2398828,-129.0,11:23,0.0
4G,0.0,Jio,13.0151372,0,80.2398828,-129.0,11:22,0.0
4G,0.0,Jio,13.0151372,0,80.2398828,-129.0,11:23,0.0
4G,0.0,Jio,13.0151372,0,80.2398828,-129.0,11:23,0.0
4G,0.0,Jio,13.0151372,0,80.2398828,-129.0,11:23,0.0
4G,0.0,Jio,13.0151372,0,80.2398828,-129.0,11:22,0.0
4G,0.0,Jio,13.0151372,0,80.2398828,-129.0,11:22,0.0
4G,0.0,Jio,13.0151369,0,80.2398839,-113.0,11:23,0.0
4G,0.0,Jio,13.0151368,0,80.2398832,-127.0,11:23,0.0
4G,0.0,Jio,13.0151372,0,80.2398828,-129.0,11:23,0.0
4G,0.0,Jio,13.0151368,0,80.2398832,-127.0,11:23,0.0
4G,0.0,Jio,13.0151369,0,80.2398839,-113.0,11:23,0.0
4G,0.0,Jio,13.0151368,0,80.2398832,-110.0,11:23,0.0
4G,0.0,Jio,13.0151369,0,80.2398866,-112.0,11:23,0.0
4G,0.0,Jio,13.0151369,0,80.2398839,-113.0,11:23,0.0
4G,0.0,Jio,13.0151368,0,80.2398832,-110.0,11:23,0.0
4G,0.0,Jio,13.0151368,0,80.2398832,-127.0,11:23,0.0
4G,0.0,Jio,13.0151368,0,80.2398832,-129.0,11:23,0.0
4G,0.0,Jio,13.0151369,0,80.2398866,-129.0,11:23,0.0
4G,0.0,Jio,13.0151382,434,80.2398858,-128.0,11:22,0.0
4G,0.0,Jio,13.0151382,0,80.2398858,-128.0,11:22,0.0
4G,0.0,Jio,13.0151382,434,80.2398858,-128.0,11:22,0.0
4G,0.0,Jio,13.0151382,0,80.2398858,-128.0,11:22,0.0
4G,0.0,Jio,13.0151382,434,80.2398858,-128.0,11:22,0.0
4G,0.0,Jio,13.0151382,0,80.2398858,-128.0,11:22,0.0
4G,0.0,Jio,13.0151382,434,80.2398858,-128.0,11:22,0.0
4G,0.0,Jio,13.0151382,0,80.2398858,-128.0,11:22,0.0
4G,0.0,Jio,13.0151382,434,80.2398858,-128.0,11:22,0.0
4G,0.0,Jio,13.0151382,0,80.2398858,-128.0,11:22,0.0
4G,0.0,Jio,13.0151382,434,80.2398858,-128.0,11:22,0.0
4G,0.0,Jio,13.0151382,0,80.2398858,-128.0,11:22,0.0
4G,0.0,Jio,13.0151382,434,80.2398858,-128.0,11:22,0.0
4G,0.0,Jio,13.0151382,0,80.2398858,-128.0,11:22,0.0
4G,0.0,Jio,13.0151411,0,80.2398915,-128.0,11:23,0.0
4G,0.0,Jio,13.0151382,0,80.2398858,-121.0,11:22,0.0
4G,0.0,Jio,13.0151362,0,80.2398821,-123.0,11:37,0.0
4G,0.0,Jio,13.0150382,47,80.2395497,-118.0,11:37,0.0
4G,0.0,Jio,13.0150382,47,80.2395497,-118.0,11:37,0.0
4G,0.0,Jio,13.0150382,0,80.2395497,-118.0,11:37,0.0
4G,0.0,Jio,13.0150382,47,80.2395497,-118.0,11:37,0.0
4G,0.0,Jio,13.0150382,0,80.2395497,-118.0,11:37,0.0
4G,0.0,Jio,13.0150382,47,80.2395497,-118.0,11:37,0.0
4G,0.0,Jio,13.0150382,0,80.2395497,-118.0,11:37,0.0
4G,0.0,Jio,13.0150382,47,80.2395497,-118.0,11:37,0.0
4G,0.0,Jio,13.0150382,0,80.2395497,-118.0,11:37,0.0
4G,0.0,Jio,13.0150382,47,80.2395497,-118.0,11:37,0.0
4G,0.0,Jio,13.0150382,0,80.2395497,-118.0,11:37,0.0
4G,0.0,Jio,13.0150382,0,80.2395497,-118.0,11:37,0.0
4G,0.0,Jio,13.0150382,0,80.2395497,-118.0,11:37,0.0
4G,0.0,Jio,13.015058,0,80.2394891,-117.0,11:37,0.0
4G,0.0,Jio,13.0150382,0,80.2395497,-118.0,11:37,0.0
4G,0.0,Jio,13.015058,0,80.2394891,-117.0,11:37,0.0
4G,0.0,Jio,13.0150382,0,80.2395497,-118.0,11:37,0.0
4G,0.0,Jio,13.015058,0,80.2394891,-117.0,11:37,0.0
4G,0.0,Jio,13.0150985,0,80.23956,-117.0,11:37,0.0
4G,0.0,Jio,13.0150985,0,80.23956,-117.0,11:37,0.0
4G,0.0,Jio,13.0151281,0,80.2396116,-117.0,11:37,0.0
4G,0.0,Jio,13.0151281,0,80.2396116,-117.0,11:37,0.0
4G,0.0,Jio,13.0151401,0,80.2396122,-120.0,11:37,0.0
4G,0.0,Jio,13.0151766,0,80.2396395,-120.0,11:37,0.0
4G,0.0,Jio,13.0151766,0,80.2396395,-120.0,11:37,0.0
4G,0.0,Jio,13.0151766,0,80.2396395,-120.0,11:37,0.0
4G,0.0,Jio,13.0151766,0,80.2396395,-120.0,11:37,0.0
4G,0.0,Jio,13.0151766,0,80.2396395,-120.0,11:37,0.0
4G,0.0,Jio,13.0151766,0,80.2396395,-120.0,11:37,0.0
4G,0.0,Jio,13.0151879,0,80.2396567,-120.0,11:37,0.0
4G,0.0,Jio,13.0152058,0,80.2396777,-120.0,11:37,0.0
4G,0.0,Jio,13.0152058,0,80.2396777,-120.0,11:37,0.0
4G,0.0,Jio,13.0152161,0,80.2396955,-116.0,11:37,0.0
4G,0.0,Jio,13.0152161,0,80.2396955,-116.0,11:37,0.0
4G,0.0,Jio,13.0152161,0,80.2396955,-112.0,11:37,0.0
4G,0.0,Jio,13.0152335,0,80.2397072,-112.0,11:37,0.0
4G,0.0,Jio,13.0152161,0,80.2396955,-116.0,11:37,0.0
4G,0.0,Jio,13.0152161,0,80.2396955,-112.0,11:37,0.0
4G,0.0,Jio,13.0151766,0,80.2396395,-120.0,11:37,0.0
4G,0.0,Jio,13.0152335,0,80.2397072,-120.0,11:38,0.0
4G,0.0,Jio,13.0152269,0,80.2396846,-121.0,11:38,0.0
4G,0.0,Jio,13.0152269,0,80.2396846,-121.0,11:38,0.0
4G,0.0,Jio,13.0152269,0,80.2396846,-121.0,11:38,0.0
4G,0.0,Jio,13.0152269,0,80.2396846,-121.0,11:38,0.0
4G,0.0,Jio,13.0152269,0,80.2396846,-121.0,11:38,0.0
4G,0.0,Jio,13.0152269,0,80.2396846,-121.0,11:38,0.0
4G,0.0,Jio,13.0152269,0,80.2396846,-121.0,11:38,0.0
4G,0.0,Jio,13.0152269,0,80.2396846,-121.0,11:38,0.0
4G,0.0,Jio,13.0152269,0,80.2396846,-121.0,11:38,0.0
4G,0.0,Jio,13.0152269,0,80.2396846,-121.0,11:38,0.0
4G,0.0,Jio,13.0152269,0,80.2396846,-121.0,11:38,0.0
4G,0.0,Jio,13.0152269,0,80.2396846,-121.0,11:38,0.0
4G,0.0,Jio,13.0152269,0,80.2396846,-121.0,11:38,0.0
4G,0.0,Jio,13.0152269,0,80.2396846,-121.0,11:38,0.0
4G,0.0,Jio,13.0152269,0,80.2396846,-121.0,11:38,0.0
4G,0.0,Jio,13.0152269,0,80.2396846,-121.0,11:38,0.0
4G,0.0,Jio,13.0152269,0,80.2396846,-121.0,11:38,0.0
4G,0.0,Jio,13.0152269,0,80.2396846,-121.0,11:38,0.0
4G,0.0,Jio,13.0152269,0,80.2396846,-121.0,11:38,0.0
4G,0.0,Jio,13.0152269,21,80.2396846,-121.0,11:38,0.0
4G,0.0,Jio,13.0152269,0,80.2396846,-121.0,11:38,0.0
4G,0.0,Jio,13.0152269,0,80.2396846,-121.0,11:38,0.0
4G,0.0,Jio,13.0152269,21,80.2396846,-121.0,11:38,0.0
4G,0.0,Jio,13.0152269,0,80.2396846,-121.0,11:38,0.0
4G,0.0,Jio,13.0152269,0,80.2396846,-121.0,11:38,0.0
4G,0.0,Jio,13.0152269,21,80.2396846,-121.0,11:38,0.0
4G,0.0,Jio,13.015127,0,80.2397652,-119.0,11:38,0.0
4G,0.0,Jio,13.015127,0,80.2397652,-119.0,11:38,0.0
4G,0.0,Jio,13.015127,0,80.2397652,-120.0,11:38,0.0
4G,0.0,Jio,13.015127,0,80.2397652,-119.0,11:38,0.0
4G,0.0,Jio,13.015127,0,80.2397652,-119.0,11:38,0.0
4G,0.0,Jio,13.015127,0,80.2397652,-120.0,11:38,0.0
4G,0.0,Jio,13.015127,0,80.2397652,-119.0,11:38,0.0
4G,0.0,Jio,13.015127,0,80.2397652,-119.0,11:38,0.0
4G,0.0,Jio,13.015127,0,80.2397652,-120.0,11:38,0.0
4G,0.0,Jio,13.015127,0,80.2397652,-119.0,11:38,0.0
4G,0.0,Jio,13.015127,0,80.2397652,-119.0,11:38,0.0
4G,0.0,Jio,13.015127,0,80.2397652,-119.0,11:38,0.0
4G,0.0,Jio,13.015127,0,80.2397652,-120.0,11:38,0.0
4G,0.0,Jio,13.015127,0,80.2397652,-119.0,11:38,0.0
4G,0.0,Jio,13.015127,0,80.2397652,-119.0,11:38,0.0
4G,0.0,Jio,13.015127,0,80.2397652,-120.0,11:38,0.0
4G,0.0,Jio,13.015127,0,80.2397652,-119.0,11:38,0.0
4G,0.0,Jio,13.015127,0,80.2397652,-119.0,11:38,0.0
4G,0.0,Jio,13.015127,0,80.2397652,-120.0,11:38,0.0
4G,0.0,Jio,13.015127,0,80.2397652,-119.0,11:38,0.0
4G,0.0,Jio,13.015127,0,80.2397652,-119.0,11:38,0.0
4G,0.0,Jio,13.015127,0,80.2397652,-120.0,11:38,0.0
4G,0.0,Jio,13.015127,0,80.2397652,-119.0,11:38,0.0
4G,0.0,Jio,13.015127,0,80.2397652,-119.0,11:38,0.0
4G,0.0,Jio,13.015127,0,80.2397652,-120.0,11:38,0.0
4G,0.0,Jio,13.015127,0,80.2397652,-119.0,11:38,0.0
4G,0.0,Jio,13.015127,0,80.2397652,-119.0,11:38,0.0
4G,0.0,Jio,13.015127,0,80.2397652,-120.0,11:38,0.0
4G,0.0,Jio,13.015127,0,80.2397652,-119.0,11:38,0.0
4G,0.0,Jio,13.015127,0,80.2397652,-119.0,11:38,0.0
4G,0.0,Jio,13.015127,0,80.2397652,-119.0,11:38,0.0
4G,0.0,Jio,13.015127,0,80.2397652,-119.0,11:38,0.0
4G,0.0,Jio,13.015127,0,80.2397652,-119.0,11:38,0.0
4G,0.0,Jio,13.015127,0,80.2397652,-119.0,11:38,0.0
4G,0.0,Jio,13.015127,0,80.2397652,-119.0,11:38,0.0
4G,0.0,Jio,13.015127,0,80.2397652,-119.0,11:38,0.0
4G,0.0,Jio,13.015127,0,80.2397652,-120.0,11:38,0.0
4G,0.0,Jio,13.015127,0,80.2397652,-119.0,11:38,0.0
4G,0.0,Jio,13.015127,0,80.2397652,-119.0,11:38,0.0
4G,0.0,Jio,13.015127,0,80.2397652,-120.0,11:38,0.0
4G,0.0,Jio,13.015127,0,80.2397652,-119.0,11:38,0.0
4G,0.0,Jio,13.015127,0,80.2397652,-119.0,11:38,0.0
4G,0.0,Jio,13.015127,0,80.2397652,-120.0,11:38,0.0
4G,0.0,Jio,13.015127,0,80.2397652,-119.0,11:38,0.0
4G,0.0,Jio,13.015127,0,80.2397652,-119.0,11:38,0.0
4G,0.0,Jio,13.015127,0,80.2397652,-120.0,11:38,0.0
4G,0.0,Jio,13.015127,0,80.2397652,-119.0,11:38,0.0
4G,0.0,Jio,13.015127,0,80.2397652,-119.0,11:38,0.0
4G,0.0,Jio,13.015127,0,80.2397652,-120.0,11:38,0.0
4G,0.0,Jio,13.015127,0,80.2397652,-119.0,11:38,0.0
4G,0.0,Jio,13.015127,0,80.2397652,-119.0,11:38,0.0
4G,0.0,Jio,13.015127,0,80.2397652,-120.0,11:38,0.0
4G,0.0,Jio,13.015127,0,80.2397652,-119.0,11:38,0.0
4G,0.0,Jio,13.0151382,35,80.2398894,-127.0,12:18,0.0
4G,0.0,Jio,13.0151382,35,80.2398894,-127.0,12:18,0.0
4G,0.0,Jio,13.0151382,0,80.2398894,-127.0,12:18,0.0
4G,0.0,Jio,13.0151382,35,80.2398894,-127.0,12:18,0.0
4G,0.0,Jio,13.0151382,0,80.2398894,-127.0,12:18,0.0
4G,0.0,Jio,13.0151403,0,80.2398924,-127.0,12:18,0.0
4G,0.0,Jio,13.0151364,847,80.239878,-115.0,12:18,0.0
4G,0.0,Jio,13.0151364,847,80.239878,-115.0,12:18,0.0
4G,0.0,Jio,13.0151364,0,80.239878,-115.0,12:18,0.0
4G,0.0,Jio,13.0151364,847,80.239878,-115.0,12:18,0.0
4G,0.0,Jio,13.0151364,0,80.239878,-115.0,12:18,0.0
4G,0.0,Jio,13.0151364,847,80.239878,-115.0,12:18,0.0
4G,0.0,Jio,13.0151364,0,80.239878,-115.0,12:18,0.0
4G,0.0,Jio,13.0151364,847,80.239878,-115.0,12:18,0.0
4G,0.0,Jio,13.0151364,0,80.239878,-115.0,12:18,0.0
4G,0.0,Jio,13.0151364,0,80.239878,-117.0,12:18,0.0
4G,0.0,Jio,13.0151379,0,80.2398825,-117.0,12:18,0.0
4G,0.0,Jio,13.0151379,0,80.2398825,-117.0,12:18,0.0
4G,0.0,Jio,13.0151379,0,80.2398825,-117.0,12:18,0.0
4G,0.0,Jio,13.0151379,0,80.2398825,-117.0,12:18,0.0
4G,0.0,Jio,13.0151379,0,80.2398825,-117.0,12:18,0.0
4G,0.0,Jio,13.0151379,0,80.2398825,-117.0,12:18,0.0
4G,0.0,Jio,13.0151379,0,80.2398825,-117.0,12:18,0.0
4G,0.0,Jio,13.0151379,0,80.2398825,-117.0,12:18,0.0
4G,0.0,Jio,13.0151379,0,80.2398825,-117.0,12:18,0.0
4G,0.0,Jio,13.0151379,0,80.2398825,-117.0,12:18,0.0
4G,0.0,Jio,13.0151379,0,80.2398825,-117.0,12:18,0.0
4G,0.0,Jio,13.0151379,0,80.2398825,-117.0,12:18,0.0
4G,0.0,Jio,13.0151379,0,80.2398825,-117.0,12:18,0.0
4G,0.0,Jio,13.0151379,0,80.2398825,-108.0,12:18,0.0
4G,0.0,Jio,13.0151379,0,80.2398825,-108.0,12:18,0.0
4G,0.0,Jio,13.0151379,0,80.2398825,-108.0,12:18,0.0
4G,0.0,Jio,13.0151379,0,80.2398825,-108.0,12:18,0.0
4G,0.0,Jio,13.0151352,0,80.2398766,-108.0,12:18,0.0
4G,0.0,Jio,13.0151379,0,80.2398825,-108.0,12:18,0.0
4G,0.0,Jio,13.0151352,0,80.2398766,-108.0,12:18,0.0
4G,0.0,Jio,13.0151352,0,80.2398766,-124.0,12:19,0.0
4G,0.0,Jio,13.0151352,0,80.2398766,-124.0,12:19,0.0
4G,0.0,Jio,13.0151352,0,80.2398766,-124.0,12:19,0.0
4G,0.0,Jio,13.0151352,0,80.2398766,-124.0,12:19,0.0
4G,0.0,Jio,13.0151352,0,80.2398766,-124.0,12:19,0.0
4G,0.0,Jio,13.0151352,0,80.2398766,-124.0,12:19,0.0
4G,0.0,Jio,13.0151352,0,80.2398766,-124.0,12:19,0.0
4G,0.0,Jio,13.0151352,0,80.2398766,-124.0,12:19,0.0
4G,0.0,Jio,13.0151352,0,80.2398766,-124.0,12:19,0.0
4G,0.0,Jio,13.0151352,0,80.2398766,-124.0,12:19,0.0
4G,0.0,Jio,13.0151352,0,80.2398766,-124.0,12:19,0.0
4G,0.0,Jio,13.0151352,0,80.2398766,-124.0,12:19,0.0
4G,0.0,Jio,13.0151352,0,80.2398766,-124.0,12:19,0.0
4G,0.0,Jio,13.0151352,0,80.2398766,-124.0,12:19,0.0
4G,0.0,Jio,13.0151352,0,80.2398766,-124.0,12:19,0.0
4G,0.0,Jio,13.0151376,46,80.2398822,-113.0,12:19,0.0
4G,0.0,Jio,13.0151376,46,80.2398822,-113.0,12:19,0.0
4G,0.0,Jio,13.0151354,1522,80.2398777,-115.0,12:19,0.0
4G,0.0,Jio,13.0151354,1522,80.2398777,-115.0,12:19,0.0
4G,0.0,Jio,13.0151349,1522,80.2398786,-115.0,12:19,0.0
4G,0.0,Jio,13.0151354,1522,80.2398777,-115.0,12:19,0.0
4G,0.0,Jio,13.0151349,1522,80.2398786,-115.0,12:19,0.0
4G,0.0,Jio,13.0151354,1522,80.2398777,-115.0,12:19,0.0
4G,0.0,Jio,13.0151349,1522,80.2398786,-115.0,12:19,0.0
4G,0.0,Jio,13.0151349,1522,80.2398786,-115.0,12:19,0.0
4G,0.0,Jio,13.0151354,1522,80.2398777,-115.0,12:19,0.0
4G,0.0,Jio,13.0151349,1522,80.2398786,-115.0,12:19,0.0
4G,0.0,Jio,13.0151349,1522,80.2398786,-115.0,12:19,0.0
4G,0.0,Jio,13.0151345,1522,80.2398753,-116.0,12:19,0.0
4G,0.0,Jio,13.0151345,1522,80.2398753,-115.0,12:19,0.0
4G,0.0,Jio,13.0151345,1522,80.2398753,-116.0,12:19,0.0
4G,0.0,Jio,13.0151345,1522,80.2398753,-116.0,12:19,0.0
4G,0.0,Jio,13.0151345,1522,80.2398753,-115.0,12:19,0.0
4G,0.0,Jio,13.0151364,1522,80.2398797,-115.0,12:19,0.0
4G,0.0,Jio,13.0151345,1522,80.2398753,-116.0,12:19,0.0
4G,0.0,Jio,13.0151345,1522,80.2398753,-115.0,12:19,0.0
4G,0.0,Jio,13.0151364,1522,80.2398797,-115.0,12:19,0.0
4G,0.0,Jio,13.0151345,1522,80.2398753,-116.0,12:19,0.0
4G,0.0,Jio,13.0151345,1522,80.2398753,-115.0,12:19,0.0
4G,0.0,Jio,13.0151364,1522,80.2398797,-115.0,12:19,0.0
4G,0.0,Jio,13.0151345,1522,80.2398753,-116.0,12:19,0.0
4G,0.0,Jio,13.0151385,1522,80.2398858,-115.0,12:19,0.0
4G,0.0,Jio,13.0151377,29,80.2398814,-107.0,12:20,0.0
4G,0.0,Jio,13.0151377,29,80.2398814,-107.0,12:20,0.0
4G,0.0,Jio,13.0151421,29,80.2398907,-117.0,12:20,0.0
4G,0.0,Jio,13.0151377,29,80.2398814,-107.0,12:20,0.0
4G,0.0,Jio,13.0151421,29,80.2398907,-117.0,12:20,0.0
4G,0.0,Jio,13.0151421,29,80.2398907,-117.0,12:20,0.0
4G,0.0,Jio,13.0151377,29,80.2398814,-107.0,12:20,0.0
4G,0.0,Jio,13.0151421,29,80.2398907,-117.0,12:20,0.0
4G,0.0,Jio,13.0151421,29,80.2398907,-117.0,12:20,0.0
4G,0.0,Jio,13.0151404,29,80.239889,-117.0,12:20,0.0
4G,0.0,Jio,13.0151377,29,80.2398814,-107.0,12:20,0.0
4G,0.0,Jio,13.0151421,29,80.2398907,-117.0,12:20,0.0
4G,0.0,Jio,13.0151421,29,80.2398907,-117.0,12:20,0.0
4G,0.0,Jio,13.0151404,29,80.239889,-117.0,12:20,0.0
4G,0.0,Jio,13.0151343,29,80.2398786,-105.0,12:20,0.0
4G,0.0,Jio,13.0151343,29,80.2398786,-105.0,12:20,0.0
4G,0.0,Jio,13.0151343,29,80.2398786,-105.0,12:20,0.0
4G,0.0,Jio,13.0151343,29,80.2398786,-105.0,12:20,0.0
4G,0.0,Jio,13.0151343,29,80.2398786,-105.0,12:20,0.0
4G,0.0,Jio,13.0151343,29,80.2398786,-105.0,12:20,0.0
4G,0.0,Jio,13.0151343,29,80.2398786,-105.0,12:20,0.0
4G,0.0,Jio,13.0151343,29,80.2398786,-105.0,12:20,0.0
4G,0.0,Jio,13.0151343,29,80.2398786,-104.0,12:20,0.0
4G,0.0,Jio,13.0151343,29,80.2398786,-105.0,12:20,0.0
4G,0.0,Jio,13.0151343,29,80.2398786,-104.0,12:20,0.0
4G,0.0,Jio,13.0151399,29,80.2398911,-104.0,12:20,0.0
4G,0.0,Jio,13.0151343,29,80.2398786,-105.0,12:20,0.0
4G,0.0,Jio,13.0151343,29,80.2398786,-104.0,12:20,0.0
4G,0.0,Jio,13.0151399,29,80.2398911,-104.0,12:20,0.0
4G,0.088,Jio,13.0151399,29,80.2398911,-115.0,12:20,0.0
4G,0.088,Jio,13.0151399,29,80.2398911,-115.0,12:20,0.0
4G,0.088,Jio,13.0151399,29,80.2398911,-115.0,12:20,0.0
4G,0.088,Jio,13.0151399,29,80.2398911,-117.0,12:20,0.0
4G,0.088,Jio,13.0151399,29,80.2398911,-115.0,12:20,0.0
4G,0.088,Jio,13.0151399,29,80.2398911,-117.0,12:20,0.0
4G,0.088,Jio,13.0151399,29,80.2398911,-115.0,12:20,0.0
4G,0.088,Jio,13.0151399,29,80.2398911,-117.0,12:20,0.0
4G,0.088,Jio,13.0151399,29,80.2398911,-115.0,12:20,0.0
4G,0.088,Jio,13.0151399,29,80.2398911,-117.0,12:20,0.0
4G,0.088,Jio,13.0151399,29,80.2398911,-115.0,12:20,0.0
4G,0.088,Jio,13.0151399,29,80.2398911,-117.0,12:20,0.0
4G,0.088,Jio,13.0151399,29,80.2398911,-115.0,12:20,0.0
4G,0.088,Jio,13.0151399,29,80.2398911,-117.0,12:20,0.0
4G,0.088,Jio,13.0151399,29,80.2398911,-115.0,12:20,0.0
4G,0.088,Jio,13.0151399,29,80.2398911,-117.0,12:20,0.0
4G,0.088,Jio,13.0151399,29,80.2398911,-115.0,12:20,0.0
4G,0.088,Jio,13.0151399,29,80.2398911,-117.0,12:20,0.0
4G,0.088,Jio,13.0151399,29,80.2398911,-115.0,12:20,0.0
4G,0.088,Jio,13.0151399,29,80.2398911,-117.0,12:20,0.0
4G,0.088,Jio,13.0151399,29,80.2398911,-115.0,12:20,0.0
4G,0.088,Jio,13.0151399,29,80.2398911,-117.0,12:20,0.0
4G,0.088,Jio,13.0151399,29,80.2398911,-117.0,12:20,0.0
4G,0.088,Jio,13.0151399,29,80.2398911,-115.0,12:20,0.0
4G,0.088,Jio,13.0151399,29,80.2398911,-117.0,12:20,0.0
4G,0.088,Jio,13.0151399,29,80.2398911,-117.0,12:20,0.0
4G,0.088,Jio,13.0151399,29,80.2398911,-115.0,12:20,0.0
4G,0.088,Jio,13.0151399,29,80.2398911,-117.0,12:20,0.0
4G,0.088,Jio,13.0151399,29,80.2398911,-117.0,12:20,0.0
4G,0.088,Jio,13.0151399,29,80.2398911,-115.0,12:20,0.0
4G,0.088,Jio,13.0151399,29,80.2398911,-117.0,12:20,0.0
4G,0.088,Jio,13.0151399,29,80.2398911,-117.0,12:20,0.0
4G,0.088,Jio,13.0151399,29,80.2398911,-115.0,12:20,0.0
4G,0.088,Jio,13.0151399,29,80.2398911,-117.0,12:20,0.0
4G,0.088,Jio,13.0151399,29,80.2398911,-117.0,12:20,0.0
4G,0.088,Jio,13.0151399,29,80.2398911,-115.0,12:20,0.0
4G,0.088,Jio,13.0151399,29,80.2398911,-117.0,12:20,0.0
4G,0.088,Jio,13.0151399,29,80.2398911,-117.0,12:20,0.0
4G,0.088,Jio,13.0151399,29,80.2398911,-115.0,12:20,0.0
4G,0.088,Jio,13.0151399,29,80.2398911,-117.0,12:20,0.0
4G,0.088,Jio,13.0151399,29,80.2398911,-117.0,12:20,0.0
4G,0.088,Jio,13.0151399,29,80.2398911,-115.0,12:20,0.0
4G,0.088,Jio,13.0151399,29,80.2398911,-117.0,12:20,0.0
4G,0.088,Jio,13.0151399,29,80.2398911,-117.0,12:20,0.0
4G,0.088,Jio,13.0151399,29,80.2398911,-115.0,12:20,0.0
4G,0.088,Jio,13.0151399,29,80.2398911,-117.0,12:20,0.0
4G,0.088,Jio,13.0151399,29,80.2398911,-117.0,12:20,0.0
4G,0.088,Jio,13.0151399,29,80.2398911,-115.0,12:20,0.0
4G,0.088,Jio,13.0151399,29,80.2398911,-117.0,12:20,0.0
4G,0.088,Jio,13.0151399,29,80.2398911,-117.0,12:20,0.0
4G,0.088,Jio,13.0151399,29,80.2398911,-115.0,12:20,0.0
4G,0.088,Jio,13.0151399,29,80.2398911,-117.0,12:20,0.0
4G,0.088,Jio,13.0151399,29,80.2398911,-117.0,12:20,0.0
4G,0.088,Jio,13.0151399,29,80.2398911,-115.0,12:20,0.0
4G,0.088,Jio,13.0151399,29,80.2398911,-117.0,12:20,0.0
4G,0.088,Jio,13.0151399,29,80.2398911,-117.0,12:20,0.0
4G,0.088,Jio,13.0151399,29,80.2398911,-115.0,12:20,0.0
4G,0.088,Jio,13.0151399,29,80.2398911,-117.0,12:20,0.0
4G,0.088,Jio,13.0151399,29,80.2398911,-117.0,12:20,0.0
4G,0.088,Jio,13.0151399,29,80.2398911,-115.0,12:20,0.0
4G,0.088,Jio,13.0151399,29,80.2398911,-117.0,12:20,0.0
4G,0.088,Jio,13.0151399,29,80.2398911,-117.0,12:20,0.0
4G,0.088,Jio,13.0151399,29,80.2398911,-115.0,12:20,0.0
4G,0.088,Jio,13.0151399,29,80.2398911,-117.0,12:20,0.0
4G,0.088,Jio,13.0151399,29,80.2398911,-117.0,12:20,0.0
4G,0.088,Jio,13.0151399,29,80.2398911,-115.0,12:20,0.0
4G,0.088,Jio,13.0151399,29,80.2398911,-117.0,12:20,0.0
4G,0.088,Jio,13.0151399,29,80.2398911,-117.0,12:20,0.0
4G,0.088,Jio,13.0151399,29,80.2398911,-117.0,12:20,0.0
4G,0.0,Jio,13.015139,58,80.2398863,-124.0,12:43,0.0
4G,0.0,Jio,13.015139,58,80.2398863,-124.0,12:43,0.0
4G,0.0,Jio,13.015139,0,80.2398863,-121.0,12:43,0.0
4G,0.0,Jio,13.0151396,0,80.2398897,-124.0,12:44,0.0
4G,0.0,Jio,13.0151396,0,80.2398897,-124.0,12:44,0.0
4G,0.0,Jio,13.0151396,0,80.2398897,-124.0,12:44,0.0
4G,0.0,Jio,13.0151382,1540,80.2398859,-120.0,12:44,0.0
4G,0.0,Jio,13.0151396,0,80.2398897,-124.0,12:44,0.0
4G,0.0,Jio,13.0151382,0,80.2398859,-120.0,12:44,0.0
4G,0.0,Jio,13.0151382,0,80.2398859,-120.0,12:44,0.0
4G,0.0,Jio,13.0151371,0,80.23988,-124.0,12:44,0.0
4G,0.0,Jio,13.0151386,0,80.2398864,-124.0,12:44,0.0
4G,0.0,Jio,13.0151386,0,80.2398864,-124.0,12:44,0.0
4G,0.0,Jio,13.0151386,0,80.2398864,-124.0,12:44,0.0
4G,0.0,Jio,13.0151386,0,80.2398864,-123.0,12:44,0.0
4G,0.0,Jio,13.0151381,0,80.2398884,-127.0,12:45,0.0
4G,0.0,Jio,13.0151383,0,80.239886,-126.0,12:45,0.0
4G,0.0,Jio,13.0151387,0,80.2398875,-127.0,12:45,0.0
4G,0.0,Jio,13.0151387,0,80.2398875,-128.0,12:45,0.0
4G,0.0,Jio,13.0151396,0,80.2398895,-128.0,12:45,0.0
4G,0.0,Jio,13.0151396,0,80.2398895,-127.0,12:45,0.0
4G,0.0,Jio,13.0151395,0,80.2398829,-127.0,12:45,0.0
4G,0.0,Jio,13.0151383,0,80.239886,-126.0,12:45,0.0
4G,0.0,Jio,13.0151386,0,80.2398857,-110.0,12:45,0.0
4G,0.0,Jio,13.0151409,0,80.2398869,-110.0,12:45,0.0
4G,0.0,Jio,13.0151381,0,80.2398776,-112.0,12:45,0.0
4G,0.0,Jio,13.0151393,0,80.2398873,-128.0,12:46,0.0
4G,0.0,Jio,13.0151383,0,80.239886,-126.0,12:45,0.0
4G,0.0,Jio,13.0151387,0,80.2398875,-127.0,12:45,0.0
4G,0.0,Jio,13.0151386,0,80.2398874,-128.0,12:46,0.0
4G,0.0,Jio,13.0151386,0,80.2398874,-128.0,12:46,0.0
4G,0.0,Jio,13.0151386,0,80.2398874,-128.0,12:46,0.0
4G,0.0,Jio,13.0151383,0,80.239886,-126.0,12:45,0.0
4G,0.0,Jio,13.0151387,0,80.2398875,-127.0,12:45,0.0
4G,0.0,Jio,13.0151387,0,80.2398875,-128.0,12:45,0.0
4G,0.0,Jio,13.0151386,0,80.2398874,-115.0,12:46,0.0
4G,0.0,Jio,13.0151386,0,80.2398874,-115.0,12:46,0.0
4G,0.0,Jio,13.0151386,0,80.2398874,-115.0,12:46,0.0
4G,0.0,Jio,13.0151386,0,80.2398874,-115.0,12:46,0.0
4G,0.0,Jio,13.015139,0,80.2398877,-115.0,12:46,0.0
4G,0.0,Jio,13.0151383,0,80.239886,-126.0,12:45,0.0
4G,0.0,Jio,13.0151387,0,80.2398875,-127.0,12:45,0.0
4G,0.0,Jio,13.0151387,0,80.2398875,-128.0,12:45,0.0
4G,0.0,Jio,13.0151396,0,80.2398895,-128.0,12:45,0.0
4G,0.0,Jio,13.0151396,0,80.2398895,-127.0,12:45,0.0
4G,0.0,Jio,13.0151409,0,80.2398869,-110.0,12:45,0.0
4G,0.0,Jio,13.015139,28,80.2398877,-116.0,12:46,0.0
4G,0.0,Jio,13.015139,28,80.2398877,-116.0,12:46,0.0
4G,0.0,Jio,13.015139,28,80.2398877,-116.0,12:46,0.0
4G,0.0,Jio,13.015139,28,80.2398877,-116.0,12:46,0.0
4G,0.0,Jio,13.015139,28,80.2398877,-116.0,12:46,0.0
4G,0.0,Jio,13.015139,28,80.2398877,-116.0,12:46,0.0
4G,0.0,Jio,13.015139,28,80.2398877,-116.0,12:46,0.0
4G,0.0,Jio,13.015139,28,80.2398877,-116.0,12:46,0.0
4G,0.0,Jio,13.015139,28,80.2398877,-116.0,12:46,0.0
4G,0.0,Jio,13.015139,0,80.2398877,-125.0,12:46,0.0
4G,0.0,Jio,13.015139,28,80.2398877,-116.0,12:46,0.0
4G,0.0,Jio,13.015139,0,80.2398877,-125.0,12:46,0.0
4G,0.0,Jio,13.015139,28,80.2398877,-116.0,12:46,0.0
4G,0.0,Jio,13.015139,0,80.2398877,-125.0,12:46,0.0
4G,0.0,Jio,13.015139,28,80.2398877,-116.0,12:46,0.0
4G,0.0,Jio,13.015139,0,80.2398877,-125.0,12:46,0.0
4G,0.0,Jio,13.015139,28,80.2398877,-116.0,12:46,0.0
4G,0.0,Jio,13.015139,0,80.2398877,-125.0,12:46,0.0
4G,0.0,Jio,13.015139,28,80.2398877,-116.0,12:46,0.0
4G,0.0,Jio,13.015139,0,80.2398877,-125.0,12:46,0.0
4G,0.0,Jio,13.0151383,0,80.239886,-126.0,12:45,0.0
4G,0.0,Jio,13.0151387,0,80.2398875,-127.0,12:45,0.0
4G,0.0,Jio,13.0151387,0,80.2398875,-128.0,12:45,0.0
4G,0.0,Jio,13.0151396,0,80.2398895,-128.0,12:45,0.0
4G,0.0,Jio,13.0151383,37,80.2398851,-114.0,12:46,0.0
4G,0.0,Jio,13.0151383,37,80.2398851,-114.0,12:46,0.0
4G,0.0,Jio,13.0151383,37,80.2398851,-114.0,12:46,0.0
4G,0.0,Jio,13.0151383,37,80.2398851,-114.0,12:46,0.0
4G,0.0,Jio,13.0151383,0,80.2398851,-114.0,12:46,0.0
4G,0.0,Jio,13.0151383,37,80.2398851,-115.0,12:46,0.0
4G,0.0,Jio,13.0151383,37,80.2398851,-115.0,12:46,0.0
4G,0.0,Jio,13.0151393,37,80.2398841,-116.0,12:46,0.0
4G,0.0,Jio,13.0151386,0,80.2398864,-123.0,12:44,0.0
4G,0.0,Jio,13.0151393,37,80.2398841,-111.0,12:46,0.0
4G,0.0,Jio,13.0151393,37,80.2398841,-111.0,12:46,0.0
4G,0.0,Jio,13.0151393,29,80.2398841,-115.0,12:46,0.0
4G,0.0,Jio,13.0151393,37,80.2398841,-111.0,12:46,0.0
4G,0.0,Jio,13.0151393,29,80.2398841,-115.0,12:46,0.0
4G,0.0,Jio,13.0151393,37,80.2398841,-111.0,12:46,0.0
4G,0.0,Jio,13.0151393,29,80.2398841,-115.0,12:46,0.0
4G,0.0,Jio,13.0151393,37,80.2398841,-111.0,12:46,0.0
4G,0.0,Jio,13.0151393,29,80.2398841,-115.0,12:46,0.0
4G,0.0,Jio,13.0151393,22,80.2398841,-109.0,12:46,0.0
4G,0.0,Jio,13.0151393,22,80.2398841,-109.0,12:46,0.0
4G,0.0,Jio,13.0151393,22,80.2398841,-109.0,12:46,0.0
4G,0.0,Jio,13.0151386,0,80.2398864,-123.0,12:44,0.0
4G,0.0,Jio,13.0151386,0,80.2398864,-123.0,12:44,0.0
4G,0.0,Jio,13.0151386,0,80.2398864,-123.0,12:44,0.0
4G,0.0,Jio,13.0151386,0,80.2398864,-123.0,12:44,0.0
4G,0.0,Jio,13.0151386,0,80.2398864,-123.0,12:44,0.0
4G,0.0,Jio,13.015139,58,80.2398863,-124.0,12:43,0.0
4G,0.0,Jio,13.015139,0,80.2398863,-121.0,12:43,0.0
4G,0.0,Jio,13.015139,0,80.2398863,-121.0,12:44,0.0
4G,0.0,Jio,13.0151393,28,80.2398841,-116.0,12:47,0.0
