connection_type,download_speed,isp,lat,latency,long,rsrp,time,upload_speed
4G,1.4119999408721924,Airtel,13.0151438,22,80.2398478,-104.0,10:52,0.7839999794960022
4G,1.4119999408721924,Airtel,13.015158,22,80.2398163,-106.0,10:53,0.7839999794960022
4G,1.4119999408721924,Airtel,13.015158,22,80.2398163,-106.0,10:53,0.7839999794960022
4G,1.4119999408721924,Airtel,13.015158,22,80.2398163,-106.0,10:53,0.7839999794960022
4G,1.4119999408721924,Airtel,13.0151535,22,80.2397949,-106.0,10:53,0.7839999794960022
4G,1.4119999408721924,Airtel,13.0151535,22,80.2397946,-108.0,10:53,0.7839999794960022
4G,1.4119999408721924,Airtel,13.0151535,22,80.2397946,-106.0,10:53,0.7839999794960022
4G,1.4119999408721924,Airtel,13.0151533,22,80.2397933,-105.0,10:53,0.7839999794960022
4G,1.4119999408721924,Airtel,13.0151533,22,80.2397933,-116.0,10:53,0.7839999794960022
4G,1.4119999408721924,Airtel,13.0151533,22,80.2397933,-112.0,10:53,0.7839999794960022
4G,1.4119999408721924,Airtel,13.0151533,22,80.2397933,-112.0,10:53,0.7839999794960022
4G,1.4119999408721924,Airtel,13.0151533,22,80.2397933,-114.0,10:53,0.7839999794960022
4G,1.4119999408721924,Airtel,13.0151533,22,80.2397933,-111.0,10:53,0.7839999794960022
4G,1.4119999408721924,Airtel,13.0151533,22,80.2397933,-113.0,10:53,0.7839999794960022
4G,1.4119999408721924,Airtel,13.0149791,22,80.2399275,-105.0,10:53,0.7839999794960022
4G,1.4119999408721924,Airtel,13.0149779,22,80.2399284,-105.0,10:53,0.7839999794960022
4G,1.4119999408721924,Airtel,13.0149779,22,80.2399284,-108.0,10:53,0.7839999794960022
4G,1.4119999408721924,Airtel,13.0149702,22,80.2399365,-106.0,10:53,0.7839999794960022
4G,1.4119999408721924,Airtel,13.0149701,22,80.2399365,-115.0,10:53,0.7839999794960022
4G,1.4119999408721924,Airtel,13.01497,22,80.2399367,-115.0,10:53,0.7839999794960022
4G,1.4119999408721924,Airtel,13.01497,22,80.2399367,-105.0,10:54,0.7839999794960022
4G,1.4119999408721924,Airtel,13.01497,22,80.2399367,-109.0,10:54,0.7839999794960022
4G,1.4119999408721924,Airtel,13.01497,22,80.2399367,-107.0,10:54,0.7839999794960022
4G,1.4119999408721924,Airtel,13.01497,22,80.2399367,-106.0,10:54,0.7839999794960022
4G,1.4119999408721924,Airtel,13.0148681,22,80.2398957,-107.0,10:54,0.7839999794960022
4G,1.4119999408721924,Airtel,13.0148656,22,80.2398956,-107.0,10:54,0.7839999794960022
4G,1.4119999408721924,Airtel,13.0148656,22,80.2398956,-106.0,10:54,0.7839999794960022
4G,1.4119999408721924,Airtel,13.0148026,22,80.2399049,-106.0,10:54,0.7839999794960022
4G,1.4119999408721924,Airtel,13.0148026,22,80.2399049,-114.0,10:54,0.7839999794960022
4G,1.4119999408721924,Airtel,13.0148017,22,80.239905,-117.0,10:54,0.7839999794960022
4G,1.5160000324249268,Airtel,13.0151449,45,80.239844,-126.0,11:19,0.0710000023245811
4G,1.5160000324249268,Airtel,13.0151449,45,80.239844,-123.0,11:19,0.0710000023245811
4G,1.5160000324249268,Airtel,13.0151458,45,80.2398468,-125.0,11:19,0.0710000023245811
4G,1.5160000324249268,Airtel,13.0151467,45,80.2398486,-125.0,11:19,0.0710000023245811
4G,1.5160000324249268,Airtel,13.0151467,45,80.2398486,-123.0,11:19,0.0710000023245811
4G,1.5160000324249268,Airtel,13.0151467,45,80.2398486,-124.0,11:19,0.0710000023245811
4G,1.5160000324249268,Airtel,13.0151447,45,80.2398402,-124.0,11:19,0.0710000023245811
4G,1.5160000324249268,Airtel,13.0151447,45,80.2398402,-122.0,11:19,0.0710000023245811
4G,123.21700286865234,Airtel,13.0148499,11,80.2385495,-107.0,11:28,0.796999990940094
4G,123.21700286865234,Airtel,13.014848,11,80.2384502,-107.0,11:28,0.796999990940094
4G,123.21700286865234,Airtel,13.0148726,11,80.2384328,-107.0,11:28,0.796999990940094
4G,123.21700286865234,Airtel,13.0148896,11,80.2384142,-107.0,11:28,0.796999990940094
4G,123.21700286865234,Airtel,13.0149049,11,80.2383923,-107.0,11:28,0.796999990940094
4G,123.21700286865234,Airtel,13.0149226,11,80.2383742,-107.0,11:28,0.796999990940094
4G,123.21700286865234,Airtel,13.0149275,11,80.2383537,-107.0,11:28,0.796999990940094
4G,123.21700286865234,Airtel,13.01494,11,80.2383413,-107.0,11:28,0.796999990940094
4G,62.584999084472656,Airtel,13.0151106,18,80.2379768,-107.0,11:29,0.4440000057220459
4G,62.584999084472656,Airtel,13.0151345,18,80.2379197,-107.0,11:29,0.4440000057220459
4G,62.584999084472656,Airtel,13.0151407,18,80.237891,-107.0,11:29,0.4440000057220459
4G,62.584999084472656,Airtel,13.0151439,18,80.2378777,-107.0,11:29,0.4440000057220459
4G,62.584999084472656,Airtel,13.0151517,18,80.2378586,-107.0,11:29,0.4440000057220459
4G,62.584999084472656,Airtel,13.0151584,18,80.2378393,-107.0,11:29,0.4440000057220459
4G,62.584999084472656,Airtel,13.0151653,18,80.2378187,-107.0,11:29,0.4440000057220459
4G,62.584999084472656,Airtel,13.0151665,18,80.2377964,-107.0,11:29,0.4440000057220459
4G,62.584999084472656,Airtel,13.0151638,18,80.237784,-107.0,11:29,0.4440000057220459
4G,62.584999084472656,Airtel,13.0151669,18,80.2377638,-107.0,11:29,0.4440000057220459
4G,13.182000160217283,Airtel,13.0152333,15,80.2376833,-44.0,11:30,0.1369999945163726
4G,13.182000160217283,Airtel,13.0152333,15,80.2376833,-44.0,11:30,0.1369999945163726
4G,13.182000160217283,Airtel,13.0152333,15,80.2376833,-44.0,11:30,0.1369999945163726
4G,13.182000160217283,Airtel,13.0152333,15,80.2376833,-44.0,11:31,0.1369999945163726
4G,13.182000160217283,Airtel,13.0152333,15,80.2376833,-113.0,11:31,0.1369999945163726
4G,13.182000160217283,Airtel,13.0152333,15,80.2376833,-113.0,11:31,0.1369999945163726
4G,13.182000160217283,Airtel,13.0152333,15,80.2376833,-113.0,11:31,0.1369999945163726
4G,13.182000160217283,Airtel,13.0152328,15,80.2376763,-113.0,11:31,0.1369999945163726
4G,13.182000160217283,Airtel,13.0152355,15,80.2376754,-113.0,11:31,0.1369999945163726
4G,13.182000160217283,Airtel,13.0152348,15,80.2376758,-113.0,11:31,0.1369999945163726
4G,28.90800094604492,Airtel,13.0134203,11,80.2361802,-112.0,11:38,0.5540000200271606
4G,28.90800094604492,Airtel,13.0134091,11,80.2361962,-112.0,11:38,0.5540000200271606
4G,28.90800094604492,Airtel,13.0134236,11,80.2362145,-44.0,11:38,0.5540000200271606
4G,28.90800094604492,Airtel,13.0134319,11,80.2362091,-44.0,11:38,0.5540000200271606
4G,28.90800094604492,Airtel,13.0134294,11,80.2362105,-44.0,11:38,0.5540000200271606
4G,28.90800094604492,Airtel,13.0134282,11,80.2362143,-97.0,11:38,0.5540000200271606
4G,28.90800094604492,Airtel,13.0134341,11,80.2362224,-117.0,11:38,0.5540000200271606
4G,28.90800094604492,Airtel,13.0134435,11,80.2362003,-117.0,11:38,0.5540000200271606
4G,28.90800094604492,Airtel,13.0134536,11,80.2362012,-117.0,11:38,0.5540000200271606
4G,28.90800094604492,Airtel,13.0134604,11,80.2362061,-117.0,11:38,0.5540000200271606
4G,28.90800094604492,Airtel,13.0134711,11,80.2362027,-117.0,11:38,0.5540000200271606
4G,28.90800094604492,Airtel,13.0134829,11,80.2362123,-117.0,11:38,0.5540000200271606
4G,28.90800094604492,Airtel,13.0134859,11,80.2362181,-117.0,11:38,0.5540000200271606
4G,28.90800094604492,Airtel,13.0134804,11,80.2362264,-117.0,11:38,0.5540000200271606
4G,28.90800094604492,Airtel,13.0134607,11,80.2362446,-117.0,11:38,0.5540000200271606
4G,28.90800094604492,Airtel,13.0134493,11,80.2362593,-115.0,11:38,0.5540000200271606
4G,0.0,Airtel,13.0131069,0,80.2363245,-106.0,11:36,0.0
4G,234.4239959716797,Airtel,13.0133947,12,80.2357305,-107.0,11:38,3.0290000438690186
4G,234.4239959716797,Airtel,13.0133958,12,80.2357308,-107.0,11:38,3.0290000438690186
4G,234.4239959716797,Airtel,13.0133994,12,80.2357289,-109.0,11:38,3.0290000438690186
4G,234.4239959716797,Airtel,13.0133989,12,80.2357337,-109.0,11:38,3.0290000438690186
4G,279.8519897460937,Airtel,13.0134475,10,80.2357244,-105.0,11:39,3.3429999351501465
4G,279.8519897460937,Airtel,13.0134474,10,80.2357244,-105.0,11:39,3.3429999351501465
4G,279.8519897460937,Airtel,13.0134474,10,80.2357244,-107.0,11:39,3.3429999351501465
4G,0.6169999837875366,Jio,13.0140276,41,80.2357855,-120.0,11:39,0.0780000016093254
4G,0.6169999837875366,Jio,13.0131399,41,80.2357618,-116.0,11:39,0.0780000016093254
4G,0.6169999837875366,Jio,13.0131889,41,80.2357488,-116.0,11:39,0.0780000016093254
4G,0.6169999837875366,Jio,13.0131463,41,80.2357633,-117.0,11:40,0.0780000016093254
4G,0.6169999837875366,Jio,13.0131463,41,80.2357633,-120.0,11:40,0.0780000016093254
4G,0.6169999837875366,Jio,13.0131376,41,80.2357572,-118.0,11:40,0.0780000016093254
4G,0.6169999837875366,Jio,13.013132,41,80.2357504,-118.0,11:40,0.0780000016093254
4G,0.6169999837875366,Jio,13.0131458,41,80.2357374,-119.0,11:40,0.0780000016093254
4G,0.6169999837875366,Jio,13.0131561,41,80.2357434,-124.0,11:40,0.0780000016093254
4G,0.6169999837875366,Jio,13.0131561,41,80.2357434,-112.0,11:40,0.0780000016093254
4G,0.6169999837875366,Jio,13.013147,41,80.2357525,-93.0,11:40,0.0780000016093254
4G,0.6169999837875366,Jio,13.0131365,41,80.2357392,-121.0,11:40,0.0780000016093254
4G,0.6169999837875366,Jio,13.0131365,41,80.2357392,-119.0,11:40,0.0780000016093254
4G,279.8519897460937,Airtel,13.0134515,10,80.2357234,-109.0,11:39,3.3429999351501465
4G,279.8519897460937,Airtel,13.0134341,10,80.2356947,-110.0,11:39,3.3429999351501465
4G,279.8519897460937,Airtel,13.0134323,10,80.2356781,-112.0,11:39,3.3429999351501465
4G,279.8519897460937,Airtel,13.0134075,10,80.235681,-112.0,11:39,3.3429999351501465
4G,0.0,Airtel,13.0134264,0,80.2356858,-112.0,11:39,0.0
4G,331.75,Airtel,13.01345,11,80.2356032,-112.0,11:40,2.191999912261963
4G,331.75,Airtel,13.01345,11,80.2356032,-112.0,11:40,2.191999912261963
4G,331.75,Airtel,13.0134385,11,80.2356187,-112.0,11:40,2.191999912261963
4G,331.75,Airtel,13.0134261,11,80.2356081,-110.0,11:40,2.191999912261963
4G,331.75,Airtel,13.0134193,11,80.2356135,-110.0,11:40,2.191999912261963
4G,88.197998046875,Airtel,13.0134667,14,80.2361,-115.0,11:39,0.2930000126361847
4G,88.197998046875,Airtel,13.0134667,14,80.2361,-115.0,11:39,0.2930000126361847
4G,88.197998046875,Airtel,13.0134667,14,80.2361,-115.0,11:40,0.2930000126361847
4G,88.197998046875,Airtel,13.0134667,14,80.2361,-115.0,11:40,0.2930000126361847
4G,88.197998046875,Airtel,13.0134667,14,80.2361,-115.0,11:40,0.2930000126361847
4G,88.197998046875,Airtel,13.0134667,14,80.2361,-115.0,11:40,0.2930000126361847
4G,88.197998046875,Airtel,13.0134662,14,80.2360984,-116.0,11:40,0.2930000126361847
4G,88.197998046875,Airtel,13.0134679,14,80.2360971,-114.0,11:40,0.2930000126361847
4G,88.197998046875,Airtel,13.0134697,14,80.2361015,-44.0,11:40,0.2930000126361847
4G,88.197998046875,Airtel,13.0134685,14,80.2361013,-44.0,11:40,0.2930000126361847
2G,0.0,Airtel,13.0134665,0,80.2361032,-44.0,11:40,0.0
4G,331.75,Airtel,13.0134397,11,80.2356263,-110.0,11:40,2.191999912261963
4G,331.75,Airtel,13.0134455,11,80.2356265,-110.0,11:40,2.191999912261963
4G,2.9119999408721924,Jio,13.0131432,44,80.2357094,-115.0,11:41,0.0189999993890523
4G,2.9119999408721924,Jio,13.0131287,44,80.2356988,-115.0,11:41,0.0189999993890523
4G,2.9119999408721924,Jio,13.0131287,44,80.2356988,-115.0,11:41,0.0189999993890523
4G,2.9119999408721924,Jio,13.0131266,44,80.2356969,-116.0,11:41,0.0189999993890523
4G,2.9119999408721924,Jio,13.0131346,44,80.235701,-122.0,11:41,0.0189999993890523
4G,2.9119999408721924,Jio,13.0131154,44,80.235716,-116.0,11:41,0.0189999993890523
4G,2.9119999408721924,Jio,13.0130984,44,80.2357062,-116.0,11:41,0.0189999993890523
4G,2.9119999408721924,Jio,13.0130906,44,80.2356863,-113.0,11:41,0.0189999993890523
4G,2.9119999408721924,Jio,13.0131129,44,80.2356759,-113.0,11:41,0.0189999993890523
4G,2.9119999408721924,Jio,13.0131469,44,80.2356784,-109.0,11:42,0.0189999993890523
4G,2.9119999408721924,Jio,13.0131469,44,80.2356784,-109.0,11:42,0.0189999993890523
4G,2.9119999408721924,Jio,13.0131371,44,80.2356653,-94.0,11:42,0.0189999993890523
4G,2.9119999408721924,Jio,13.0131205,44,80.2356639,-94.0,11:42,0.0189999993890523
4G,2.9119999408721924,Jio,13.0131078,44,80.2356689,-113.0,11:42,0.0189999993890523
4G,76.75399780273438,Airtel,13.0134667,9,80.2361,-44.0,11:41,0.4830000102519989
4G,76.75399780273438,Airtel,13.0134667,9,80.2361,-44.0,11:41,0.4830000102519989
4G,76.75399780273438,Airtel,13.0134667,9,80.2361,-44.0,11:41,0.4830000102519989
4G,76.75399780273438,Airtel,13.0134667,9,80.2361,-44.0,11:41,0.4830000102519989
4G,76.75399780273438,Airtel,13.0134667,9,80.2361,-110.0,11:41,0.4830000102519989
4G,76.75399780273438,Airtel,13.0134715,9,80.2360345,-111.0,11:41,0.4830000102519989
4G,76.75399780273438,Airtel,13.0134628,9,80.2359921,-111.0,11:41,0.4830000102519989
4G,76.75399780273438,Airtel,13.0134652,9,80.2359921,-111.0,11:41,0.4830000102519989
4G,76.75399780273438,Airtel,13.0134516,9,80.2360306,-112.0,11:41,0.4830000102519989
4G,76.75399780273438,Airtel,13.0134436,9,80.236048,-112.0,11:41,0.4830000102519989
4G,76.75399780273438,Airtel,13.0134464,9,80.2360489,-112.0,11:41,0.4830000102519989
4G,76.75399780273438,Airtel,13.0134477,9,80.2360583,-112.0,11:41,0.4830000102519989
4G,76.75399780273438,Airtel,13.0134494,9,80.236054,-116.0,11:41,0.4830000102519989
4G,76.75399780273438,Airtel,13.0134543,9,80.2360424,-116.0,11:41,0.4830000102519989
4G,76.75399780273438,Airtel,13.0134496,9,80.2360394,-116.0,11:41,0.4830000102519989
4G,76.75399780273438,Airtel,13.0134489,9,80.2360243,-116.0,11:41,0.4830000102519989
4G,76.75399780273438,Airtel,13.0134596,9,80.2360135,-116.0,11:42,0.4830000102519989
4G,76.75399780273438,Airtel,13.013476,9,80.2360088,-116.0,11:42,0.4830000102519989
4G,76.75399780273438,Airtel,13.0134929,9,80.2360074,-114.0,11:42,0.4830000102519989
4G,76.75399780273438,Airtel,13.0134862,9,80.2360277,-44.0,11:42,0.4830000102519989
4G,76.75399780273438,Airtel,13.0134824,9,80.2360372,-44.0,11:42,0.4830000102519989
4G,76.75399780273438,Airtel,13.0134926,9,80.2360623,-114.0,11:42,0.4830000102519989
4G,76.75399780273438,Airtel,13.0135023,9,80.2360803,-114.0,11:42,0.4830000102519989
4G,76.75399780273438,Airtel,13.0135021,9,80.2360926,-114.0,11:42,0.4830000102519989
4G,76.75399780273438,Airtel,13.0134978,9,80.2361066,-114.0,11:42,0.4830000102519989
4G,76.75399780273438,Airtel,13.0134965,9,80.2361117,-114.0,11:42,0.4830000102519989
4G,169.08799743652344,Airtel,13.0134468,12,80.2355183,-110.0,11:43,1.4190000295639038
4G,169.08799743652344,Airtel,13.0134408,12,80.2355082,-110.0,11:43,1.4190000295639038
4G,169.08799743652344,Airtel,13.0134155,12,80.2355158,-110.0,11:43,1.4190000295639038
4G,169.08799743652344,Airtel,13.0133872,12,80.2355683,-110.0,11:43,1.4190000295639038
4G,169.08799743652344,Airtel,13.013393,12,80.2355638,-110.0,11:43,1.4190000295639038
4G,2.9119999408721924,Jio,13.0131078,44,80.2356689,-117.0,11:42,0.0189999993890523
4G,5.752999782562256,Jio,13.0130943,28,80.2356604,-105.0,11:43,0.0189999993890523
4G,5.752999782562256,Jio,13.0131055,28,80.2356561,-111.0,11:43,0.0189999993890523
4G,5.752999782562256,Jio,13.0131055,28,80.2356561,-111.0,11:43,0.0189999993890523
4G,5.752999782562256,Jio,13.0131213,28,80.2356652,-111.0,11:43,0.0189999993890523
4G,5.752999782562256,Jio,13.0131498,28,80.2356709,-112.0,11:43,0.0189999993890523
4G,5.752999782562256,Jio,13.013152,28,80.2356502,-112.0,11:43,0.0189999993890523
4G,5.752999782562256,Jio,13.0131268,28,80.2356497,-113.0,11:43,0.0189999993890523
4G,5.752999782562256,Jio,13.0131185,28,80.2356455,-115.0,11:43,0.0189999993890523
4G,5.752999782562256,Jio,13.013141,28,80.2356321,-110.0,11:43,0.0189999993890523
4G,5.752999782562256,Jio,13.0131415,28,80.2356228,-110.0,11:43,0.0189999993890523
4G,5.752999782562256,Jio,13.0131253,28,80.2356219,-115.0,11:43,0.0189999993890523
4G,5.752999782562256,Jio,13.0131218,28,80.2356086,-112.0,11:43,0.0189999993890523
4G,39.84600067138672,Airtel,13.0134853,13,80.2359805,-114.0,11:43,0.3459999859333038
4G,39.84600067138672,Airtel,13.0134877,13,80.235982,-109.0,11:43,0.3459999859333038
4G,39.84600067138672,Airtel,13.0134882,13,80.2359817,-109.0,11:43,0.3459999859333038
4G,39.84600067138672,Airtel,13.0134883,13,80.2359817,-109.0,11:43,0.3459999859333038
4G,39.84600067138672,Airtel,13.0134792,13,80.2360105,-109.0,11:43,0.3459999859333038
4G,39.84600067138672,Airtel,13.0134792,13,80.2360105,-109.0,11:43,0.3459999859333038
4G,39.84600067138672,Airtel,13.0134799,13,80.2360116,-109.0,11:44,0.3459999859333038
4G,39.84600067138672,Airtel,13.0134825,13,80.236012,-109.0,11:44,0.3459999859333038
4G,39.84600067138672,Airtel,13.0134825,13,80.236012,-109.0,11:44,0.3459999859333038
4G,39.84600067138672,Airtel,13.0134803,13,80.2360129,-109.0,11:44,0.3459999859333038
4G,39.84600067138672,Airtel,13.0134606,13,80.2360573,-114.0,11:44,0.3459999859333038
4G,39.84600067138672,Airtel,13.0134682,13,80.2360754,-114.0,11:44,0.3459999859333038
4G,39.84600067138672,Airtel,13.0134903,13,80.2361428,-114.0,11:44,0.3459999859333038
4G,39.84600067138672,Airtel,13.0134908,13,80.2361305,-114.0,11:44,0.3459999859333038
4G,39.84600067138672,Airtel,13.0134878,13,80.2361185,-114.0,11:44,0.3459999859333038
4G,39.84600067138672,Airtel,13.0134802,13,80.2361108,-114.0,11:44,0.3459999859333038
4G,39.84600067138672,Airtel,13.0134596,13,80.2361067,-114.0,11:44,0.3459999859333038
4G,39.84600067138672,Airtel,13.01345,13,80.2361072,-114.0,11:44,0.3459999859333038
4G,5.752999782562256,Jio,13.0131264,28,80.2356075,-108.0,11:43,0.0189999993890523
4G,5.752999782562256,Jio,13.0131277,28,80.235601,-98.0,11:43,0.0189999993890523
4G,0.0,Jio,13.0131277,0,80.235601,-113.0,11:43,0.0
4G,0.0,Jio,13.0131277,0,80.235601,-112.0,11:43,0.0
4G,0.5370000004768372,Jio,13.0131507,30,80.2356085,-118.0,11:45,0.0130000002682209
4G,0.5370000004768372,Jio,13.0131589,30,80.2355969,-118.0,11:45,0.0130000002682209
4G,0.5370000004768372,Jio,13.0131577,30,80.2355998,-117.0,11:45,0.0130000002682209
4G,0.5370000004768372,Jio,13.013146,30,80.2355947,-117.0,11:45,0.0130000002682209
4G,0.5370000004768372,Jio,13.0131314,30,80.2355949,-116.0,11:45,0.0130000002682209
4G,0.5370000004768372,Jio,13.0131255,30,80.2355992,-116.0,11:45,0.0130000002682209
4G,0.5370000004768372,Jio,13.0131368,30,80.2355747,-115.0,11:45,0.0130000002682209
4G,0.5370000004768372,Jio,13.0131331,30,80.2355706,-115.0,11:45,0.0130000002682209
4G,0.5370000004768372,Jio,13.0131547,30,80.2355656,-115.0,11:45,0.0130000002682209
4G,0.5370000004768372,Jio,13.0131547,30,80.2355656,-115.0,11:45,0.0130000002682209
4G,0.5370000004768372,Jio,13.0131732,30,80.2355668,-115.0,11:45,0.0130000002682209
4G,0.5370000004768372,Jio,13.0131782,30,80.2355534,-113.0,11:45,0.0130000002682209
4G,0.5370000004768372,Jio,13.0131574,30,80.2355477,-113.0,11:45,0.0130000002682209
4G,0.5370000004768372,Jio,13.0131592,30,80.2355332,-111.0,11:45,0.0130000002682209
4G,0.5370000004768372,Jio,13.0131671,30,80.235535,-112.0,11:45,0.0130000002682209
4G,0.5370000004768372,Jio,13.0131659,30,80.2355354,-116.0,11:45,0.0130000002682209
4G,0.5370000004768372,Jio,13.0131659,30,80.2355354,-114.0,11:45,0.0130000002682209
4G,0.5370000004768372,Jio,13.0131689,30,80.2355314,-114.0,11:45,0.0130000002682209
4G,0.5370000004768372,Jio,13.0131689,30,80.2355314,-114.0,11:45,0.0130000002682209
4G,0.5370000004768372,Jio,13.0131689,30,80.2355314,-114.0,11:45,0.0130000002682209
4G,0.5370000004768372,Jio,13.0131689,30,80.2355314,-115.0,11:45,0.0130000002682209
4G,296.283,Airtel,13.0134454,31,80.2361875,-114.0,11:45,0.0
4G,296.2829895019531,Airtel,13.013445,31,80.2361883,-114.0,11:45,6.328000068664551
4G,296.2829895019531,Airtel,13.013445,31,80.2361883,-108.0,11:45,6.328000068664551
4G,296.2829895019531,Airtel,13.0134849,31,80.2362113,-113.0,11:45,6.328000068664551
4G,296.2829895019531,Airtel,13.0134973,31,80.2362346,-113.0,11:45,6.328000068664551
4G,296.2829895019531,Airtel,13.0135036,31,80.2362374,-114.0,11:46,6.328000068664551
4G,296.2829895019531,Airtel,13.0134966,31,80.2362361,-114.0,11:46,6.328000068664551
4G,296.2829895019531,Airtel,13.0134838,31,80.2362479,-114.0,11:46,6.328000068664551
4G,296.2829895019531,Airtel,13.0134737,31,80.2362503,-114.0,11:46,6.328000068664551
4G,296.2829895019531,Airtel,13.0134664,31,80.2362606,-114.0,11:46,6.328000068664551
4G,296.2829895019531,Airtel,13.0134466,31,80.2362308,-44.0,11:46,6.328000068664551
4G,296.2829895019531,Airtel,13.0134419,31,80.2362352,-44.0,11:46,6.328000068664551
4G,296.2829895019531,Airtel,13.0134397,31,80.2362243,-44.0,11:46,6.328000068664551
4G,296.2829895019531,Airtel,13.0134531,31,80.2361977,-110.0,11:46,6.328000068664551
4G,296.2829895019531,Airtel,13.0134653,31,80.2361947,-110.0,11:46,6.328000068664551
4G,296.2829895019531,Airtel,13.0134674,31,80.2361945,-110.0,11:46,6.328000068664551
4G,296.2829895019531,Airtel,13.0134979,31,80.236215,-118.0,11:46,6.328000068664551
4G,296.2829895019531,Airtel,13.0134986,31,80.2362191,-118.0,11:46,6.328000068664551
4G,296.2829895019531,Airtel,13.0134957,31,80.2362263,-118.0,11:46,6.328000068664551
4G,296.2829895019531,Airtel,13.0134525,31,80.2362818,-120.0,11:46,6.328000068664551
4G,296.2829895019531,Airtel,13.0134424,31,80.2362846,-120.0,11:46,6.328000068664551
4G,296.2829895019531,Airtel,13.0134376,31,80.2362742,-120.0,11:46,6.328000068664551
4G,0.1449999958276748,Jio,13.0131525,34,80.2354854,-115.0,11:46,0.006000000052154
4G,0.1449999958276748,Jio,13.0131373,34,80.2354705,-115.0,11:46,0.006000000052154
4G,0.1449999958276748,Jio,13.0131373,34,80.2354705,-114.0,11:46,0.006000000052154
4G,0.1449999958276748,Jio,13.013121,34,80.2354637,-114.0,11:46,0.006000000052154
4G,0.1449999958276748,Jio,13.0131241,34,80.2354536,-114.0,11:46,0.006000000052154
4G,0.1449999958276748,Jio,13.0131344,34,80.2354553,-114.0,11:46,0.006000000052154
4G,0.1449999958276748,Jio,13.0131467,34,80.2354502,-114.0,11:46,0.006000000052154
4G,0.1449999958276748,Jio,13.0131113,34,80.2354344,-112.0,11:47,0.006000000052154
4G,0.1449999958276748,Jio,13.013125,34,80.23545,-112.0,11:47,0.006000000052154
4G,0.1449999958276748,Jio,13.013146,34,80.2354401,-112.0,11:47,0.006000000052154
4G,0.1449999958276748,Jio,13.0131463,34,80.235444,-112.0,11:47,0.006000000052154
4G,0.1449999958276748,Jio,13.0131502,34,80.235438,-112.0,11:47,0.006000000052154
4G,0.1449999958276748,Jio,13.0131389,34,80.2354275,-111.0,11:47,0.006000000052154
4G,0.1449999958276748,Jio,13.0131385,34,80.2354249,-112.0,11:47,0.006000000052154
4G,0.1449999958276748,Jio,13.0131385,34,80.2354249,-111.0,11:47,0.006000000052154
4G,0.1449999958276748,Jio,13.0131366,34,80.2354263,-111.0,11:47,0.006000000052154
4G,0.1449999958276748,Jio,13.0131366,34,80.2354263,-112.0,11:47,0.006000000052154
4G,0.1449999958276748,Jio,13.0131366,34,80.2354263,-112.0,11:47,0.006000000052154
4G,0.1449999958276748,Jio,13.0131358,34,80.2354232,-112.0,11:47,0.006000000052154
4G,0.1449999958276748,Jio,13.0131358,34,80.2354232,-112.0,11:47,0.006000000052154
4G,0.0,Jio,13.0131357,0,80.2354212,-112.0,11:47,0.0
4G,0.0,Jio,13.0131357,29,80.2354212,-113.0,11:47,0.0
4G,0.0,Jio,13.0131353,29,80.2354214,-113.0,11:47,0.0
4G,0.0,Jio,13.0131353,29,80.2354214,-117.0,11:47,0.0
4G,0.0,Jio,13.0131353,29,80.2354214,-114.0,11:47,0.0
4G,0.089,Jio,13.0131419,29,80.2354185,-114.0,11:47,0.0
4G,0.089,Jio,13.0131449,29,80.2354191,-114.0,11:47,0.0
4G,0.089,Jio,13.0131449,29,80.2354191,-114.0,11:47,0.0
4G,0.089,Jio,13.0131488,29,80.235414,-113.0,11:48,0.0
4G,0.089,Jio,13.0131462,29,80.2354187,-112.0,11:48,0.0
4G,0.089,Jio,13.0131424,29,80.2354185,-112.0,11:48,0.0
4G,0.0890000015497207,Jio,13.013133,29,80.2354108,-112.0,11:48,0.0189999993890523
4G,0.0890000015497207,Jio,13.013132,29,80.2354061,-112.0,11:48,0.0189999993890523
4G,0.0890000015497207,Jio,13.0131341,29,80.2354077,-110.0,11:48,0.0189999993890523
4G,0.0890000015497207,Jio,13.0131341,29,80.2354077,-117.0,11:48,0.0189999993890523
4G,0.0890000015497207,Jio,13.0131355,29,80.23541,-117.0,11:48,0.0189999993890523
4G,0.0890000015497207,Jio,13.0131334,29,80.2354096,-116.0,11:48,0.0189999993890523
4G,0.0890000015497207,Jio,13.013135,29,80.2354104,-116.0,11:48,0.0189999993890523
4G,0.0890000015497207,Jio,13.013141,29,80.2354097,-115.0,11:48,0.0189999993890523
4G,0.0890000015497207,Jio,13.0131397,29,80.2354072,-115.0,11:48,0.0189999993890523
4G,0.0890000015497207,Jio,13.0131397,29,80.2354072,-114.0,11:48,0.0189999993890523
4G,0.0890000015497207,Jio,13.0131277,29,80.2354087,-113.0,11:48,0.0189999993890523
4G,0.0890000015497207,Jio,13.0131277,29,80.2354087,-113.0,11:48,0.0189999993890523
4G,0.0890000015497207,Jio,13.0131296,29,80.2353914,-114.0,11:48,0.0189999993890523
4G,0.0890000015497207,Jio,13.013147,29,80.2353959,-114.0,11:48,0.0189999993890523
4G,0.0890000015497207,Jio,13.0131605,29,80.2353961,-114.0,11:48,0.0189999993890523
4G,0.0890000015497207,Jio,13.0131683,29,80.2353878,-114.0,11:48,0.0189999993890523
4G,0.0890000015497207,Jio,13.0131467,29,80.235377,-107.0,11:48,0.0189999993890523
4G,0.0890000015497207,Jio,13.0131467,29,80.235377,-107.0,11:48,0.0189999993890523
4G,202.48599243164065,Airtel,13.0134477,25,80.2355424,-114.0,11:48,1.7799999713897705
4G,202.48599243164065,Airtel,13.013448,25,80.2355424,-114.0,11:48,1.7799999713897705
4G,202.48599243164065,Airtel,13.0134499,25,80.2355355,-111.0,11:48,1.7799999713897705
4G,202.48599243164065,Airtel,13.0134436,25,80.2355255,-109.0,11:48,1.7799999713897705
4G,202.48599243164065,Airtel,13.0134525,25,80.2355383,-44.0,11:48,1.7799999713897705
4G,202.48599243164065,Airtel,13.0134562,25,80.2355429,-44.0,11:48,1.7799999713897705
4G,202.48599243164065,Airtel,13.0134627,25,80.2355448,-44.0,11:48,1.7799999713897705
4G,202.48599243164065,Airtel,13.0134622,25,80.2355582,-112.0,11:48,1.7799999713897705
4G,15.188,Airtel,13.0134265,11,80.2361725,-120.0,11:47,0.0
4G,331.15399169921875,Airtel,13.0134662,14,80.2361489,-120.0,11:48,7.418000221252441
4G,331.15399169921875,Airtel,13.0134671,14,80.2361359,-93.0,11:48,7.418000221252441
4G,331.15399169921875,Airtel,13.0134671,14,80.2361359,-93.0,11:48,7.418000221252441
4G,331.15399169921875,Airtel,13.0134636,14,80.2361151,-93.0,11:48,7.418000221252441
4G,331.15399169921875,Airtel,13.013448,14,80.2360912,-111.0,11:48,7.418000221252441
4G,331.15399169921875,Airtel,13.0134471,14,80.2360896,-111.0,11:48,7.418000221252441
4G,331.15399169921875,Airtel,13.0134437,14,80.2360754,-111.0,11:48,7.418000221252441
4G,331.15399169921875,Airtel,13.0134428,14,80.2360683,-111.0,11:48,7.418000221252441
4G,331.15399169921875,Airtel,13.0134396,14,80.236046,-111.0,11:48,7.418000221252441
4G,331.15399169921875,Airtel,13.0134403,14,80.2360481,-111.0,11:48,7.418000221252441
4G,331.15399169921875,Airtel,13.0134397,14,80.2360451,-111.0,11:48,7.418000221252441
4G,331.15399169921875,Airtel,13.0134397,14,80.2360451,-111.0,11:48,7.418000221252441
4G,331.15399169921875,Airtel,13.0134376,14,80.2360343,-111.0,11:48,7.418000221252441
4G,331.15399169921875,Airtel,13.013442,14,80.2359984,-115.0,11:48,7.418000221252441
4G,331.15399169921875,Airtel,13.0134422,14,80.2359757,-115.0,11:48,7.418000221252441
4G,331.15399169921875,Airtel,13.0134411,14,80.2359688,-115.0,11:48,7.418000221252441
4G,331.15399169921875,Airtel,13.0134411,14,80.2359688,-115.0,11:48,7.418000221252441
4G,331.15399169921875,Airtel,13.0134296,14,80.2359651,-115.0,11:49,7.418000221252441
4G,331.15399169921875,Airtel,13.01342,14,80.2359696,-115.0,11:49,7.418000221252441
4G,331.15399169921875,Airtel,13.0134023,14,80.2359755,-115.0,11:49,7.418000221252441
4G,331.15399169921875,Airtel,13.013374,14,80.2359852,-112.0,11:49,7.418000221252441
4G,331.15399169921875,Airtel,13.0133729,14,80.235993,-112.0,11:49,7.418000221252441
4G,331.15399169921875,Airtel,13.0133898,14,80.236022,-114.0,11:49,7.418000221252441
4G,331.15399169921875,Airtel,13.0134073,14,80.2360479,-113.0,11:49,7.418000221252441
4G,331.15399169921875,Airtel,13.0134085,14,80.2360561,-113.0,11:49,7.418000221252441
4G,331.15399169921875,Airtel,13.0134138,14,80.2360679,-113.0,11:49,7.418000221252441
4G,261.0169982910156,Airtel,13.0133966,11,80.2353968,-117.0,11:49,0.5680000185966492
4G,261.0169982910156,Airtel,13.013382,11,80.235439,-115.0,11:49,0.5680000185966492
4G,261.0169982910156,Airtel,13.0133764,11,80.2354499,-115.0,11:49,0.5680000185966492
4G,261.0169982910156,Airtel,13.0133757,11,80.2354604,-115.0,11:49,0.5680000185966492
4G,261.0169982910156,Airtel,13.0133828,11,80.2354694,-115.0,11:49,0.5680000185966492
4G,261.0169982910156,Airtel,13.013404,11,80.2354676,-115.0,11:49,0.5680000185966492
4G,261.0169982910156,Airtel,13.013411,11,80.2354845,-115.0,11:49,0.5680000185966492
4G,261.0169982910156,Airtel,13.0134191,11,80.2355278,-113.0,11:49,0.5680000185966492
4G,261.0169982910156,Airtel,13.0134156,11,80.2355415,-113.0,11:49,0.5680000185966492
4G,0.0,Airtel,13.0134167,10,80.2360351,-117.0,11:49,0.0
4G,0.0,Airtel,13.0134146,10,80.2359992,-117.0,11:49,0.0
4G,0.0,Airtel,13.0134146,10,80.2359992,-117.0,11:49,0.0
4G,97.943,Airtel,13.0134185,10,80.2359906,-117.0,11:49,0.0
4G,97.943,Airtel,13.0134171,10,80.2359884,-117.0,11:49,0.0
4G,97.943,Airtel,13.0134171,10,80.2359884,-117.0,11:49,0.0
4G,97.943,Airtel,13.0134149,10,80.2359862,-117.0,11:49,0.0
4G,97.94300079345705,Airtel,13.0134041,10,80.2359699,-120.0,11:50,1.253999948501587
4G,97.94300079345705,Airtel,13.0134033,10,80.23597,-120.0,11:50,1.253999948501587
4G,97.94300079345705,Airtel,13.0134033,10,80.23597,-120.0,11:50,1.253999948501587
4G,97.94300079345705,Airtel,13.0134033,10,80.23597,-116.0,11:50,1.253999948501587
4G,97.94300079345705,Airtel,13.0134033,10,80.23597,-116.0,11:50,1.253999948501587
4G,97.94300079345705,Airtel,13.0134033,10,80.23597,-116.0,11:50,1.253999948501587
4G,97.94300079345705,Airtel,13.0134033,10,80.23597,-116.0,11:50,1.253999948501587
4G,97.94300079345705,Airtel,13.013409,10,80.2359726,-115.0,11:50,1.253999948501587
4G,97.94300079345705,Airtel,13.0134096,10,80.2360097,-115.0,11:50,1.253999948501587
4G,97.94300079345705,Airtel,13.0134154,10,80.2360172,-115.0,11:50,1.253999948501587
4G,97.94300079345705,Airtel,13.0134088,10,80.236022,-115.0,11:50,1.253999948501587
4G,97.94300079345705,Airtel,13.013403,10,80.2360189,-115.0,11:50,1.253999948501587
4G,97.94300079345705,Airtel,13.0134017,10,80.2360065,-115.0,11:50,1.253999948501587
4G,261.0169982910156,Airtel,13.0134279,11,80.2356384,-108.0,11:50,0.5680000185966492
4G,261.0169982910156,Airtel,13.0134346,11,80.2356589,-108.0,11:50,0.5680000185966492
4G,261.0169982910156,Airtel,13.0134347,11,80.235675,-108.0,11:50,0.5680000185966492
4G,261.0169982910156,Airtel,13.0134326,11,80.2356961,-108.0,11:50,0.5680000185966492
4G,261.0169982910156,Airtel,13.0134326,11,80.2356961,-108.0,11:50,0.5680000185966492
4G,261.0169982910156,Airtel,13.0134263,11,80.2357189,-108.0,11:50,0.5680000185966492
4G,261.0169982910156,Airtel,13.0134355,11,80.2357234,-108.0,11:50,0.5680000185966492
4G,0.0,Airtel,13.0134434,0,80.2357445,-108.0,11:50,0.0
4G,0.0,Airtel,13.0134465,8,80.2357544,-108.0,11:50,0.0
4G,75.076,Airtel,13.0133865,8,80.235809,-108.0,11:50,0.0
4G,75.076,Airtel,13.0133701,8,80.235801,-108.0,11:50,0.0
4G,75.076,Airtel,13.0133701,8,80.235801,-108.0,11:50,0.0
4G,75.076,Airtel,13.0133432,8,80.235783,-112.0,11:50,0.0
4G,75.07599639892578,Airtel,13.0133308,8,80.2357842,-112.0,11:50,0.5019999742507935
4G,75.07599639892578,Airtel,13.0133274,8,80.2357877,-112.0,11:50,0.5019999742507935
4G,75.07599639892578,Airtel,13.0133286,8,80.2357877,-112.0,11:50,0.5019999742507935
4G,75.07599639892578,Airtel,13.0133284,8,80.2357956,-112.0,11:50,0.5019999742507935
4G,75.07599639892578,Airtel,13.0133292,8,80.2357962,-112.0,11:50,0.5019999742507935
4G,75.07599639892578,Airtel,13.0133265,8,80.2358,-112.0,11:50,0.5019999742507935
4G,0.108,Jio,13.0131548,41,80.235537,-92.0,11:50,0.0
4G,0.108,Jio,13.0131637,41,80.2353651,-108.0,11:50,0.0
4G,0.108,Jio,13.0131647,41,80.2353602,-96.0,11:51,0.0
4G,0.108,Jio,13.0131647,41,80.2353602,-96.0,11:51,0.0
4G,0.108,Jio,13.0131708,41,80.2353559,-110.0,11:51,0.0
4G,0.108,Jio,13.0131698,41,80.2353424,-111.0,11:51,0.0
4G,0.108,Jio,13.0131716,41,80.2353508,-115.0,11:51,0.0
4G,0.108,Jio,13.0131791,41,80.2353605,-115.0,11:51,0.0
4G,0.108,Jio,13.0131791,41,80.2353605,-110.0,11:51,0.0
4G,0.108,Jio,13.0131663,41,80.23532,-112.0,11:51,0.0
4G,75.07599639892578,Airtel,13.0133256,8,80.2357995,-108.0,11:50,0.5019999742507935
4G,75.07599639892578,Airtel,13.0133238,8,80.2358032,-44.0,11:51,0.5019999742507935
4G,75.07599639892578,Airtel,13.0133167,8,80.2358092,-44.0,11:51,0.5019999742507935
4G,75.07599639892578,Airtel,13.0133167,8,80.2358092,-44.0,11:51,0.5019999742507935
4G,75.07599639892578,Airtel,13.0133035,8,80.2358095,-44.0,11:51,0.5019999742507935
4G,75.07599639892578,Airtel,13.0132863,8,80.235808,-44.0,11:51,0.5019999742507935
4G,0.0,Airtel,13.0132783,0,80.2358067,-111.0,11:51,0.0
4G,0.0,Airtel,13.0132877,10,80.2358026,-111.0,11:51,0.0
4G,0.0,Airtel,13.0132911,10,80.235801,-111.0,11:51,0.0
4G,0.0,Airtel,13.0132906,10,80.2358009,-111.0,11:51,0.0
4G,0.0,Airtel,13.0132695,10,80.2358058,-44.0,11:51,0.0
4G,257.784,Airtel,13.0132623,10,80.2358063,-44.0,11:51,0.0
4G,257.784,Airtel,13.0132461,10,80.2357885,-108.0,11:51,0.0
4G,257.784,Airtel,13.0132461,10,80.2357885,-108.0,11:51,0.0
4G,257.784,Airtel,13.0132465,10,80.2357815,-108.0,11:51,0.0
4G,257.784,Airtel,13.0132344,10,80.2357769,-108.0,11:51,0.0
4G,257.78399658203125,Airtel,13.0132344,10,80.2357769,-108.0,11:51,0.8740000128746033
4G,257.78399658203125,Airtel,13.0132329,10,80.235774,-108.0,11:51,0.8740000128746033
4G,257.78399658203125,Airtel,13.0132327,10,80.2357699,-110.0,11:51,0.8740000128746033
4G,257.78399658203125,Airtel,13.0132312,10,80.2357698,-110.0,11:51,0.8740000128746033
4G,257.78399658203125,Airtel,13.0132291,10,80.2357671,-110.0,11:51,0.8740000128746033
4G,257.78399658203125,Airtel,13.0132298,10,80.2357649,-110.0,11:51,0.8740000128746033
4G,257.78399658203125,Airtel,13.0132288,10,80.2357659,-110.0,11:51,0.8740000128746033
4G,257.78399658203125,Airtel,13.0132279,10,80.235764,-110.0,11:51,0.8740000128746033
4G,257.78399658203125,Airtel,13.0132272,10,80.2357615,-110.0,11:51,0.8740000128746033
4G,0.0,Airtel,13.0132193,0,80.2357664,-105.0,11:52,0.0
4G,0.0,Airtel,13.0132194,9,80.2357692,-105.0,11:52,0.0
4G,0.0,Airtel,13.0131963,9,80.2357665,-101.0,11:52,0.0
4G,0.0,Airtel,13.0131912,9,80.2357639,-101.0,11:52,0.0
4G,0.0,Airtel,13.0131912,9,80.2357639,-101.0,11:52,0.0
4G,0.0,Airtel,13.0131901,9,80.2357624,-101.0,11:52,0.0
4G,320.664,Airtel,13.0131618,9,80.235716,-106.0,11:52,0.0
4G,0.0,Airtel,13.0131465,0,80.235708,-44.0,11:52,0.0
4G,0.0,Airtel,13.0131385,9,80.2356999,-44.0,11:52,0.0
4G,0.0,Airtel,13.0131265,9,80.235704,-44.0,11:52,0.0
4G,0.0,Airtel,13.013083,9,80.2357303,-104.0,11:52,0.0
4G,319.965,Airtel,13.0130926,9,80.235741,-90.0,11:52,0.0
4G,319.965,Airtel,13.013098,9,80.2357373,-90.0,11:52,0.0
4G,319.965,Airtel,13.0131001,9,80.2357339,-90.0,11:52,0.0
4G,319.965,Airtel,13.013101,9,80.235734,-90.0,11:52,0.0
4G,319.965,Airtel,13.013101,9,80.2357346,-90.0,11:52,0.0
4G,319.965,Airtel,13.013101,9,80.2357346,-90.0,11:52,0.0
4G,319.9649963378906,Airtel,13.0131009,9,80.2357347,-90.0,11:52,7.742000102996826
4G,319.9649963378906,Airtel,13.0131004,9,80.2357345,-90.0,11:52,7.742000102996826
4G,319.9649963378906,Airtel,13.0131004,9,80.2357345,-90.0,11:52,7.742000102996826
4G,319.9649963378906,Airtel,13.0130988,9,80.235734,-90.0,11:53,7.742000102996826
4G,319.9649963378906,Airtel,13.0130919,9,80.2357197,-44.0,11:53,7.742000102996826
4G,0.108,Jio,13.0131742,41,80.2353228,-112.0,11:51,0.0
4G,0.0,Jio,13.0131742,29,80.2353228,-112.0,11:51,0.0
4G,0.36,Jio,13.0131742,29,80.2353228,-103.0,11:51,0.0
4G,0.36,Jio,13.0131634,29,80.2353206,-112.0,11:52,0.0
4G,0.36,Jio,13.0131634,29,80.2353206,-112.0,11:52,0.0
4G,0.36,Jio,13.0131634,29,80.2353206,-111.0,11:52,0.0
4G,0.36,Jio,13.0131619,29,80.235314,-109.0,11:52,0.0
4G,0.36,Jio,13.0131642,29,80.2353139,-111.0,11:52,0.0
4G,0.36,Jio,13.0131551,29,80.2352996,-110.0,11:52,0.0
4G,0.36,Jio,13.0131446,29,80.2352843,-110.0,11:52,0.0
4G,0.36,Jio,13.0131682,29,80.235265,-110.0,11:52,0.0
4G,0.36,Jio,13.0131841,29,80.2352727,-110.0,11:52,0.0
4G,0.36,Jio,13.0131841,29,80.2352727,-110.0,11:52,0.0
4G,0.36,Jio,13.0132046,29,80.2352558,-111.0,11:52,0.0
4G,0.36,Jio,13.0131894,29,80.2352407,-111.0,11:52,0.0
4G,0.36,Jio,13.0131794,29,80.2352304,-111.0,11:52,0.0
4G,0.36,Jio,13.0131875,29,80.2352371,-111.0,11:52,0.0
4G,153.17100524902344,Airtel,13.0130784,14,80.2363518,-109.0,11:52,1.1670000553131104
4G,153.17100524902344,Airtel,13.0135186,14,80.235966,-100.0,11:52,1.1670000553131104
4G,153.17100524902344,Airtel,13.0135007,14,80.235896,-110.0,11:52,1.1670000553131104
4G,153.17100524902344,Airtel,13.0135055,14,80.235874,-110.0,11:52,1.1670000553131104
4G,153.17100524902344,Airtel,13.0134563,14,80.2360668,-110.0,11:52,1.1670000553131104
4G,153.17100524902344,Airtel,13.0134359,14,80.2360825,-110.0,11:52,1.1670000553131104
4G,153.17100524902344,Airtel,13.0134346,14,80.23612,-110.0,11:52,1.1670000553131104
4G,153.17100524902344,Airtel,13.0134346,14,80.23612,-110.0,11:52,1.1670000553131104
4G,153.17100524902344,Airtel,13.0134335,14,80.2361233,-110.0,11:52,1.1670000553131104
4G,153.17100524902344,Airtel,13.0134348,14,80.2361231,-110.0,11:52,1.1670000553131104
4G,153.17100524902344,Airtel,13.0134341,14,80.2361229,-110.0,11:52,1.1670000553131104
4G,153.17100524902344,Airtel,13.0134077,14,80.2362144,-110.0,11:52,1.1670000553131104
4G,153.17100524902344,Airtel,13.0134073,14,80.2362154,-110.0,11:52,1.1670000553131104
4G,153.17100524902344,Airtel,13.0133942,14,80.2362283,-44.0,11:52,1.1670000553131104
4G,153.17100524902344,Airtel,13.0133945,14,80.236233,-44.0,11:52,1.1670000553131104
4G,153.17100524902344,Airtel,13.013379,14,80.236234,-44.0,11:53,1.1670000553131104
4G,153.17100524902344,Airtel,13.0133715,14,80.2362307,-44.0,11:53,1.1670000553131104
4G,153.17100524902344,Airtel,13.0133443,14,80.2362159,-109.0,11:53,1.1670000553131104
4G,153.17100524902344,Airtel,13.0133496,14,80.2362049,-109.0,11:53,1.1670000553131104
4G,319.9649963378906,Airtel,13.0130827,9,80.2357075,-44.0,11:53,7.742000102996826
4G,319.9649963378906,Airtel,13.0130415,9,80.2356897,-103.0,11:53,7.742000102996826
4G,319.9649963378906,Airtel,13.0130218,9,80.2356983,-44.0,11:53,7.742000102996826
4G,319.9649963378906,Airtel,13.0130217,9,80.2356994,-44.0,11:53,7.742000102996826
4G,0.0,Airtel,13.0130229,0,80.2357108,-44.0,11:53,0.0
4G,0.0,Airtel,13.0130095,9,80.2357149,-103.0,11:53,0.0
4G,0.0,Airtel,13.012985,9,80.2357149,-103.0,11:53,0.0
4G,0.0,Airtel,13.0129852,9,80.2357215,-109.0,11:53,0.0
4G,186.639,Airtel,13.0129864,9,80.2357221,-109.0,11:53,0.0
4G,186.639,Airtel,13.0129825,9,80.2357175,-104.0,11:53,0.0
4G,186.639,Airtel,13.0129816,9,80.2357172,-104.0,11:53,0.0
4G,186.639,Airtel,13.0129766,9,80.2357153,-104.0,11:53,0.0
4G,186.639,Airtel,13.0129762,9,80.235715,-104.0,11:53,0.0
4G,186.639,Airtel,13.0129678,9,80.2357173,-104.0,11:53,0.0
4G,186.63900756835935,Airtel,13.012966,9,80.2357179,-104.0,11:53,6.287000179290772
4G,171.24400329589844,Airtel,13.0134006,13,80.2361664,-109.0,11:54,2.095000028610229
4G,171.24400329589844,Airtel,13.0134005,13,80.2361656,-97.0,11:54,2.095000028610229
4G,171.24400329589844,Airtel,13.0133956,13,80.236169,-97.0,11:54,2.095000028610229
4G,171.24400329589844,Airtel,13.0133959,13,80.2361689,-97.0,11:54,2.095000028610229
4G,171.24400329589844,Airtel,13.0133967,13,80.236169,-97.0,11:54,2.095000028610229
4G,171.24400329589844,Airtel,13.0133969,13,80.236169,-97.0,11:54,2.095000028610229
4G,171.24400329589844,Airtel,13.0133944,13,80.2361656,-97.0,11:54,2.095000028610229
4G,171.24400329589844,Airtel,13.0133864,13,80.2361652,-97.0,11:54,2.095000028610229
4G,171.24400329589844,Airtel,13.0133894,13,80.2361685,-97.0,11:54,2.095000028610229
4G,171.24400329589844,Airtel,13.0133833,13,80.2361696,-97.0,11:54,2.095000028610229
4G,171.24400329589844,Airtel,13.0133823,13,80.2361715,-97.0,11:54,2.095000028610229
4G,171.24400329589844,Airtel,13.0133806,13,80.2361663,-97.0,11:54,2.095000028610229
4G,171.24400329589844,Airtel,13.0133839,13,80.2361541,-110.0,11:54,2.095000028610229
4G,171.24400329589844,Airtel,13.0133791,13,80.2361564,-111.0,11:54,2.095000028610229
4G,171.24400329589844,Airtel,13.013375,13,80.2361566,-111.0,11:54,2.095000028610229
4G,171.24400329589844,Airtel,13.0133666,13,80.2361657,-111.0,11:54,2.095000028610229
4G,171.24400329589844,Airtel,13.0133719,13,80.2361655,-111.0,11:54,2.095000028610229
4G,171.24400329589844,Airtel,13.0133711,13,80.236157,-111.0,11:54,2.095000028610229
4G,171.24400329589844,Airtel,13.0133886,13,80.2361527,-111.0,11:54,2.095000028610229
4G,171.24400329589844,Airtel,13.0133927,13,80.2361596,-111.0,11:54,2.095000028610229
4G,171.24400329589844,Airtel,13.013388,13,80.2361584,-111.0,11:54,2.095000028610229
4G,171.24400329589844,Airtel,13.0133869,13,80.2361576,-111.0,11:54,2.095000028610229
4G,171.24400329589844,Airtel,13.0133939,13,80.236158,-111.0,11:55,2.095000028610229
4G,171.24400329589844,Airtel,13.0133973,13,80.2361549,-111.0,11:55,2.095000028610229
4G,171.24400329589844,Airtel,13.0133946,13,80.2361603,-110.0,11:55,2.095000028610229
4G,171.24400329589844,Airtel,13.0133859,13,80.2361579,-110.0,11:55,2.095000028610229
4G,171.24400329589844,Airtel,13.0133838,13,80.236158,-110.0,11:55,2.095000028610229
4G,171.24400329589844,Airtel,13.0133838,13,80.236158,-110.0,11:55,2.095000028610229
4G,171.24400329589844,Airtel,13.0133814,13,80.2361608,-110.0,11:55,2.095000028610229
4G,171.24400329589844,Airtel,13.0133854,13,80.236161,-110.0,11:55,2.095000028610229
4G,171.24400329589844,Airtel,13.0133909,13,80.2361545,-110.0,11:55,2.095000028610229
4G,171.24400329589844,Airtel,13.0133958,13,80.2361581,-110.0,11:55,2.095000028610229
4G,0.210999995470047,Jio,13.0131535,31,80.2353026,-105.0,11:55,0.0759999975562095
4G,0.210999995470047,Jio,13.0131938,31,80.2352741,-114.0,11:55,0.0759999975562095
4G,0.210999995470047,Jio,13.0132209,31,80.2352522,-114.0,11:55,0.0759999975562095
4G,0.210999995470047,Jio,13.013195,31,80.2352962,-117.0,11:55,0.0759999975562095
4G,0.210999995470047,Jio,13.0131785,31,80.235269,-95.0,11:55,0.0759999975562095
4G,0.210999995470047,Jio,13.0131656,31,80.2352561,-106.0,11:55,0.0759999975562095
4G,0.210999995470047,Jio,13.0131707,31,80.2352503,-106.0,11:55,0.0759999975562095
4G,0.210999995470047,Jio,13.0131871,31,80.2352565,-114.0,11:55,0.0759999975562095
4G,0.210999995470047,Jio,13.0131949,31,80.2352624,-114.0,11:55,0.0759999975562095
4G,0.210999995470047,Jio,13.0132121,31,80.2352564,-121.0,11:55,0.0759999975562095
4G,0.210999995470047,Jio,13.0131944,31,80.2352373,-111.0,11:55,0.0759999975562095
4G,0.210999995470047,Jio,13.0131806,31,80.235227,-111.0,11:55,0.0759999975562095
4G,0.210999995470047,Jio,13.0131848,31,80.2352235,-111.0,11:55,0.0759999975562095
4G,0.0,Airtel,13.0130109,0,80.2354775,-97.0,11:55,0.0
4G,0.0,Airtel,13.0130245,0,80.2354362,-97.0,11:55,0.0
4G,0.0,Airtel,13.0130245,0,80.2354362,-97.0,11:55,0.0
4G,0.0,Airtel,13.0128452,0,80.2355777,-97.0,11:55,0.0
4G,326.5459899902344,Airtel,13.012845,9,80.2357633,-97.0,11:56,4.9629998207092285
4G,326.5459899902344,Airtel,13.012845,9,80.2357633,-97.0,11:56,4.9629998207092285
4G,326.5459899902344,Airtel,13.012845,9,80.2357633,-97.0,11:56,4.9629998207092285
4G,326.5459899902344,Airtel,13.0128447,9,80.2357616,-97.0,11:56,4.9629998207092285
4G,326.5459899902344,Airtel,13.0128425,9,80.2357633,-97.0,11:56,4.9629998207092285
4G,326.5459899902344,Airtel,13.0128377,9,80.2357596,-97.0,11:56,4.9629998207092285
4G,326.5459899902344,Airtel,13.0128298,9,80.235754,-97.0,11:56,4.9629998207092285
4G,326.5459899902344,Airtel,13.0128218,9,80.2357737,-104.0,11:56,4.9629998207092285
4G,326.5459899902344,Airtel,13.0128122,9,80.235759,-104.0,11:56,4.9629998207092285
4G,326.5459899902344,Airtel,13.0128046,9,80.2357571,-104.0,11:56,4.9629998207092285
4G,326.5459899902344,Airtel,13.0127907,9,80.2357441,-104.0,11:56,4.9629998207092285
4G,326.5459899902344,Airtel,13.0127909,9,80.2357395,-104.0,11:56,4.9629998207092285
4G,326.5459899902344,Airtel,13.0127941,9,80.2357356,-104.0,11:56,4.9629998207092285
4G,326.5459899902344,Airtel,13.0128035,9,80.2357353,-104.0,11:56,4.9629998207092285
4G,87.90599822998047,Airtel,13.0133798,13,80.2358284,-110.0,11:56,2.7330000400543213
4G,87.90599822998047,Airtel,13.0133765,13,80.2358221,-110.0,11:56,2.7330000400543213
4G,87.90599822998047,Airtel,13.0133645,13,80.2358042,-110.0,11:56,2.7330000400543213
4G,87.90599822998047,Airtel,13.0133544,13,80.2358119,-110.0,11:56,2.7330000400543213
4G,87.90599822998047,Airtel,13.0133637,13,80.2358315,-110.0,11:56,2.7330000400543213
4G,87.90599822998047,Airtel,13.0133706,13,80.2358539,-110.0,11:56,2.7330000400543213
4G,87.90599822998047,Airtel,13.0133694,13,80.2358695,-110.0,11:56,2.7330000400543213
4G,87.90599822998047,Airtel,13.0133815,13,80.2359105,-121.0,11:56,2.7330000400543213
4G,87.90599822998047,Airtel,13.0133922,13,80.2359282,-121.0,11:56,2.7330000400543213
4G,87.90599822998047,Airtel,13.0134167,13,80.2359641,-117.0,11:56,2.7330000400543213
4G,87.90599822998047,Airtel,13.013418,13,80.2359785,-117.0,11:56,2.7330000400543213
4G,87.90599822998047,Airtel,13.0134225,13,80.2359946,-106.0,11:56,2.7330000400543213
4G,87.90599822998047,Airtel,13.0134253,13,80.2360129,-115.0,11:56,2.7330000400543213
4G,87.90599822998047,Airtel,13.013426,13,80.2360177,-115.0,11:56,2.7330000400543213
4G,87.90599822998047,Airtel,13.0134274,13,80.2360315,-115.0,11:56,2.7330000400543213
4G,87.90599822998047,Airtel,13.0134275,13,80.2360332,-115.0,11:57,2.7330000400543213
4G,87.90599822998047,Airtel,13.0134261,13,80.2360423,-113.0,11:57,2.7330000400543213
4G,87.90599822998047,Airtel,13.0134157,13,80.2360489,-113.0,11:57,2.7330000400543213
4G,0.221000000834465,Jio,13.0131968,39,80.2352134,-113.0,11:56,0.0260000005364418
4G,0.221000000834465,Jio,13.0131941,39,80.2352166,-112.0,11:56,0.0260000005364418
4G,0.221000000834465,Jio,13.0131941,39,80.2352166,-112.0,11:56,0.0260000005364418
4G,0.221000000834465,Jio,13.0131922,39,80.2352233,-113.0,11:56,0.0260000005364418
4G,0.221000000834465,Jio,13.0131925,39,80.2352159,-113.0,11:56,0.0260000005364418
4G,0.221000000834465,Jio,13.0132042,39,80.2352038,-116.0,11:57,0.0260000005364418
4G,0.221000000834465,Jio,13.013198,39,80.2352022,-114.0,11:57,0.0260000005364418
4G,0.221000000834465,Jio,13.0131941,39,80.2351843,-115.0,11:57,0.0260000005364418
4G,0.221000000834465,Jio,13.0131917,39,80.2351741,-119.0,11:57,0.0260000005364418
4G,0.221000000834465,Jio,13.0132171,39,80.2351915,-113.0,11:57,0.0260000005364418
4G,0.221000000834465,Jio,13.0132171,39,80.2351915,-114.0,11:57,0.0260000005364418
4G,0.221000000834465,Jio,13.0132256,39,80.2351966,-118.0,11:57,0.0260000005364418
4G,0.221000000834465,Jio,13.0132311,39,80.2351725,-118.0,11:57,0.0260000005364418
4G,0.221000000834465,Jio,13.0132145,39,80.2351623,-117.0,11:57,0.0260000005364418
4G,0.221000000834465,Jio,13.013197,39,80.2351483,-116.0,11:57,0.0260000005364418
4G,0.221000000834465,Jio,13.0132087,39,80.2351552,-114.0,11:57,0.0260000005364418
4G,0.221000000834465,Jio,13.0132087,39,80.2351552,-114.0,11:57,0.0260000005364418
4G,326.5459899902344,Airtel,13.0128125,9,80.23573,-104.0,11:56,4.9629998207092285
4G,336.7690124511719,Airtel,13.0130505,10,80.2357229,-104.0,11:57,6.995999813079834
4G,336.7690124511719,Airtel,13.0130889,10,80.2357266,-107.0,11:57,6.995999813079834
4G,336.7690124511719,Airtel,13.013106,10,80.2357202,-107.0,11:57,6.995999813079834
4G,336.7690124511719,Airtel,13.0131198,10,80.2357061,-107.0,11:57,6.995999813079834
4G,0.0,Jio,13.0132087,33,80.2351552,-116.0,11:57,0.0
4G,0.1420000046491623,Jio,13.0132049,33,80.2351673,-119.0,11:58,0.0320000015199184
4G,0.1420000046491623,Jio,13.0132076,33,80.2351661,-118.0,11:58,0.0320000015199184
4G,0.1420000046491623,Jio,13.0132064,33,80.2351564,-117.0,11:58,0.0320000015199184
4G,0.1420000046491623,Jio,13.0132064,33,80.2351564,-118.0,11:58,0.0320000015199184
4G,0.1420000046491623,Jio,13.0131944,33,80.2351512,-118.0,11:58,0.0320000015199184
4G,0.1420000046491623,Jio,13.0132092,33,80.2351408,-118.0,11:58,0.0320000015199184
4G,0.1420000046491623,Jio,13.0132252,33,80.2351447,-118.0,11:58,0.0320000015199184
4G,0.1420000046491623,Jio,13.0132174,33,80.235123,-117.0,11:58,0.0320000015199184
4G,0.1420000046491623,Jio,13.0132242,33,80.2350965,-118.0,11:58,0.0320000015199184
4G,0.1420000046491623,Jio,13.0132317,33,80.2351102,-118.0,11:58,0.0320000015199184
5G,264.8689880371094,Airtel,13.0131198,11,80.2357061,-107.0,11:57,12.137999534606934
4G,264.8689880371094,Airtel,13.0131626,11,80.2352129,-107.0,11:58,12.137999534606934
4G,264.8689880371094,Airtel,13.0132167,11,80.2351553,-100.0,11:58,12.137999534606934
4G,264.8689880371094,Airtel,13.0132046,11,80.2351435,-100.0,11:58,12.137999534606934
4G,264.8689880371094,Airtel,13.0132004,11,80.235148,-100.0,11:58,12.137999534606934
4G,264.8689880371094,Airtel,13.0131969,11,80.2351695,-101.0,11:59,12.137999534606934
4G,264.8689880371094,Airtel,13.0132156,11,80.2351902,-101.0,11:59,12.137999534606934
4G,264.8689880371094,Airtel,13.0132256,11,80.235192,-101.0,11:59,12.137999534606934
4G,280.8999938964844,Airtel,13.0134883,8,80.2359533,-99.0,11:58,5.543000221252441
4G,280.8999938964844,Airtel,13.0134883,8,80.2359533,-103.0,11:58,5.543000221252441
4G,280.8999938964844,Airtel,13.0134883,8,80.2359533,-103.0,11:58,5.543000221252441
4G,280.8999938964844,Airtel,13.0134883,8,80.2359533,-111.0,11:58,5.543000221252441
4G,280.8999938964844,Airtel,13.0134883,8,80.2359533,-111.0,11:58,5.543000221252441
4G,280.8999938964844,Airtel,13.0134883,8,80.2359533,-109.0,11:58,5.543000221252441
4G,280.8999938964844,Airtel,13.0134883,8,80.2359533,-102.0,11:58,5.543000221252441
4G,280.8999938964844,Airtel,13.0134883,8,80.2359533,-102.0,11:58,5.543000221252441
4G,280.8999938964844,Airtel,13.0134883,8,80.2359533,-102.0,11:58,5.543000221252441
4G,280.8999938964844,Airtel,13.0134883,8,80.2359533,-102.0,11:58,5.543000221252441
4G,280.8999938964844,Airtel,13.0134883,8,80.2359533,-102.0,11:58,5.543000221252441
4G,280.8999938964844,Airtel,13.0134883,8,80.2359533,-102.0,11:58,5.543000221252441
4G,280.8999938964844,Airtel,13.0134883,8,80.2359533,-102.0,11:58,5.543000221252441
4G,280.8999938964844,Airtel,13.0134905,8,80.2359532,-113.0,11:59,5.543000221252441
4G,280.8999938964844,Airtel,13.0134924,8,80.2359519,-113.0,11:59,5.543000221252441
4G,280.8999938964844,Airtel,13.0135022,8,80.2360372,-116.0,11:59,5.543000221252441
4G,280.8999938964844,Airtel,13.0135049,8,80.2360432,-116.0,11:59,5.543000221252441
4G,280.8999938964844,Airtel,13.0135084,8,80.236047,-116.0,11:59,5.543000221252441
4G,264.8689880371094,Airtel,13.0132352,11,80.2351983,-101.0,11:59,12.137999534606934
4G,264.8689880371094,Airtel,13.0132509,11,80.235201,-101.0,11:59,12.137999534606934
4G,264.8689880371094,Airtel,13.0132677,11,80.2352091,-101.0,11:59,12.137999534606934
4G,264.8689880371094,Airtel,13.0132709,11,80.2351973,-101.0,11:59,12.137999534606934
4G,264.8689880371094,Airtel,13.0132707,11,80.2351848,-101.0,11:59,12.137999534606934
4G,264.8689880371094,Airtel,13.0132603,11,80.2351801,-101.0,11:59,12.137999534606934
4G,264.8689880371094,Airtel,13.0132558,11,80.235174,-101.0,11:59,12.137999534606934
4G,264.8689880371094,Airtel,13.0132383,11,80.2351652,-104.0,11:59,12.137999534606934
4G,264.8689880371094,Airtel,13.0132403,11,80.2351786,-104.0,11:59,12.137999534606934
4G,264.8689880371094,Airtel,13.0132407,11,80.2351848,-104.0,11:59,12.137999534606934
4G,264.8689880371094,Airtel,13.0132398,11,80.2351889,-104.0,11:59,12.137999534606934
4G,264.8689880371094,Airtel,13.0132159,11,80.2351705,-104.0,11:59,12.137999534606934
4G,264.8689880371094,Airtel,13.013214,11,80.2351507,-112.0,11:59,12.137999534606934
4G,264.8689880371094,Airtel,13.0132023,11,80.2351485,-112.0,11:59,12.137999534606934
4G,264.8689880371094,Airtel,13.0132017,11,80.2351468,-112.0,11:59,12.137999534606934
4G,264.8689880371094,Airtel,13.0131949,11,80.2351458,-112.0,11:59,12.137999534606934
4G,264.8689880371094,Airtel,13.0132007,11,80.2351446,-112.0,11:59,12.137999534606934
4G,264.8689880371094,Airtel,13.0132111,11,80.2351446,-112.0,11:59,12.137999534606934
4G,264.8689880371094,Airtel,13.0132014,11,80.2351381,-112.0,11:59,12.137999534606934
4G,0.101000003516674,Jio,13.0132199,38,80.2351348,-122.0,11:59,0.0189999993890523
4G,0.101000003516674,Jio,13.013223,38,80.2351372,-122.0,12:00,0.0189999993890523
4G,0.101000003516674,Jio,13.0132315,38,80.2351447,-122.0,12:00,0.0189999993890523
4G,0.101000003516674,Jio,13.0132432,38,80.2351477,-118.0,12:00,0.0189999993890523
4G,0.101000003516674,Jio,13.0132361,38,80.2351313,-118.0,12:00,0.0189999993890523
4G,0.101000003516674,Jio,13.0132361,38,80.2351313,-120.0,12:00,0.0189999993890523
4G,0.101000003516674,Jio,13.0132265,38,80.2351178,-120.0,12:00,0.0189999993890523
4G,0.101000003516674,Jio,13.0132396,38,80.2351174,-123.0,12:00,0.0189999993890523
4G,0.101000003516674,Jio,13.0132709,38,80.2351022,-120.0,12:00,0.0189999993890523
4G,0.101000003516674,Jio,13.0132497,38,80.2351038,-116.0,12:00,0.0189999993890523
4G,0.101000003516674,Jio,13.013232,38,80.235096,-117.0,12:00,0.0189999993890523
4G,0.101000003516674,Jio,13.0132272,38,80.2350853,-117.0,12:00,0.0189999993890523
4G,0.101000003516674,Jio,13.0132382,38,80.235078,-117.0,12:00,0.0189999993890523
5G,318.8559875488281,Airtel,13.0131965,11,80.2351373,-105.0,12:00,7.528999805450439
4G,318.8559875488281,Airtel,13.0131822,11,80.2351784,-101.0,12:00,7.528999805450439
4G,318.8559875488281,Airtel,13.0131746,11,80.2351847,-101.0,12:00,7.528999805450439
4G,318.8559875488281,Airtel,13.01318,11,80.2351735,-101.0,12:00,7.528999805450439
4G,318.8559875488281,Airtel,13.0131812,11,80.2351862,-101.0,12:00,7.528999805450439
4G,318.8559875488281,Airtel,13.0131785,11,80.2351797,-101.0,12:00,7.528999805450439
4G,318.8559875488281,Airtel,13.0131964,11,80.2351516,-102.0,12:00,7.528999805450439
4G,318.8559875488281,Airtel,13.0132012,11,80.235165,-102.0,12:01,7.528999805450439
4G,318.8559875488281,Airtel,13.0132021,11,80.235167,-102.0,12:01,7.528999805450439
4G,318.8559875488281,Airtel,13.013199,11,80.2351721,-102.0,12:01,7.528999805450439
4G,318.8559875488281,Airtel,13.0131863,11,80.235187,-102.0,12:01,7.528999805450439
4G,318.8559875488281,Airtel,13.013189,11,80.2351644,-102.0,12:01,7.528999805450439
4G,318.8559875488281,Airtel,13.013189,11,80.2351644,-102.0,12:01,7.528999805450439
4G,318.8559875488281,Airtel,13.0131851,11,80.2351662,-102.0,12:01,7.528999805450439
4G,16.56399917602539,Airtel,13.0134583,20,80.2361,-113.0,12:01,0.1430000066757202
4G,16.56399917602539,Airtel,13.0134767,20,80.2360983,-109.0,12:01,0.1430000066757202
4G,16.56399917602539,Airtel,13.0134767,20,80.2360983,-108.0,12:01,0.1430000066757202
4G,16.56399917602539,Airtel,13.013475,20,80.2361091,-105.0,12:01,0.1430000066757202
4G,16.56399917602539,Airtel,13.013475,20,80.2361091,-106.0,12:01,0.1430000066757202
4G,16.56399917602539,Airtel,13.013475,20,80.2361091,-106.0,12:01,0.1430000066757202
4G,16.56399917602539,Airtel,13.0134185,20,80.2361314,-105.0,12:01,0.1430000066757202
4G,16.56399917602539,Airtel,13.0134133,20,80.2361333,-106.0,12:01,0.1430000066757202
4G,16.56399917602539,Airtel,13.0134133,20,80.2361333,-107.0,12:01,0.1430000066757202
4G,16.56399917602539,Airtel,13.0134133,20,80.2361333,-105.0,12:01,0.1430000066757202
4G,16.56399917602539,Airtel,13.0134266,20,80.23613,-105.0,12:01,0.1430000066757202
4G,16.56399917602539,Airtel,13.0134266,20,80.23613,-105.0,12:01,0.1430000066757202
4G,16.56399917602539,Airtel,13.0134367,20,80.2361283,-116.0,12:01,0.1430000066757202
4G,16.56399917602539,Airtel,13.0134367,20,80.2361283,-116.0,12:01,0.1430000066757202
4G,16.56399917602539,Airtel,13.0134624,20,80.2361001,-44.0,12:01,0.1430000066757202
4G,16.56399917602539,Airtel,13.013461,20,80.2360956,-44.0,12:01,0.1430000066757202
4G,16.56399917602539,Airtel,13.0134549,20,80.2360869,-44.0,12:01,0.1430000066757202
4G,16.56399917602539,Airtel,13.0134549,20,80.2360869,-44.0,12:01,0.1430000066757202
4G,16.56399917602539,Airtel,13.0134501,20,80.2360882,-110.0,12:01,0.1430000066757202
4G,16.56399917602539,Airtel,13.0134456,20,80.2360917,-110.0,12:01,0.1430000066757202
4G,0.0,Airtel,13.0131847,0,80.2351685,-102.0,12:01,0.0
4G,0.0,Airtel,13.0131789,9,80.2351895,-102.0,12:01,0.0
4G,0.0,Airtel,13.013207,9,80.2352411,-102.0,12:01,0.0
4G,0.0,Airtel,13.0132262,9,80.2352338,-102.0,12:01,0.0
4G,0.0,Airtel,13.0132584,9,80.2352153,-102.0,12:01,0.0
4G,294.181,Airtel,13.0132597,9,80.2351978,-103.0,12:01,0.0
4G,294.181,Airtel,13.0132612,9,80.2351867,-103.0,12:01,0.0
4G,294.181,Airtel,13.0132612,9,80.2351867,-103.0,12:01,0.0
4G,294.181,Airtel,13.0132619,9,80.2351843,-103.0,12:01,0.0
4G,294.181,Airtel,13.0132567,9,80.2351849,-104.0,12:01,0.0
4G,294.1809997558594,Airtel,13.0132515,9,80.2351892,-104.0,12:01,5.547999858856201
4G,0.0,Airtel,13.0132419,0,80.2351812,-44.0,12:01,0.0
4G,0.0,Airtel,13.0132575,0,80.2351648,-44.0,12:01,0.0
4G,0.0,Airtel,13.0132408,9,80.235155,-44.0,12:01,0.0
4G,0.0,Airtel,13.0132254,9,80.2351207,-108.0,12:02,0.0
4G,0.0,Airtel,13.0132107,9,80.2351129,-108.0,12:02,0.0
4G,305.911,Airtel,13.0132104,9,80.2351073,-102.0,12:02,0.0
4G,305.911,Airtel,13.0132104,9,80.2351073,-102.0,12:02,0.0
4G,305.911,Airtel,13.0131801,9,80.2350961,-106.0,12:02,0.0
4G,305.911,Airtel,13.0131801,9,80.2350961,-106.0,12:02,0.0
4G,305.9110107421875,Airtel,13.0131614,9,80.2350801,-106.0,12:02,7.947999954223633
4G,305.9110107421875,Airtel,13.013158,9,80.2350784,-106.0,12:02,7.947999954223633
4G,305.9110107421875,Airtel,13.0131565,9,80.2350765,-106.0,12:02,7.947999954223633
4G,305.9110107421875,Airtel,13.0131535,9,80.2350712,-106.0,12:02,7.947999954223633
4G,305.9110107421875,Airtel,13.0131525,9,80.2350698,-106.0,12:02,7.947999954223633
4G,305.9110107421875,Airtel,13.0131495,9,80.2350657,-106.0,12:02,7.947999954223633
4G,305.9110107421875,Airtel,13.0131475,9,80.2350641,-106.0,12:02,7.947999954223633
4G,0.0,Airtel,13.011831,0,80.2388597,-89.0,12:08,0.0
4G,308.77099609375,Airtel,13.0114295,8,80.2363793,-93.0,12:09,3.45199990272522
4G,308.77099609375,Airtel,13.01143,8,80.2363781,-108.0,12:09,3.45199990272522
4G,308.77099609375,Airtel,13.0114252,8,80.2363739,-108.0,12:09,3.45199990272522
4G,308.77099609375,Airtel,13.0114248,8,80.2363734,-108.0,12:09,3.45199990272522
4G,308.77099609375,Airtel,13.0114263,8,80.2363691,-108.0,12:09,3.45199990272522
4G,308.77099609375,Airtel,13.0114268,8,80.236346,-108.0,12:09,3.45199990272522
4G,308.77099609375,Airtel,13.0114174,8,80.2363373,-108.0,12:09,3.45199990272522
4G,308.77099609375,Airtel,13.0114088,8,80.2363463,-108.0,12:09,3.45199990272522
4G,308.77099609375,Airtel,13.0114023,8,80.2363547,-108.0,12:09,3.45199990272522
4G,308.77099609375,Airtel,13.0114146,8,80.236364,-104.0,12:09,3.45199990272522
4G,308.77099609375,Airtel,13.0114204,8,80.2363573,-104.0,12:09,3.45199990272522
4G,308.77099609375,Airtel,13.0114219,8,80.2363531,-104.0,12:09,3.45199990272522
4G,0.3899999856948852,Jio,13.0114973,28,80.2363056,-103.0,12:10,0.0189999993890523
4G,0.3899999856948852,Jio,13.0114967,28,80.2363061,-103.0,12:10,0.0189999993890523
4G,0.3899999856948852,Jio,13.0114823,28,80.2362953,-91.0,12:10,0.0189999993890523
4G,0.3899999856948852,Jio,13.0114823,28,80.2363041,-91.0,12:10,0.0189999993890523
4G,0.3899999856948852,Jio,13.0114823,28,80.2363041,-110.0,12:10,0.0189999993890523
4G,0.3899999856948852,Jio,13.0114823,28,80.236297,-112.0,12:10,0.0189999993890523
4G,0.3899999856948852,Jio,13.0115004,28,80.2362994,-112.0,12:10,0.0189999993890523
4G,0.3899999856948852,Jio,13.0115004,28,80.2362994,-111.0,12:10,0.0189999993890523
4G,0.3899999856948852,Jio,13.011525,28,80.2363065,-109.0,12:10,0.0189999993890523
4G,0.3899999856948852,Jio,13.0115307,28,80.2362987,-110.0,12:10,0.0189999993890523
4G,308.77099609375,Airtel,13.011385,8,80.23635,-104.0,12:10,3.45199990272522
4G,308.77099609375,Airtel,13.011385,8,80.23635,-101.0,12:10,3.45199990272522
4G,308.77099609375,Airtel,13.011385,8,80.23635,-44.0,12:10,3.45199990272522
4G,308.77099609375,Airtel,13.0113845,8,80.2363487,-103.0,12:10,3.45199990272522
4G,308.77099609375,Airtel,13.0113892,8,80.2363316,-103.0,12:10,3.45199990272522
4G,308.77099609375,Airtel,13.0113808,8,80.236287,-102.0,12:10,3.45199990272522
4G,308.77099609375,Airtel,13.0113786,8,80.2362765,-102.0,12:10,3.45199990272522
4G,76.85900115966797,Airtel,13.0114317,14,80.2362533,-91.0,12:10,2.0360000133514404
4G,76.85900115966797,Airtel,13.0115662,14,80.2365073,-91.0,12:10,2.0360000133514404
4G,76.85900115966797,Airtel,13.0115452,14,80.2365132,-106.0,12:10,2.0360000133514404
4G,76.85900115966797,Airtel,13.0115449,14,80.2365129,-106.0,12:10,2.0360000133514404
4G,76.85900115966797,Airtel,13.011545,14,80.236484,-106.0,12:10,2.0360000133514404
4G,76.85900115966797,Airtel,13.0115434,14,80.2364917,-44.0,12:10,2.0360000133514404
4G,76.85900115966797,Airtel,13.0115471,14,80.236484,-44.0,12:10,2.0360000133514404
4G,76.85900115966797,Airtel,13.0115524,14,80.2364823,-44.0,12:10,2.0360000133514404
4G,76.85900115966797,Airtel,13.0115761,14,80.2364916,-44.0,12:10,2.0360000133514404
4G,76.85900115966797,Airtel,13.011584,14,80.2364947,-44.0,12:10,2.0360000133514404
4G,76.85900115966797,Airtel,13.0116024,14,80.2364905,-44.0,12:10,2.0360000133514404
4G,76.85900115966797,Airtel,13.0116012,14,80.236482,-44.0,12:10,2.0360000133514404
4G,76.85900115966797,Airtel,13.0115932,14,80.2364782,-44.0,12:10,2.0360000133514404
4G,76.85900115966797,Airtel,13.0115815,14,80.2364818,-44.0,12:10,2.0360000133514404
4G,76.85900115966797,Airtel,13.0115761,14,80.2364846,-44.0,12:10,2.0360000133514404
4G,76.85900115966797,Airtel,13.0115467,14,80.2364927,-104.0,12:10,2.0360000133514404
4G,76.85900115966797,Airtel,13.0115368,14,80.2364929,-104.0,12:11,2.0360000133514404
4G,76.85900115966797,Airtel,13.0115124,14,80.2364885,-105.0,12:11,2.0360000133514404
4G,308.77099609375,Airtel,13.0113805,8,80.2362609,-102.0,12:10,3.45199990272522
4G,0.0,Airtel,13.0113835,0,80.2362468,-102.0,12:10,0.0
4G,259.5690002441406,Airtel,13.0114593,9,80.2362718,-102.0,12:11,4.501999855041504
4G,259.5690002441406,Airtel,13.0114654,9,80.2362877,-102.0,12:11,4.501999855041504
4G,259.5690002441406,Airtel,13.0114796,9,80.2362931,-102.0,12:11,4.501999855041504
4G,259.5690002441406,Airtel,13.0115035,9,80.2362915,-102.0,12:11,4.501999855041504
4G,259.5690002441406,Airtel,13.0115119,9,80.2362837,-102.0,12:11,4.501999855041504
4G,259.5690002441406,Airtel,13.01153,9,80.2362814,-102.0,12:11,4.501999855041504
4G,259.5690002441406,Airtel,13.0115494,9,80.2362807,-102.0,12:11,4.501999855041504
4G,259.5690002441406,Airtel,13.0115602,9,80.2362765,-102.0,12:11,4.501999855041504
4G,259.5690002441406,Airtel,13.0115744,9,80.236275,-102.0,12:11,4.501999855041504
4G,223.17999267578125,Airtel,13.0116642,13,80.2364902,-44.0,12:11,10.645999908447266
4G,223.17999267578125,Airtel,13.0116579,13,80.2364968,-105.0,12:11,10.645999908447266
4G,223.17999267578125,Airtel,13.0116558,13,80.2364963,-105.0,12:12,10.645999908447266
4G,223.17999267578125,Airtel,13.0116556,13,80.2364956,-105.0,12:12,10.645999908447266
4G,223.17999267578125,Airtel,13.01165,13,80.2364983,-102.0,12:12,10.645999908447266
4G,223.17999267578125,Airtel,13.01165,13,80.2364983,-107.0,12:12,10.645999908447266
4G,223.17999267578125,Airtel,13.01165,13,80.2364983,-108.0,12:12,10.645999908447266
4G,223.17999267578125,Airtel,13.01165,13,80.2364983,-107.0,12:12,10.645999908447266
4G,223.17999267578125,Airtel,13.01165,13,80.2364983,-108.0,12:12,10.645999908447266
4G,223.17999267578125,Airtel,13.01165,13,80.2364983,-108.0,12:12,10.645999908447266
4G,223.17999267578125,Airtel,13.01165,13,80.2364983,-108.0,12:12,10.645999908447266
4G,223.17999267578125,Airtel,13.01165,13,80.2364983,-108.0,12:12,10.645999908447266
4G,223.17999267578125,Airtel,13.01165,13,80.2364983,-110.0,12:12,10.645999908447266
4G,223.17999267578125,Airtel,13.01165,13,80.2364983,-110.0,12:12,10.645999908447266
4G,223.17999267578125,Airtel,13.0116485,13,80.2364974,-102.0,12:12,10.645999908447266
4G,223.17999267578125,Airtel,13.0116633,13,80.2365011,-102.0,12:12,10.645999908447266
4G,223.17999267578125,Airtel,13.0116936,13,80.2365388,-101.0,12:13,10.645999908447266
4G,223.17999267578125,Airtel,13.0116954,13,80.236538,-101.0,12:13,10.645999908447266
4G,199.9279937744141,Airtel,13.0115901,13,80.2363098,-102.0,12:14,7.005000114440918
4G,199.9279937744141,Airtel,13.01159,13,80.23631,-102.0,12:14,7.005000114440918
4G,199.9279937744141,Airtel,13.01159,13,80.23631,-102.0,12:14,7.005000114440918
4G,199.9279937744141,Airtel,13.0115901,13,80.2363101,-102.0,12:14,7.005000114440918
4G,199.9279937744141,Airtel,13.0115895,13,80.2363103,-102.0,12:14,7.005000114440918
4G,199.9279937744141,Airtel,13.0115877,13,80.2363122,-102.0,12:14,7.005000114440918
4G,199.9279937744141,Airtel,13.0116109,13,80.2363346,-102.0,12:14,7.005000114440918
4G,199.9279937744141,Airtel,13.0116084,13,80.2363272,-102.0,12:14,7.005000114440918
4G,199.9279937744141,Airtel,13.0115926,13,80.2363466,-102.0,12:14,7.005000114440918
4G,0.3899999856948852,Jio,13.0115307,28,80.2362987,-112.0,12:10,0.0189999993890523
4G,0.0,Jio,13.0115307,0,80.2362987,-113.0,12:10,0.0
4G,0.0,Jio,13.0115391,29,80.2363201,-110.0,12:11,0.0
4G,0.0,Jio,13.0115426,29,80.2363095,-91.0,12:11,0.0
4G,0.0,Jio,13.0115426,29,80.2363095,-92.0,12:11,0.0
4G,0.0,Jio,13.0115499,29,80.236316,-94.0,12:11,0.0
4G,0.0,Jio,13.011552,29,80.2363127,-94.0,12:12,0.0
4G,0.0,Jio,13.0115725,29,80.236326,-92.0,12:12,0.0
4G,0.0,Jio,13.0115762,29,80.2363305,-95.0,12:12,0.0
4G,0.0,Jio,13.0115789,29,80.2363259,-91.0,12:12,0.0
4G,0.0,Jio,13.0115789,29,80.2363259,-91.0,12:12,0.0
4G,0.0,Jio,13.0115875,29,80.2363225,-90.0,12:12,0.0
4G,0.0,Jio,13.0115936,29,80.2363401,-96.0,12:12,0.0
4G,0.0,Jio,13.0115991,29,80.2363389,-95.0,12:12,0.0
4G,0.4560000002384186,Jio,13.0115968,51,80.236322,-95.0,12:14,0.006000000052154
4G,0.4560000002384186,Jio,13.0116046,51,80.2363251,-94.0,12:14,0.006000000052154
4G,0.4560000002384186,Jio,13.0116055,51,80.2363145,-90.0,12:14,0.006000000052154
4G,0.4560000002384186,Jio,13.0116043,51,80.2363181,-92.0,12:14,0.006000000052154
4G,0.4560000002384186,Jio,13.0115787,51,80.2363286,-89.0,12:14,0.006000000052154
4G,0.4560000002384186,Jio,13.0115725,51,80.2363382,-90.0,12:14,0.006000000052154
4G,0.4560000002384186,Jio,13.0115872,51,80.2363821,-91.0,12:14,0.006000000052154
4G,0.4560000002384186,Jio,13.0115824,51,80.2363824,-90.0,12:14,0.006000000052154
4G,0.4560000002384186,Jio,13.0115793,51,80.2363867,-89.0,12:14,0.006000000052154
4G,236.3699951171875,Airtel,13.0116783,15,80.2365267,-105.0,12:13,11.277999877929688
4G,236.3699951171875,Airtel,13.0116783,15,80.2365267,-106.0,12:14,11.277999877929688
4G,236.3699951171875,Airtel,13.0116783,15,80.2365267,-106.0,12:14,11.277999877929688
4G,236.3699951171875,Airtel,13.0116783,15,80.2365267,-106.0,12:14,11.277999877929688
4G,236.3699951171875,Airtel,13.0116783,15,80.2365267,-106.0,12:14,11.277999877929688
4G,236.3699951171875,Airtel,13.0116783,15,80.2365267,-44.0,12:14,11.277999877929688
4G,236.3699951171875,Airtel,13.0116783,15,80.2365267,-105.0,12:14,11.277999877929688
4G,236.3699951171875,Airtel,13.0116783,15,80.2365267,-105.0,12:14,11.277999877929688
4G,236.3699951171875,Airtel,13.0116783,15,80.2365267,-105.0,12:14,11.277999877929688
4G,236.3699951171875,Airtel,13.0116783,15,80.2365267,-105.0,12:14,11.277999877929688
4G,236.3699951171875,Airtel,13.0116783,15,80.2365267,-105.0,12:14,11.277999877929688
4G,236.3699951171875,Airtel,13.0116395,15,80.2365312,-105.0,12:14,11.277999877929688
4G,236.3699951171875,Airtel,13.01167,15,80.2365269,-103.0,12:14,11.277999877929688
4G,236.3699951171875,Airtel,13.0116697,15,80.2365285,-103.0,12:14,11.277999877929688
4G,236.3699951171875,Airtel,13.0116618,15,80.2365338,-103.0,12:14,11.277999877929688
4G,236.3699951171875,Airtel,13.0116629,15,80.2365282,-99.0,12:14,11.277999877929688
4G,236.3699951171875,Airtel,13.0116181,15,80.2365159,-99.0,12:15,11.277999877929688
4G,236.3699951171875,Airtel,13.0116058,15,80.2365062,-99.0,12:15,11.277999877929688
4G,199.9279937744141,Airtel,13.0115873,13,80.2363581,-102.0,12:14,7.005000114440918
4G,199.9279937744141,Airtel,13.0115792,13,80.2363743,-102.0,12:14,7.005000114440918
4G,199.9279937744141,Airtel,13.0115779,13,80.2363999,-102.0,12:14,7.005000114440918
4G,199.9279937744141,Airtel,13.0115684,13,80.2364167,-104.0,12:14,7.005000114440918
4G,199.9279937744141,Airtel,13.0115738,13,80.2364201,-104.0,12:14,7.005000114440918
4G,227.26400756835935,Airtel,13.0115833,14,80.2364233,-104.0,12:15,10.04699993133545
4G,227.26400756835935,Airtel,13.0115833,14,80.2364233,-104.0,12:15,10.04699993133545
4G,227.26400756835935,Airtel,13.0115253,14,80.2364264,-104.0,12:15,10.04699993133545
4G,227.26400756835935,Airtel,13.0115253,14,80.2364264,-104.0,12:15,10.04699993133545
4G,227.26400756835935,Airtel,13.011536,14,80.2364271,-104.0,12:15,10.04699993133545
4G,227.26400756835935,Airtel,13.0115273,14,80.2364264,-104.0,12:15,10.04699993133545
4G,227.26400756835935,Airtel,13.0115111,14,80.2364117,-103.0,12:15,10.04699993133545
4G,227.26400756835935,Airtel,13.0114866,14,80.2364036,-103.0,12:15,10.04699993133545
4G,227.26400756835935,Airtel,13.0114759,14,80.2364111,-103.0,12:15,10.04699993133545
4G,227.26400756835935,Airtel,13.0114792,14,80.2364173,-103.0,12:15,10.04699993133545
4G,227.26400756835935,Airtel,13.0114792,14,80.2364173,-103.0,12:15,10.04699993133545
4G,227.26400756835935,Airtel,13.0114858,14,80.236427,-103.0,12:15,10.04699993133545
4G,227.26400756835935,Airtel,13.0114951,14,80.23643,-103.0,12:15,10.04699993133545
4G,227.26400756835935,Airtel,13.0115019,14,80.2364221,-102.0,12:16,10.04699993133545
4G,227.26400756835935,Airtel,13.0115221,14,80.236431,-102.0,12:16,10.04699993133545
4G,227.26400756835935,Airtel,13.0115281,14,80.2364225,-102.0,12:16,10.04699993133545
4G,227.26400756835935,Airtel,13.0115376,14,80.2364236,-99.0,12:16,10.04699993133545
4G,227.26400756835935,Airtel,13.0115379,14,80.2364256,-99.0,12:16,10.04699993133545
4G,227.26400756835935,Airtel,13.0115408,14,80.23643,-99.0,12:16,10.04699993133545
4G,227.26400756835935,Airtel,13.0115436,14,80.2364321,-99.0,12:16,10.04699993133545
4G,227.26400756835935,Airtel,13.0115436,14,80.2364321,-99.0,12:16,10.04699993133545
4G,227.26400756835935,Airtel,13.0115687,14,80.2364292,-99.0,12:16,10.04699993133545
4G,227.26400756835935,Airtel,13.0115825,14,80.2364171,-99.0,12:16,10.04699993133545
4G,227.26400756835935,Airtel,13.0115884,14,80.2363898,-44.0,12:16,10.04699993133545
4G,227.26400756835935,Airtel,13.0115849,14,80.236384,-44.0,12:16,10.04699993133545
4G,227.26400756835935,Airtel,13.0116047,14,80.2363697,-44.0,12:16,10.04699993133545
4G,227.26400756835935,Airtel,13.0116047,14,80.2363697,-44.0,12:16,10.04699993133545
4G,227.26400756835935,Airtel,13.0115868,14,80.2363623,-44.0,12:16,10.04699993133545
4G,227.26400756835935,Airtel,13.0115744,14,80.2363663,-44.0,12:16,10.04699993133545
4G,227.26400756835935,Airtel,13.0115656,14,80.236365,-44.0,12:16,10.04699993133545
4G,227.26400756835935,Airtel,13.0115541,14,80.2363411,-44.0,12:16,10.04699993133545
4G,227.26400756835935,Airtel,13.0115516,14,80.2363402,-44.0,12:16,10.04699993133545
4G,227.26400756835935,Airtel,13.0115516,14,80.2363402,-44.0,12:16,10.04699993133545
4G,224.72900390625,Airtel,13.0114923,14,80.2364356,-99.0,12:16,13.359000205993652
4G,224.72900390625,Airtel,13.0114988,14,80.2364424,-99.0,12:16,13.359000205993652
4G,224.72900390625,Airtel,13.011519,14,80.2364576,-99.0,12:16,13.359000205993652
4G,224.72900390625,Airtel,13.0115318,14,80.2364615,-99.0,12:16,13.359000205993652
4G,224.72900390625,Airtel,13.0115569,14,80.2364732,-99.0,12:16,13.359000205993652
4G,224.72900390625,Airtel,13.0115569,14,80.2364732,-99.0,12:16,13.359000205993652
4G,224.72900390625,Airtel,13.0115588,14,80.2364698,-99.0,12:16,13.359000205993652
4G,224.72900390625,Airtel,13.0115443,14,80.2364705,-106.0,12:16,13.359000205993652
4G,224.72900390625,Airtel,13.0115248,14,80.2364752,-106.0,12:16,13.359000205993652
4G,224.72900390625,Airtel,13.0115127,14,80.2364951,-106.0,12:16,13.359000205993652
4G,224.72900390625,Airtel,13.0115166,14,80.2365022,-106.0,12:16,13.359000205993652
4G,224.72900390625,Airtel,13.0115273,14,80.2365035,-106.0,12:16,13.359000205993652
4G,224.72900390625,Airtel,13.0115387,14,80.2365051,-106.0,12:16,13.359000205993652
4G,224.72900390625,Airtel,13.0115435,14,80.2365052,-106.0,12:16,13.359000205993652
4G,224.72900390625,Airtel,13.0115438,14,80.2364996,-106.0,12:16,13.359000205993652
4G,224.72900390625,Airtel,13.0115292,14,80.2365023,-44.0,12:16,13.359000205993652
4G,224.72900390625,Airtel,13.0115293,14,80.2365028,-44.0,12:16,13.359000205993652
4G,224.72900390625,Airtel,13.0115363,14,80.2365106,-44.0,12:16,13.359000205993652
4G,0.009,Jio,13.0115832,47,80.2364097,-115.0,12:16,0.0
4G,0.009,Jio,13.0115832,47,80.2364097,-114.0,12:16,0.0
4G,0.009,Jio,13.0115872,47,80.2364035,-114.0,12:16,0.0
4G,0.009,Jio,13.0115872,47,80.2364035,-113.0,12:16,0.0
4G,0.009,Jio,13.0115872,47,80.2364035,-113.0,12:16,0.0
4G,0.009,Jio,13.0115872,47,80.2364035,-113.0,12:16,0.0
4G,0.009,Jio,13.0115872,47,80.2364035,-112.0,12:16,0.0
4G,0.009,Jio,13.0115997,47,80.2364025,-110.0,12:16,0.0
4G,0.009,Jio,13.0116013,47,80.2364081,-110.0,12:16,0.0
4G,0.009,Jio,13.0116034,47,80.2364114,-108.0,12:16,0.0
4G,0.009,Jio,13.0116103,47,80.2364335,-84.0,12:16,0.0
4G,0.009,Jio,13.0116103,47,80.2364335,-108.0,12:16,0.0
4G,190.1660003662109,Airtel,13.0114491,14,80.2361694,-44.0,12:18,11.291000366210938
4G,190.1660003662109,Airtel,13.0114511,14,80.2361606,-44.0,12:18,11.291000366210938
4G,190.1660003662109,Airtel,13.0114613,14,80.2361466,-44.0,12:18,11.291000366210938
4G,190.1660003662109,Airtel,13.0114587,14,80.2361286,-44.0,12:18,11.291000366210938
4G,190.1660003662109,Airtel,13.0114561,14,80.2361075,-44.0,12:18,11.291000366210938
4G,190.1660003662109,Airtel,13.0114554,14,80.2360888,-44.0,12:18,11.291000366210938
4G,190.1660003662109,Airtel,13.0114605,14,80.2360785,-44.0,12:18,11.291000366210938
4G,190.1660003662109,Airtel,13.0114622,14,80.2360544,-44.0,12:18,11.291000366210938
4G,190.1660003662109,Airtel,13.0114604,14,80.2360465,-44.0,12:18,11.291000366210938
4G,190.1660003662109,Airtel,13.0114585,14,80.2360266,-44.0,12:18,11.291000366210938
4G,190.1660003662109,Airtel,13.0114897,14,80.2359248,-104.0,12:18,11.291000366210938
4G,190.1660003662109,Airtel,13.0114874,14,80.2359169,-104.0,12:18,11.291000366210938
4G,190.1660003662109,Airtel,13.0114942,14,80.2358836,-104.0,12:18,11.291000366210938
4G,190.1660003662109,Airtel,13.0114971,14,80.235841,-105.0,12:18,11.291000366210938
4G,190.1660003662109,Airtel,13.0114975,14,80.23583,-105.0,12:18,11.291000366210938
4G,190.1660003662109,Airtel,13.0114992,14,80.2358137,-105.0,12:18,11.291000366210938
4G,190.1660003662109,Airtel,13.0115006,14,80.2358013,-105.0,12:18,11.291000366210938
4G,190.1660003662109,Airtel,13.0115,14,80.2357759,-105.0,12:18,11.291000366210938
4G,190.1660003662109,Airtel,13.0114959,14,80.2357569,-105.0,12:19,11.291000366210938
4G,190.1660003662109,Airtel,13.0114887,14,80.2357562,-105.0,12:19,11.291000366210938
4G,190.1660003662109,Airtel,13.0114812,14,80.2357507,-105.0,12:19,11.291000366210938
4G,0.0010000000474974,Jio,13.0117077,29,80.2363594,-112.0,12:19,0.0189999993890523
4G,0.0010000000474974,Jio,13.0117068,29,80.2363577,-112.0,12:19,0.0189999993890523
4G,0.0010000000474974,Jio,13.0117002,29,80.2363535,-113.0,12:19,0.0189999993890523
4G,0.0010000000474974,Jio,13.0116922,29,80.2363376,-113.0,12:19,0.0189999993890523
4G,0.0010000000474974,Jio,13.0117066,29,80.2363372,-113.0,12:19,0.0189999993890523
4G,0.0010000000474974,Jio,13.0117195,29,80.236325,-113.0,12:19,0.0189999993890523
4G,0.0010000000474974,Jio,13.0117291,29,80.2363278,-113.0,12:19,0.0189999993890523
4G,0.0010000000474974,Jio,13.0117291,29,80.2363278,-115.0,12:19,0.0189999993890523
4G,0.0010000000474974,Jio,13.0117383,29,80.2363326,-115.0,12:19,0.0189999993890523
4G,0.0010000000474974,Jio,13.0117495,29,80.2363231,-115.0,12:19,0.0189999993890523
4G,0.0010000000474974,Jio,13.0117495,29,80.2363231,-115.0,12:19,0.0189999993890523
4G,0.0010000000474974,Jio,13.0117495,29,80.2363231,-115.0,12:19,0.0189999993890523
4G,0.0010000000474974,Jio,13.0117565,29,80.2363204,-115.0,12:19,0.0189999993890523
4G,0.0010000000474974,Jio,13.0117585,29,80.2363306,-114.0,12:19,0.0189999993890523
4G,0.0010000000474974,Jio,13.0117661,29,80.2363375,-114.0,12:19,0.0189999993890523
4G,0.0010000000474974,Jio,13.011777,29,80.2363265,-114.0,12:19,0.0189999993890523
4G,0.0010000000474974,Jio,13.011788,29,80.2363287,-110.0,12:19,0.0189999993890523
4G,0.0010000000474974,Jio,13.0117947,29,80.2363375,-112.0,12:19,0.0189999993890523
4G,0.0010000000474974,Jio,13.0117947,29,80.2363375,-107.0,12:19,0.0189999993890523
4G,295.1419982910156,Airtel,13.0115356,10,80.2359025,-105.0,12:19,5.013000011444092
4G,295.1419982910156,Airtel,13.011541,10,80.2359647,-104.0,12:19,5.013000011444092
4G,295.1419982910156,Airtel,13.0115445,10,80.235988,-44.0,12:19,5.013000011444092
4G,295.1419982910156,Airtel,13.0115457,10,80.2359982,-44.0,12:20,5.013000011444092
4G,295.1419982910156,Airtel,13.0115428,10,80.2359981,-44.0,12:20,5.013000011444092
4G,295.1419982910156,Airtel,13.0115484,10,80.2360055,-44.0,12:20,5.013000011444092
4G,295.1419982910156,Airtel,13.0115667,10,80.2360055,-104.0,12:20,5.013000011444092
4G,295.1419982910156,Airtel,13.0115813,10,80.2360155,-104.0,12:20,5.013000011444092
4G,295.1419982910156,Airtel,13.0115477,10,80.236059,-108.0,12:20,5.013000011444092
4G,295.1419982910156,Airtel,13.011541,10,80.2360671,-108.0,12:20,5.013000011444092
4G,295.1419982910156,Airtel,13.011523,10,80.2361116,-109.0,12:20,5.013000011444092
4G,295.1419982910156,Airtel,13.0115184,10,80.2361231,-109.0,12:20,5.013000011444092
4G,295.1419982910156,Airtel,13.0115165,10,80.2361314,-109.0,12:20,5.013000011444092
4G,295.1419982910156,Airtel,13.0114977,10,80.2361192,-100.0,12:20,5.013000011444092
4G,295.1419982910156,Airtel,13.0114524,10,80.2361402,-108.0,12:20,5.013000011444092
4G,295.1419982910156,Airtel,13.0114555,10,80.2361432,-108.0,12:20,5.013000011444092
4G,295.1419982910156,Airtel,13.0114493,10,80.2361433,-108.0,12:20,5.013000011444092
4G,295.1419982910156,Airtel,13.011447,10,80.2361949,-108.0,12:20,5.013000011444092
4G,295.1419982910156,Airtel,13.011447,10,80.2361949,-108.0,12:20,5.013000011444092
4G,0.0,Airtel,13.0133689,0,80.2366628,-109.0,17:41,0.0
4G,18.816999435424805,Airtel,13.0134077,35,80.2364671,-108.0,17:41,0.1369999945163726
4G,18.816999435424805,Airtel,13.0133973,35,80.2364685,-108.0,17:41,0.1369999945163726
4G,18.816999435424805,Airtel,13.0133868,35,80.2364777,-108.0,17:41,0.1369999945163726
4G,19.474,Airtel,13.013418,28,80.2367468,-110.0,17:42,0.0
4G,19.474,Airtel,13.0134214,28,80.2367412,-110.0,17:42,0.0
4G,19.474,Airtel,13.0134454,28,80.2367575,-44.0,17:42,0.0
4G,19.474000930786133,Airtel,13.0134567,28,80.2367636,-44.0,17:42,0.4699999988079071
4G,19.474000930786133,Airtel,13.0134711,28,80.2367616,-44.0,17:42,0.4699999988079071
4G,19.474000930786133,Airtel,13.0134789,28,80.2367625,-44.0,17:43,0.4699999988079071
4G,19.474000930786133,Airtel,13.0134965,28,80.2367653,-44.0,17:43,0.4699999988079071
4G,0.0,Airtel,13.013234,17,80.2364051,-109.0,17:41,0.0
4G,4.906000137329102,Airtel,13.0133765,18,80.2367326,-44.0,17:42,0.2479999959468841
4G,4.906000137329102,Airtel,13.0133864,18,80.2367426,-44.0,17:42,0.2479999959468841
4G,4.906000137329102,Airtel,13.013398,18,80.2367612,-44.0,17:42,0.2479999959468841
4G,4.906000137329102,Airtel,13.0134095,18,80.2367672,-44.0,17:42,0.2479999959468841
4G,4.906000137329102,Airtel,13.0134219,18,80.2367757,-44.0,17:42,0.2479999959468841
4G,4.906000137329102,Airtel,13.0134432,18,80.2367903,-44.0,17:42,0.2479999959468841
4G,4.906000137329102,Airtel,13.0134782,18,80.2367796,-44.0,17:42,0.2479999959468841
4G,4.906000137329102,Airtel,13.0134902,18,80.236783,-44.0,17:43,0.2479999959468841
4G,4.906000137329102,Airtel,13.0135157,18,80.2367868,-44.0,17:43,0.2479999959468841
4G,4.906000137329102,Airtel,13.0135255,18,80.2367821,-44.0,17:43,0.2479999959468841
4G,4.906000137329102,Airtel,13.0135356,18,80.2367817,-44.0,17:43,0.2479999959468841
4G,4.906000137329102,Airtel,13.0135851,18,80.2367845,-44.0,17:43,0.2479999959468841
4G,4.906000137329102,Airtel,13.0135885,18,80.2367845,-44.0,17:43,0.2479999959468841
4G,4.906000137329102,Airtel,13.0136113,18,80.2367843,-44.0,17:43,0.2479999959468841
4G,4.906000137329102,Airtel,13.0136188,18,80.2367852,-44.0,17:43,0.2479999959468841
4G,4.906000137329102,Airtel,13.0136519,18,80.236791,-105.0,17:43,0.2479999959468841
4G,4.906000137329102,Airtel,13.0136842,18,80.2368007,-105.0,17:43,0.2479999959468841
4G,4.906000137329102,Airtel,13.0136969,18,80.236802,-105.0,17:43,0.2479999959468841
4G,4.906000137329102,Airtel,13.0137158,18,80.2368095,-105.0,17:43,0.2479999959468841
4G,4.906000137329102,Airtel,13.0137191,18,80.2368067,-105.0,17:43,0.2479999959468841
4G,4.906000137329102,Airtel,13.0137297,18,80.2368075,-105.0,17:43,0.2479999959468841
4G,7.175000190734863,Airtel,13.0142158,18,80.2368845,-44.0,17:44,0.0260000005364418
4G,7.175000190734863,Airtel,13.0142265,18,80.236889,-44.0,17:44,0.0260000005364418
4G,7.175000190734863,Airtel,13.0142383,18,80.2368891,-44.0,17:44,0.0260000005364418
4G,7.175000190734863,Airtel,13.014251,18,80.23689,-44.0,17:44,0.0260000005364418
4G,7.175000190734863,Airtel,13.0142844,18,80.2368877,-44.0,17:44,0.0260000005364418
4G,7.175000190734863,Airtel,13.0142939,18,80.2368921,-44.0,17:44,0.0260000005364418
4G,7.175000190734863,Airtel,13.0143114,18,80.2368976,-44.0,17:44,0.0260000005364418
4G,0.45,Airtel,13.014542,64,80.2374891,-111.0,17:47,0.0
4G,0.45,Airtel,13.0145646,64,80.2375126,-111.0,17:47,0.0
4G,0.45,Airtel,13.014549,64,80.2376242,-112.0,17:47,0.0
4G,0.45,Airtel,13.0145264,64,80.2376552,-112.0,17:47,0.0
4G,0.45,Airtel,13.0145264,64,80.2376552,-102.0,17:47,0.0
4G,0.45,Airtel,13.0145198,64,80.237668,-102.0,17:47,0.0
4G,0.45,Airtel,13.014525,64,80.2376891,-102.0,17:47,0.0
4G,0.45,Airtel,13.0145034,64,80.2377091,-111.0,17:47,0.0
4G,0.45,Airtel,13.0144895,64,80.2377275,-111.0,17:47,0.0
4G,0.45,Airtel,13.0144838,64,80.2377504,-114.0,17:47,0.0
4G,0.45,Airtel,13.014475,64,80.2377654,-114.0,17:47,0.0
4G,0.45,Airtel,13.014463,64,80.2377768,-114.0,17:47,0.0
4G,0.691,Airtel,13.0143948,49,80.2383172,-108.0,17:48,0.0
4G,0.691,Airtel,13.014396,49,80.2383437,-108.0,17:48,0.0
4G,0.691,Airtel,13.014398,49,80.2383485,-98.0,17:48,0.0
4G,0.6909999847412109,Airtel,13.0143955,49,80.2383635,-98.0,17:48,0.1369999945163726
4G,0.6909999847412109,Airtel,13.0143944,49,80.2383842,-107.0,17:48,0.1369999945163726
4G,0.6909999847412109,Airtel,13.0143886,49,80.2383957,-107.0,17:48,0.1369999945163726
4G,0.6909999847412109,Airtel,13.0143803,49,80.2384131,-107.0,17:49,0.1369999945163726
4G,0.6909999847412109,Airtel,13.0143752,49,80.2384152,-103.0,17:49,0.1369999945163726
4G,0.6909999847412109,Airtel,13.0143662,49,80.2384272,-103.0,17:49,0.1369999945163726
4G,0.6909999847412109,Airtel,13.0143722,49,80.238439,-105.0,17:49,0.1369999945163726
4G,0.6909999847412109,Airtel,13.0143679,49,80.2384502,-105.0,17:49,0.1369999945163726
4G,0.6909999847412109,Airtel,13.0143672,49,80.2384685,-105.0,17:49,0.1369999945163726
4G,0.6909999847412109,Airtel,13.014371,49,80.2384814,-106.0,17:49,0.1369999945163726
4G,0.6909999847412109,Airtel,13.0143678,49,80.2384963,-106.0,17:49,0.1369999945163726
4G,0.6909999847412109,Airtel,13.0143738,49,80.2385093,-106.0,17:49,0.1369999945163726
4G,0.6909999847412109,Airtel,13.0143729,49,80.2385236,-106.0,17:49,0.1369999945163726
4G,0.6909999847412109,Airtel,13.0143707,49,80.238541,-106.0,17:49,0.1369999945163726
4G,0.6909999847412109,Airtel,13.0143657,49,80.2385491,-97.0,17:49,0.1369999945163726
4G,7.841000080108643,Airtel,13.0144574,30,80.2376126,-108.0,17:48,0.0649999976158142
4G,7.841000080108643,Airtel,13.0144518,30,80.2376253,-108.0,17:48,0.0649999976158142
4G,7.841000080108643,Airtel,13.0144361,30,80.2376721,-108.0,17:48,0.0649999976158142
2G,7.841000080108643,Airtel,13.0143778,30,80.2378776,-108.0,17:48,0.0649999976158142
2G,7.841000080108643,Airtel,13.0143957,30,80.2379557,-108.0,17:48,0.0649999976158142
4G,7.841000080108643,Airtel,13.0144055,30,80.2379817,-108.0,17:48,0.0649999976158142
4G,7.841000080108643,Airtel,13.0144219,30,80.2380249,-108.0,17:48,0.0649999976158142
4G,7.841000080108643,Airtel,13.0144344,30,80.2380492,-108.0,17:48,0.0649999976158142
4G,7.841000080108643,Airtel,13.0144363,30,80.2380659,-108.0,17:48,0.0649999976158142
4G,7.841000080108643,Airtel,13.0144366,30,80.2380981,-108.0,17:48,0.0649999976158142
4G,7.841000080108643,Airtel,13.0144424,30,80.2381226,-108.0,17:48,0.0649999976158142
4G,7.841000080108643,Airtel,13.0144358,30,80.2381638,-108.0,17:48,0.0649999976158142
4G,7.841000080108643,Airtel,13.014424,30,80.2382052,-108.0,17:48,0.0649999976158142
4G,7.841000080108643,Airtel,13.014423,30,80.238229,-108.0,17:48,0.0649999976158142
4G,7.841000080108643,Airtel,13.0144165,30,80.2382615,-108.0,17:48,0.0649999976158142
4G,7.841000080108643,Airtel,13.0144174,30,80.2382868,-108.0,17:48,0.0649999976158142
4G,7.841000080108643,Airtel,13.0144147,30,80.2383117,-108.0,17:48,0.0649999976158142
4G,7.841000080108643,Airtel,13.0144122,30,80.2383362,-108.0,17:48,0.0649999976158142
4G,7.841000080108643,Airtel,13.0144132,30,80.2383508,-108.0,17:48,0.0649999976158142
4G,7.841000080108643,Airtel,13.0144033,30,80.2383708,-108.0,17:48,0.0649999976158142
4G,7.841000080108643,Airtel,13.0144056,30,80.2383949,-108.0,17:48,0.0649999976158142
4G,7.841000080108643,Airtel,13.0144034,30,80.2384067,-108.0,17:49,0.0649999976158142
4G,7.841000080108643,Airtel,13.0143905,30,80.2384158,-108.0,17:49,0.0649999976158142
4G,7.841000080108643,Airtel,13.0143855,30,80.2384304,-108.0,17:49,0.0649999976158142
4G,7.841000080108643,Airtel,13.0143854,30,80.2384396,-108.0,17:49,0.0649999976158142
4G,7.841000080108643,Airtel,13.0143828,30,80.2384593,-108.0,17:49,0.0649999976158142
4G,7.841000080108643,Airtel,13.0143812,30,80.2384637,-108.0,17:49,0.0649999976158142
4G,7.841000080108643,Airtel,13.0143839,30,80.2384771,-108.0,17:49,0.0649999976158142
4G,7.841000080108643,Airtel,13.0143858,30,80.2384864,-108.0,17:49,0.0649999976158142
4G,7.841000080108643,Airtel,13.0143825,30,80.2385068,-108.0,17:49,0.0649999976158142
4G,7.841000080108643,Airtel,13.0143865,30,80.2385295,-108.0,17:49,0.0649999976158142
4G,7.841000080108643,Airtel,13.014386,30,80.2385412,-108.0,17:49,0.0649999976158142
4G,7.841000080108643,Airtel,13.0143652,30,80.2385469,-108.0,17:49,0.0649999976158142
4G,7.841000080108643,Airtel,13.0143534,30,80.2385589,-108.0,17:49,0.0649999976158142
4G,7.841000080108643,Airtel,13.0143528,30,80.2385675,-108.0,17:49,0.0649999976158142
4G,7.841000080108643,Airtel,13.014348,30,80.2385744,-108.0,17:49,0.0649999976158142
4G,7.841000080108643,Airtel,13.0143457,30,80.2385969,-108.0,17:49,0.0649999976158142
4G,7.841000080108643,Airtel,13.014348,30,80.2386077,-108.0,17:49,0.0649999976158142
4G,7.841000080108643,Airtel,13.0143448,30,80.2386236,-108.0,17:49,0.0649999976158142
4G,7.841000080108643,Airtel,13.0143472,30,80.2386454,-108.0,17:49,0.0649999976158142
4G,7.841000080108643,Airtel,13.014347,30,80.2386496,-108.0,17:49,0.0649999976158142
4G,7.841000080108643,Airtel,13.0143438,30,80.2386707,-108.0,17:49,0.0649999976158142
4G,7.841000080108643,Airtel,13.0143481,30,80.2386937,-108.0,17:49,0.0649999976158142
4G,7.841000080108643,Airtel,13.0143481,30,80.2386937,-108.0,17:49,0.0649999976158142
4G,7.841000080108643,Airtel,13.0143432,30,80.2387048,-108.0,17:49,0.0649999976158142
4G,7.841000080108643,Airtel,13.0143425,30,80.2387122,-108.0,17:49,0.0649999976158142
4G,0.6909999847412109,Airtel,13.0143596,49,80.2385679,-97.0,17:49,0.1369999945163726
4G,0.6909999847412109,Airtel,13.0143681,49,80.2385848,-97.0,17:49,0.1369999945163726
4G,0.0,Airtel,13.0143658,0,80.2385982,-97.0,17:49,0.0
4G,0.2619999945163727,Airtel,13.0143533,42,80.2388648,-108.0,17:50,0.1369999945163726
4G,0.2619999945163727,Airtel,13.0143538,42,80.2388753,-108.0,17:50,0.1369999945163726
4G,0.2619999945163727,Airtel,13.0143617,42,80.2388839,-110.0,17:50,0.1369999945163726
4G,0.2619999945163727,Airtel,13.0143544,42,80.2388911,-110.0,17:50,0.1369999945163726
4G,0.2619999945163727,Airtel,13.0143798,42,80.238912,-104.0,17:50,0.1369999945163726
4G,0.2619999945163727,Airtel,13.0143936,42,80.2389278,-104.0,17:50,0.1369999945163726
4G,0.2619999945163727,Airtel,13.0144083,42,80.2389374,-108.0,17:50,0.1369999945163726
4G,0.2619999945163727,Airtel,13.0144172,42,80.2389477,-108.0,17:50,0.1369999945163726
4G,0.2619999945163727,Airtel,13.0144325,42,80.2389609,-107.0,17:50,0.1369999945163726
4G,0.2619999945163727,Airtel,13.0144509,42,80.2389684,-107.0,17:50,0.1369999945163726
4G,0.2619999945163727,Airtel,13.0144604,42,80.2389734,-100.0,17:50,0.1369999945163726
4G,0.2619999945163727,Airtel,13.0144852,42,80.2389782,-102.0,17:50,0.1369999945163726
4G,0.7829999923706055,Airtel,13.01423,26,80.2385933,-100.0,17:51,0.0410000011324882
4G,0.7829999923706055,Airtel,13.0144766,26,80.2391252,-99.0,17:51,0.0410000011324882
4G,0.7829999923706055,Airtel,13.0144766,26,80.2391252,-103.0,17:51,0.0410000011324882
4G,0.7829999923706055,Airtel,13.014488,26,80.2391214,-94.0,17:51,0.0410000011324882
4G,0.7829999923706055,Airtel,13.0145064,26,80.2387975,-102.0,17:51,0.0410000011324882
4G,0.7829999923706055,Airtel,13.0145064,26,80.2387975,-100.0,17:51,0.0410000011324882
4G,0.7829999923706055,Airtel,13.0145568,26,80.2388391,-100.0,17:51,0.0410000011324882
4G,0.7829999923706055,Airtel,13.0145762,26,80.2388455,-101.0,17:51,0.0410000011324882
4G,0.7829999923706055,Airtel,13.0145909,26,80.2388453,-104.0,17:51,0.0410000011324882
4G,0.7829999923706055,Airtel,13.0146075,26,80.2388951,-93.0,17:51,0.0410000011324882
4G,0.7829999923706055,Airtel,13.0146234,26,80.2389101,-104.0,17:51,0.0410000011324882
4G,0.7829999923706055,Airtel,13.0146346,26,80.2389139,-101.0,17:51,0.0410000011324882
4G,0.7829999923706055,Airtel,13.0147183,26,80.2390517,-101.0,17:51,0.0410000011324882
4G,0.7829999923706055,Airtel,13.0147354,26,80.2390651,-101.0,17:51,0.0410000011324882
4G,0.7829999923706055,Airtel,13.0147799,26,80.2391042,-100.0,17:51,0.0410000011324882
4G,0.7829999923706055,Airtel,13.0147955,26,80.2391139,-102.0,17:51,0.0410000011324882
4G,0.7829999923706055,Airtel,13.0148204,26,80.2391246,-99.0,17:51,0.0410000011324882
4G,0.7829999923706055,Airtel,13.0148419,26,80.2391313,-100.0,17:51,0.0410000011324882
4G,0.7829999923706055,Airtel,13.0148569,26,80.2391375,-100.0,17:51,0.0410000011324882
4G,0.7829999923706055,Airtel,13.0148729,26,80.239144,-96.0,17:51,0.0410000011324882
4G,0.7829999923706055,Airtel,13.0148895,26,80.2391487,-97.0,17:51,0.0410000011324882
4G,0.7829999923706055,Airtel,13.0149014,26,80.2391527,-101.0,17:51,0.0410000011324882
4G,0.7829999923706055,Airtel,13.0149093,26,80.239159,-100.0,17:52,0.0410000011324882
4G,0.7829999923706055,Airtel,13.0149271,26,80.2391716,-97.0,17:52,0.0410000011324882
4G,0.7829999923706055,Airtel,13.0149288,26,80.2391876,-97.0,17:52,0.0410000011324882
4G,0.7829999923706055,Airtel,13.0149391,26,80.2392083,-97.0,17:52,0.0410000011324882
4G,0.7829999923706055,Airtel,13.014946,26,80.2392254,-101.0,17:52,0.0410000011324882
4G,0.7829999923706055,Airtel,13.0149417,26,80.2392319,-99.0,17:52,0.0410000011324882
4G,0.7829999923706055,Airtel,13.0149473,26,80.2392538,-101.0,17:52,0.0410000011324882
4G,0.7829999923706055,Airtel,13.0149391,26,80.239268,-102.0,17:52,0.0410000011324882
4G,0.7829999923706055,Airtel,13.01494,26,80.2392833,-100.0,17:52,0.0410000011324882
4G,0.3050000071525574,Airtel,13.014886,45,80.2396213,-97.0,17:53,0.1369999945163726
4G,0.3050000071525574,Airtel,13.0148807,45,80.2396378,-97.0,17:53,0.1369999945163726
4G,0.3050000071525574,Airtel,13.014878,45,80.2396442,-99.0,17:53,0.1369999945163726
4G,0.3050000071525574,Airtel,13.0148738,45,80.2396635,-102.0,17:53,0.1369999945163726
4G,0.3050000071525574,Airtel,13.0148742,45,80.2396681,-101.0,17:53,0.1369999945163726
4G,0.3050000071525574,Airtel,13.0148762,45,80.2396872,-101.0,17:53,0.1369999945163726
4G,0.3050000071525574,Airtel,13.0148912,45,80.2396922,-101.0,17:53,0.1369999945163726
4G,0.3050000071525574,Airtel,13.0148973,45,80.2396976,-100.0,17:53,0.1369999945163726
4G,0.3050000071525574,Airtel,13.0149473,45,80.2397297,-108.0,17:53,0.1369999945163726
4G,0.3050000071525574,Airtel,13.0149681,45,80.2397377,-110.0,17:53,0.1369999945163726
4G,0.3050000071525574,Airtel,13.0149752,45,80.2397367,-110.0,17:53,0.1369999945163726
4G,0.3050000071525574,Airtel,13.0149856,45,80.2397417,-110.0,17:53,0.1369999945163726
4G,0.3050000071525574,Airtel,13.0149993,45,80.2397564,-110.0,17:53,0.1369999945163726
4G,0.3050000071525574,Airtel,13.0149938,45,80.2397549,-110.0,17:53,0.1369999945163726
4G,0.0,Airtel,13.015005,0,80.2397681,-110.0,17:53,0.0
4G,0.0,Airtel,13.0149929,0,80.239767,-110.0,17:53,0.0
4G,0.0,Airtel,13.0150015,23,80.2398287,-110.0,17:53,0.0
4G,135.654,Airtel,13.0150006,23,80.2398896,-110.0,17:53,0.0
4G,0.3700000047683716,Airtel,13.0149218,35,80.2397698,-95.0,17:53,0.1040000021457672
4G,0.3700000047683716,Airtel,13.0149485,35,80.2397756,-95.0,17:53,0.1040000021457672
4G,0.3700000047683716,Airtel,13.0149829,35,80.2397839,-111.0,17:53,0.1040000021457672
4G,0.3700000047683716,Airtel,13.0149912,35,80.2397983,-111.0,17:53,0.1040000021457672
4G,0.3700000047683716,Airtel,13.015009,35,80.2398421,-113.0,17:53,0.1040000021457672
4G,0.3700000047683716,Airtel,13.0150137,35,80.239889,-44.0,17:53,0.1040000021457672
4G,0.3700000047683716,Airtel,13.0150179,35,80.2399089,-44.0,17:53,0.1040000021457672
4G,0.3700000047683716,Airtel,13.0149886,35,80.2399228,-116.0,17:53,0.1040000021457672
4G,0.3700000047683716,Airtel,13.0149939,35,80.2399352,-116.0,17:54,0.1040000021457672
4G,0.3700000047683716,Airtel,13.0150062,35,80.2399449,-116.0,17:54,0.1040000021457672
4G,0.3700000047683716,Airtel,13.0149813,35,80.2399376,-116.0,17:54,0.1040000021457672
4G,0.3700000047683716,Airtel,13.0149663,35,80.2399317,-120.0,17:54,0.1040000021457672
4G,0.3700000047683716,Airtel,13.0149727,35,80.2399277,-120.0,17:54,0.1040000021457672
4G,0.3700000047683716,Airtel,13.014992,35,80.2399323,-120.0,17:54,0.1040000021457672
4G,0.3700000047683716,Airtel,13.0149967,35,80.2399545,-120.0,17:54,0.1040000021457672
4G,0.3700000047683716,Airtel,13.0150101,35,80.2399767,-120.0,17:54,0.1040000021457672
4G,0.3700000047683716,Airtel,13.0150126,35,80.2399889,-120.0,17:54,0.1040000021457672
4G,0.3700000047683716,Airtel,13.0150286,35,80.2399993,-120.0,17:54,0.1040000021457672
4G,0.3700000047683716,Airtel,13.0150321,35,80.2400101,-120.0,17:54,0.1040000021457672
4G,0.3700000047683716,Airtel,13.0150446,35,80.2400195,-120.0,17:54,0.1040000021457672
4G,0.3700000047683716,Airtel,13.0150467,35,80.2400282,-120.0,17:54,0.1040000021457672
4G,0.3700000047683716,Airtel,13.0150467,35,80.2400412,-120.0,17:54,0.1040000021457672
4G,0.3700000047683716,Airtel,13.0150691,35,80.2400505,-120.0,17:54,0.1040000021457672
4G,0.3700000047683716,Airtel,13.0150796,35,80.2400604,-120.0,17:54,0.1040000021457672
2G,0.3700000047683716,Airtel,13.0150747,35,80.2400621,-120.0,17:54,0.1040000021457672
4G,0.3700000047683716,Airtel,13.0150795,35,80.2400607,-120.0,17:54,0.1040000021457672
4G,0.0,Airtel,13.0138885,227,80.2357537,-124.0,16:02,0.0
4G,7.290999889373779,Airtel,13.0138973,41,80.2356648,-105.0,16:09,0.1070000007748603
4G,7.290999889373779,Airtel,13.0138973,41,80.2356648,-105.0,16:09,0.1070000007748603
2G,7.290999889373779,Airtel,13.013785,41,80.2355382,-105.0,16:09,0.1070000007748603
4G,0.0,Airtel,13.0135252,0,80.2355877,-127.0,10:19,0.0
4G,0.0,Airtel,13.0148349,0,80.2381987,-100.0,15:25,0.0
4G,159.61099243164062,Airtel,13.0150106,16,80.2391221,-100.0,15:26,2.059000015258789
4G,159.61099243164062,Airtel,13.0150106,16,80.2391221,-100.0,15:26,2.059000015258789
4G,159.61099243164062,Airtel,13.0150106,16,80.2391221,-100.0,15:26,2.059000015258789
4G,0.0,Airtel,13.0129867,0,80.2361172,-126.0,11:57,0.0
4G,0.0,Airtel,13.0134563,0,80.2370461,-130.0,11:57,0.0
4G,0.0,Airtel,13.0134158,50,80.2370046,-127.0,11:57,0.0
4G,0.0,Airtel,13.0134158,50,80.2370046,-127.0,11:57,0.0
4G,0.0,Airtel,13.0134158,0,80.2370046,-127.0,11:57,0.0
4G,0.0,Airtel,13.0134158,254,80.2370046,-127.0,11:57,0.0
4G,0.0,Airtel,13.0134158,50,80.2370046,-127.0,11:57,0.0
4G,0.0,Airtel,13.0134158,0,80.2370046,-127.0,11:57,0.0
4G,0.0,Airtel,13.0134158,254,80.2370046,-127.0,11:57,0.0
4G,0.0,Airtel,13.0133611,0,80.2369681,-127.0,11:57,0.0
4G,0.0,Airtel,13.0133611,0,80.2369681,-130.0,11:57,0.0
4G,0.0,Airtel,13.0133611,0,80.2369681,-129.0,11:58,0.0
4G,0.0,Airtel,13.0129747,0,80.2361398,-130.0,11:59,0.0
4G,0.0,Airtel,13.0129972,0,80.2359246,-129.0,11:59,0.0
4G,0.0,Airtel,13.0129972,0,80.2359246,-129.0,12:00,0.0
4G,0.0,Airtel,13.0129972,0,80.2359246,-129.0,12:00,0.0
4G,0.0,Airtel,13.0129747,0,80.2361398,-130.0,11:59,0.0
4G,0.0,Airtel,13.0129972,0,80.2359246,-130.0,11:59,0.0
4G,0.0,Airtel,13.0151252,23,80.2398534,-125.0,05:03,0.0
4G,0.0,Airtel,13.0151252,23,80.2398534,-125.0,05:03,0.0
4G,0.0,Airtel,13.0151252,0,80.2398534,-125.0,05:03,0.0
4G,0.0,Airtel,13.0151252,0,80.2398534,-126.0,05:03,0.0
4G,0.0,Airtel,13.0151252,0,80.2398534,-126.0,05:03,0.0
4G,0.0,Jio,13.0151382,434,80.2398858,-128.0,11:22,0.0
4G,0.0,Jio,13.0151382,434,80.2398858,-128.0,11:22,0.0
4G,0.0,Jio,13.0151382,434,80.2398858,-128.0,11:22,0.0
4G,0.0,Jio,13.0151382,434,80.2398858,-128.0,11:22,0.0
4G,0.0,Jio,13.0151382,434,80.2398858,-128.0,11:22,0.0
4G,0.0,Jio,13.0151382,434,80.2398858,-128.0,11:22,0.0
4G,0.0,Jio,13.0151382,0,80.2398858,-128.0,11:22,0.0
4G,0.0,Jio,13.0151382,434,80.2398858,-128.0,11:22,0.0
4G,0.0,Jio,13.0151382,0,80.2398858,-128.0,11:22,0.0
4G,0.0,Jio,13.0151372,0,80.2398828,-129.0,11:22,0.0
4G,0.0,Jio,13.0151382,0,80.2398858,-121.0,11:22,0.0
4G,0.0,Jio,13.0151372,0,80.2398828,-129.0,11:23,0.0
4G,0.0,Jio,13.0151372,0,80.2398828,-129.0,11:23,0.0
4G,0.0,Jio,13.0151372,0,80.2398828,-129.0,11:22,0.0
4G,0.0,Jio,13.0151372,0,80.2398828,-129.0,11:23,0.0
4G,0.0,Jio,13.0151372,0,80.2398828,-129.0,11:23,0.0
4G,0.0,Jio,13.0151372,0,80.2398828,-129.0,11:23,0.0
4G,0.0,Jio,13.0151372,0,80.2398828,-129.0,11:22,0.0
4G,0.0,Jio,13.0151372,0,80.2398828,-129.0,11:22,0.0
4G,0.0,Jio,13.0151369,0,80.2398839,-113.0,11:23,0.0
4G,0.0,Jio,13.0151368,0,80.2398832,-127.0,11:23,0.0
4G,0.0,Jio,13.0151372,0,80.2398828,-129.0,11:23,0.0
4G,0.0,Jio,13.0151368,0,80.2398832,-127.0,11:23,0.0
4G,0.0,Jio,13.0151369,0,80.2398839,-113.0,11:23,0.0
4G,0.0,Jio,13.0151368,0,80.2398832,-110.0,11:23,0.0
4G,0.0,Jio,13.0151369,0,80.2398866,-112.0,11:23,0.0
4G,0.0,Jio,13.0151369,0,80.2398839,-113.0,11:23,0.0
4G,0.0,Jio,13.0151368,0,80.2398832,-110.0,11:23,0.0
4G,0.0,Jio,13.0151368,0,80.2398832,-127.0,11:23,0.0
4G,0.0,Jio,13.0151368,0,80.2398832,-129.0,11:23,0.0
4G,0.0,Jio,13.0151369,0,80.2398866,-129.0,11:23,0.0
4G,0.0,Jio,13.0151382,434,80.2398858,-128.0,11:22,0.0
4G,0.0,Jio,13.0151382,0,80.2398858,-128.0,11:22,0.0
4G,0.0,Jio,13.0151382,434,80.2398858,-128.0,11:22,0.0
4G,0.0,Jio,13.0151382,0,80.2398858,-128.0,11:22,0.0
4G,0.0,Jio,13.0151382,434,80.2398858,-128.0,11:22,0.0
4G,0.0,Jio,13.0151382,0,80.2398858,-128.0,11:22,0.0
4G,0.0,Jio,13.0151382,434,80.2398858,-128.0,11:22,0.0
4G,0.0,Jio,13.0151382,0,80.2398858,-128.0,11:22,0.0
4G,0.0,Jio,13.0151382,434,80.2398858,-128.0,11:22,0.0
4G,0.0,Jio,13.0151382,0,80.2398858,-128.0,11:22,0.0
4G,0.0,Jio,13.0151382,434,80.2398858,-128.0,11:22,0.0
4G,0.0,Jio,13.0151382,0,80.2398858,-128.0,11:22,0.0
4G,0.0,Jio,13.0151382,434,80.2398858,-128.0,11:22,0.0
4G,0.0,Jio,13.0151382,0,80.2398858,-128.0,11:22,0.0
4G,0.0,Jio,13.0151411,0,80.2398915,-128.0,11:23,0.0
4G,0.0,Jio,13.0151382,0,80.2398858,-121.0,11:22,0.0
4G,0.0,Jio,13.0151362,0,80.2398821,-123.0,11:37,0.0
4G,0.0,Jio,13.0150382,47,80.2395497,-118.0,11:37,0.0
4G,0.0,Jio,13.0150382,47,80.2395497,-118.0,11:37,0.0
4G,0.0,Jio,13.0150382,0,80.2395497,-118.0,11:37,0.0
4G,0.0,Jio,13.0150382,47,80.2395497,-118.0,11:37,0.0
4G,0.0,Jio,13.0150382,0,80.2395497,-118.0,11:37,0.0
4G,0.0,Jio,13.0150382,47,80.2395497,-118.0,11:37,0.0
4G,0.0,Jio,13.0150382,0,80.2395497,-118.0,11:37,0.0
4G,0.0,Jio,13.0150382,47,80.2395497,-118.0,11:37,0.0
4G,0.0,Jio,13.0150382,0,80.2395497,-118.0,11:37,0.0
4G,0.0,Jio,13.0150382,47,80.2395497,-118.0,11:37,0.0
4G,0.0,Jio,13.0150382,0,80.2395497,-118.0,11:37,0.0
4G,0.0,Jio,13.0150382,0,80.2395497,-118.0,11:37,0.0
4G,0.0,Jio,13.0150382,0,80.2395497,-118.0,11:37,0.0
4G,0.0,Jio,13.015058,0,80.2394891,-117.0,11:37,0.0
4G,0.0,Jio,13.0150382,0,80.2395497,-118.0,11:37,0.0
4G,0.0,Jio,13.015058,0,80.2394891,-117.0,11:37,0.0
4G,0.0,Jio,13.0150382,0,80.2395497,-118.0,11:37,0.0
4G,0.0,Jio,13.015058,0,80.2394891,-117.0,11:37,0.0
4G,0.0,Jio,13.0150985,0,80.23956,-117.0,11:37,0.0
4G,0.0,Jio,13.0150985,0,80.23956,-117.0,11:37,0.0
4G,0.0,Jio,13.0151281,0,80.2396116,-117.0,11:37,0.0
4G,0.0,Jio,13.0151281,0,80.2396116,-117.0,11:37,0.0
4G,0.0,Jio,13.0151401,0,80.2396122,-120.0,11:37,0.0
4G,0.0,Jio,13.0151766,0,80.2396395,-120.0,11:37,0.0
4G,0.0,Jio,13.0151766,0,80.2396395,-120.0,11:37,0.0
4G,0.0,Jio,13.0151766,0,80.2396395,-120.0,11:37,0.0
4G,0.0,Jio,13.0151766,0,80.2396395,-120.0,11:37,0.0
4G,0.0,Jio,13.0151766,0,80.2396395,-120.0,11:37,0.0
4G,0.0,Jio,13.0151766,0,80.2396395,-120.0,11:37,0.0
4G,0.0,Jio,13.0151879,0,80.2396567,-120.0,11:37,0.0
4G,0.0,Jio,13.0152058,0,80.2396777,-120.0,11:37,0.0
4G,0.0,Jio,13.0152058,0,80.2396777,-120.0,11:37,0.0
4G,0.0,Jio,13.0152161,0,80.2396955,-116.0,11:37,0.0
4G,0.0,Jio,13.0152161,0,80.2396955,-116.0,11:37,0.0
4G,0.0,Jio,13.0152161,0,80.2396955,-112.0,11:37,0.0
4G,0.0,Jio,13.0152335,0,80.2397072,-112.0,11:37,0.0
4G,0.0,Jio,13.0152161,0,80.2396955,-116.0,11:37,0.0
4G,0.0,Jio,13.0152161,0,80.2396955,-112.0,11:37,0.0
4G,0.0,Jio,13.0151766,0,80.2396395,-120.0,11:37,0.0
4G,0.0,Jio,13.0152335,0,80.2397072,-120.0,11:38,0.0
4G,0.0,Jio,13.0152269,0,80.2396846,-121.0,11:38,0.0
4G,0.0,Jio,13.0152269,0,80.2396846,-121.0,11:38,0.0
4G,0.0,Jio,13.0152269,0,80.2396846,-121.0,11:38,0.0
4G,0.0,Jio,13.0152269,0,80.2396846,-121.0,11:38,0.0
4G,0.0,Jio,13.0152269,0,80.2396846,-121.0,11:38,0.0
4G,0.0,Jio,13.0152269,0,80.2396846,-121.0,11:38,0.0
4G,0.0,Jio,13.0152269,0,80.2396846,-121.0,11:38,0.0
4G,0.0,Jio,13.0152269,0,80.2396846,-121.0,11:38,0.0
4G,0.0,Jio,13.0152269,0,80.2396846,-121.0,11:38,0.0
4G,0.0,Jio,13.0152269,0,80.2396846,-121.0,11:38,0.0
4G,0.0,Jio,13.0152269,0,80.2396846,-121.0,11:38,0.0
4G,0.0,Jio,13.0152269,0,80.2396846,-121.0,11:38,0.0
4G,0.0,Jio,13.0152269,0,80.2396846,-121.0,11:38,0.0
4G,0.0,Jio,13.0152269,0,80.2396846,-121.0,11:38,0.0
4G,0.0,Jio,13.0152269,0,80.2396846,-121.0,11:38,0.0
4G,0.0,Jio,13.0152269,0,80.2396846,-121.0,11:38,0.0
4G,0.0,Jio,13.0152269,0,80.2396846,-121.0,11:38,0.0
4G,0.0,Jio,13.0152269,0,80.2396846,-121.0,11:38,0.0
4G,0.0,Jio,13.0152269,0,80.2396846,-121.0,11:38,0.0
4G,0.0,Jio,13.0152269,21,80.2396846,-121.0,11:38,0.0
4G,0.0,Jio,13.0152269,0,80.2396846,-121.0,11:38,0.0
4G,0.0,Jio,13.0152269,0,80.2396846,-121.0,11:38,0.0
4G,0.0,Jio,13.0152269,21,80.2396846,-121.0,11:38,0.0
4G,0.0,Jio,13.0152269,0,80.2396846,-121.0,11:38,0.0
4G,0.0,Jio,13.0152269,0,80.2396846,-121.0,11:38,0.0
4G,0.0,Jio,13.0152269,21,80.2396846,-121.0,11:38,0.0
4G,0.0,Jio,13.015127,0,80.2397652,-119.0,11:38,0.0
4G,0.0,Jio,13.015127,0,80.2397652,-119.0,11:38,0.0
4G,0.0,Jio,13.015127,0,80.2397652,-120.0,11:38,0.0
4G,0.0,Jio,13.015127,0,80.2397652,-119.0,11:38,0.0
4G,0.0,Jio,13.015127,0,80.2397652,-119.0,11:38,0.0
4G,0.0,Jio,13.015127,0,80.2397652,-120.0,11:38,0.0
4G,0.0,Jio,13.015127,0,80.2397652,-119.0,11:38,0.0
4G,0.0,Jio,13.015127,0,80.2397652,-119.0,11:38,0.0
4G,0.0,Jio,13.015127,0,80.2397652,-120.0,11:38,0.0
4G,0.0,Jio,13.015127,0,80.2397652,-119.0,11:38,0.0
4G,0.0,Jio,13.015127,0,80.2397652,-119.0,11:38,0.0
4G,0.0,Jio,13.015127,0,80.2397652,-119.0,11:38,0.0
4G,0.0,Jio,13.015127,0,80.2397652,-120.0,11:38,0.0
4G,0.0,Jio,13.015127,0,80.2397652,-119.0,11:38,0.0
4G,0.0,Jio,13.015127,0,80.2397652,-119.0,11:38,0.0
4G,0.0,Jio,13.015127,0,80.2397652,-120.0,11:38,0.0
4G,0.0,Jio,13.015127,0,80.2397652,-119.0,11:38,0.0
4G,0.0,Jio,13.015127,0,80.2397652,-119.0,11:38,0.0
4G,0.0,Jio,13.015127,0,80.2397652,-120.0,11:38,0.0
4G,0.0,Jio,13.015127,0,80.2397652,-119.0,11:38,0.0
4G,0.0,Jio,13.015127,0,80.2397652,-119.0,11:38,0.0
4G,0.0,Jio,13.015127,0,80.2397652,-120.0,11:38,0.0
4G,0.0,Jio,13.015127,0,80.2397652,-119.0,11:38,0.0
4G,0.0,Jio,13.015127,0,80.2397652,-119.0,11:38,0.0
4G,0.0,Jio,13.015127,0,80.2397652,-120.0,11:38,0.0
4G,0.0,Jio,13.015127,0,80.2397652,-119.0,11:38,0.0
4G,0.0,Jio,13.015127,0,80.2397652,-119.0,11:38,0.0
4G,0.0,Jio,13.015127,0,80.2397652,-120.0,11:38,0.0
4G,0.0,Jio,13.015127,0,80.2397652,-119.0,11:38,0.0
4G,0.0,Jio,13.015127,0,80.2397652,-119.0,11:38,0.0
4G,0.0,Jio,13.015127,0,80.2397652,-119.0,11:38,0.0
4G,0.0,Jio,13.015127,0,80.2397652,-119.0,11:38,0.0
4G,0.0,Jio,13.015127,0,80.2397652,-119.0,11:38,0.0
4G,0.0,Jio,13.015127,0,80.2397652,-119.0,11:38,0.0
4G,0.0,Jio,13.015127,0,80.2397652,-119.0,11:38,0.0
4G,0.0,Jio,13.015127,0,80.2397652,-119.0,11:38,0.0
4G,0.0,Jio,13.015127,0,80.2397652,-120.0,11:38,0.0
4G,0.0,Jio,13.015127,0,80.2397652,-119.0,11:38,0.0
4G,0.0,Jio,13.015127,0,80.2397652,-119.0,11:38,0.0
4G,0.0,Jio,13.015127,0,80.2397652,-120.0,11:38,0.0
4G,0.0,Jio,13.015127,0,80.2397652,-119.0,11:38,0.0
4G,0.0,Jio,13.015127,0,80.2397652,-119.0,11:38,0.0
4G,0.0,Jio,13.015127,0,80.2397652,-120.0,11:38,0.0
4G,0.0,Jio,13.015127,0,80.2397652,-119.0,11:38,0.0
4G,0.0,Jio,13.015127,0,80.2397652,-119.0,11:38,0.0
4G,0.0,Jio,13.015127,0,80.2397652,-120.0,11:38,0.0
4G,0.0,Jio,13.015127,0,80.2397652,-119.0,11:38,0.0
4G,0.0,Jio,13.015127,0,80.2397652,-119.0,11:38,0.0
4G,0.0,Jio,13.015127,0,80.2397652,-120.0,11:38,0.0
4G,0.0,Jio,13.015127,0,80.2397652,-119.0,11:38,0.0
4G,0.0,Jio,13.015127,0,80.2397652,-119.0,11:38,0.0
4G,0.0,Jio,13.015127,0,80.2397652,-120.0,11:38,0.0
4G,0.0,Jio,13.015127,0,80.2397652,-119.0,11:38,0.0
4G,0.0,Jio,13.0151382,35,80.2398894,-127.0,12:18,0.0
4G,0.0,Jio,13.0151382,35,80.2398894,-127.0,12:18,0.0
4G,0.0,Jio,13.0151382,0,80.2398894,-127.0,12:18,0.0
4G,0.0,Jio,13.0151382,35,80.2398894,-127.0,12:18,0.0
4G,0.0,Jio,13.0151382,0,80.2398894,-127.0,12:18,0.0
4G,0.0,Jio,13.0151403,0,80.2398924,-127.0,12:18,0.0
4G,0.0,Jio,13.0151364,847,80.239878,-115.0,12:18,0.0
4G,0.0,Jio,13.0151364,847,80.239878,-115.0,12:18,0.0
4G,0.0,Jio,13.0151364,0,80.239878,-115.0,12:18,0.0
4G,0.0,Jio,13.0151364,847,80.239878,-115.0,12:18,0.0
4G,0.0,Jio,13.0151364,0,80.239878,-115.0,12:18,0.0
4G,0.0,Jio,13.0151364,847,80.239878,-115.0,12:18,0.0
4G,0.0,Jio,13.0151364,0,80.239878,-115.0,12:18,0.0
4G,0.0,Jio,13.0151364,847,80.239878,-115.0,12:18,0.0
4G,0.0,Jio,13.0151364,0,80.239878,-115.0,12:18,0.0
4G,0.0,Jio,13.0151364,0,80.239878,-117.0,12:18,0.0
4G,0.0,Jio,13.0151379,0,80.2398825,-117.0,12:18,0.0
4G,0.0,Jio,13.0151379,0,80.2398825,-117.0,12:18,0.0
4G,0.0,Jio,13.0151379,0,80.2398825,-117.0,12:18,0.0
4G,0.0,Jio,13.0151379,0,80.2398825,-117.0,12:18,0.0
4G,0.0,Jio,13.0151379,0,80.2398825,-117.0,12:18,0.0
4G,0.0,Jio,13.0151379,0,80.2398825,-117.0,12:18,0.0
4G,0.0,Jio,13.0151379,0,80.2398825,-117.0,12:18,0.0
4G,0.0,Jio,13.0151379,0,80.2398825,-117.0,12:18,0.0
4G,0.0,Jio,13.0151379,0,80.2398825,-117.0,12:18,0.0
4G,0.0,Jio,13.0151379,0,80.2398825,-117.0,12:18,0.0
4G,0.0,Jio,13.0151379,0,80.2398825,-117.0,12:18,0.0
4G,0.0,Jio,13.0151379,0,80.2398825,-117.0,12:18,0.0
4G,0.0,Jio,13.0151379,0,80.2398825,-117.0,12:18,0.0
4G,0.0,Jio,13.0151379,0,80.2398825,-108.0,12:18,0.0
4G,0.0,Jio,13.0151379,0,80.2398825,-108.0,12:18,0.0
4G,0.0,Jio,13.0151379,0,80.2398825,-108.0,12:18,0.0
4G,0.0,Jio,13.0151379,0,80.2398825,-108.0,12:18,0.0
4G,0.0,Jio,13.0151352,0,80.2398766,-108.0,12:18,0.0
4G,0.0,Jio,13.0151379,0,80.2398825,-108.0,12:18,0.0
4G,0.0,Jio,13.0151352,0,80.2398766,-108.0,12:18,0.0
4G,0.0,Jio,13.0151352,0,80.2398766,-124.0,12:19,0.0
4G,0.0,Jio,13.0151352,0,80.2398766,-124.0,12:19,0.0
4G,0.0,Jio,13.0151352,0,80.2398766,-124.0,12:19,0.0
4G,0.0,Jio,13.0151352,0,80.2398766,-124.0,12:19,0.0
4G,0.0,Jio,13.0151352,0,80.2398766,-124.0,12:19,0.0
4G,0.0,Jio,13.0151352,0,80.2398766,-124.0,12:19,0.0
4G,0.0,Jio,13.0151352,0,80.2398766,-124.0,12:19,0.0
4G,0.0,Jio,13.0151352,0,80.2398766,-124.0,12:19,0.0
4G,0.0,Jio,13.0151352,0,80.2398766,-124.0,12:19,0.0
4G,0.0,Jio,13.0151352,0,80.2398766,-124.0,12:19,0.0
4G,0.0,Jio,13.0151352,0,80.2398766,-124.0,12:19,0.0
4G,0.0,Jio,13.0151352,0,80.2398766,-124.0,12:19,0.0
4G,0.0,Jio,13.0151352,0,80.2398766,-124.0,12:19,0.0
4G,0.0,Jio,13.0151352,0,80.2398766,-124.0,12:19,0.0
4G,0.0,Jio,13.0151352,0,80.2398766,-124.0,12:19,0.0
4G,0.0,Jio,13.0151376,46,80.2398822,-113.0,12:19,0.0
4G,0.0,Jio,13.0151376,46,80.2398822,-113.0,12:19,0.0
4G,0.0,Jio,13.0151354,1522,80.2398777,-115.0,12:19,0.0
4G,0.0,Jio,13.0151354,1522,80.2398777,-115.0,12:19,0.0
4G,0.0,Jio,13.0151349,1522,80.2398786,-115.0,12:19,0.0
4G,0.0,Jio,13.0151354,1522,80.2398777,-115.0,12:19,0.0
4G,0.0,Jio,13.0151349,1522,80.2398786,-115.0,12:19,0.0
4G,0.0,Jio,13.0151354,1522,80.2398777,-115.0,12:19,0.0
4G,0.0,Jio,13.0151349,1522,80.2398786,-115.0,12:19,0.0
4G,0.0,Jio,13.0151349,1522,80.2398786,-115.0,12:19,0.0
4G,0.0,Jio,13.0151354,1522,80.2398777,-115.0,12:19,0.0
4G,0.0,Jio,13.0151349,1522,80.2398786,-115.0,12:19,0.0
4G,0.0,Jio,13.0151349,1522,80.2398786,-115.0,12:19,0.0
4G,0.0,Jio,13.0151345,1522,80.2398753,-116.0,12:19,0.0
4G,0.0,Jio,13.0151345,1522,80.2398753,-115.0,12:19,0.0
4G,0.0,Jio,13.0151345,1522,80.2398753,-116.0,12:19,0.0
4G,0.0,Jio,13.0151345,1522,80.2398753,-116.0,12:19,0.0
4G,0.0,Jio,13.0151345,1522,80.2398753,-115.0,12:19,0.0
4G,0.0,Jio,13.0151364,1522,80.2398797,-115.0,12:19,0.0
4G,0.0,Jio,13.0151345,1522,80.2398753,-116.0,12:19,0.0
4G,0.0,Jio,13.0151345,1522,80.2398753,-115.0,12:19,0.0
4G,0.0,Jio,13.0151364,1522,80.2398797,-115.0,12:19,0.0
4G,0.0,Jio,13.0151345,1522,80.2398753,-116.0,12:19,0.0
4G,0.0,Jio,13.0151345,1522,80.2398753,-115.0,12:19,0.0
4G,0.0,Jio,13.0151364,1522,80.2398797,-115.0,12:19,0.0
4G,0.0,Jio,13.0151345,1522,80.2398753,-116.0,12:19,0.0
4G,0.0,Jio,13.0151385,1522,80.2398858,-115.0,12:19,0.0
4G,0.0,Jio,13.0151377,29,80.2398814,-107.0,12:20,0.0
4G,0.0,Jio,13.0151377,29,80.2398814,-107.0,12:20,0.0
4G,0.0,Jio,13.0151421,29,80.2398907,-117.0,12:20,0.0
4G,0.0,Jio,13.0151377,29,80.2398814,-107.0,12:20,0.0
4G,0.0,Jio,13.0151421,29,80.2398907,-117.0,12:20,0.0
4G,0.0,Jio,13.0151421,29,80.2398907,-117.0,12:20,0.0
4G,0.0,Jio,13.0151377,29,80.2398814,-107.0,12:20,0.0
4G,0.0,Jio,13.0151421,29,80.2398907,-117.0,12:20,0.0
4G,0.0,Jio,13.0151421,29,80.2398907,-117.0,12:20,0.0
4G,0.0,Jio,13.0151404,29,80.239889,-117.0,12:20,0.0
4G,0.0,Jio,13.0151377,29,80.2398814,-107.0,12:20,0.0
4G,0.0,Jio,13.0151421,29,80.2398907,-117.0,12:20,0.0
4G,0.0,Jio,13.0151421,29,80.2398907,-117.0,12:20,0.0
4G,0.0,Jio,13.0151404,29,80.239889,-117.0,12:20,0.0
4G,0.0,Jio,13.0151343,29,80.2398786,-105.0,12:20,0.0
4G,0.0,Jio,13.0151343,29,80.2398786,-105.0,12:20,0.0
4G,0.0,Jio,13.0151343,29,80.2398786,-105.0,12:20,0.0
4G,0.0,Jio,13.0151343,29,80.2398786,-105.0,12:20,0.0
4G,0.0,Jio,13.0151343,29,80.2398786,-105.0,12:20,0.0
4G,0.0,Jio,13.0151343,29,80.2398786,-105.0,12:20,0.0
4G,0.0,Jio,13.0151343,29,80.2398786,-105.0,12:20,0.0
4G,0.0,Jio,13.0151343,29,80.2398786,-105.0,12:20,0.0
4G,0.0,Jio,13.0151343,29,80.2398786,-104.0,12:20,0.0
4G,0.0,Jio,13.0151343,29,80.2398786,-105.0,12:20,0.0
4G,0.0,Jio,13.0151343,29,80.2398786,-104.0,12:20,0.0
4G,0.0,Jio,13.0151399,29,80.2398911,-104.0,12:20,0.0
4G,0.0,Jio,13.0151343,29,80.2398786,-105.0,12:20,0.0
4G,0.0,Jio,13.0151343,29,80.2398786,-104.0,12:20,0.0
4G,0.0,Jio,13.0151399,29,80.2398911,-104.0,12:20,0.0
4G,0.088,Jio,13.0151399,29,80.2398911,-115.0,12:20,0.0
4G,0.088,Jio,13.0151399,29,80.2398911,-115.0,12:20,0.0
4G,0.088,Jio,13.0151399,29,80.2398911,-115.0,12:20,0.0
4G,0.088,Jio,13.0151399,29,80.2398911,-117.0,12:20,0.0
4G,0.088,Jio,13.0151399,29,80.2398911,-115.0,12:20,0.0
4G,0.088,Jio,13.0151399,29,80.2398911,-117.0,12:20,0.0
4G,0.088,Jio,13.0151399,29,80.2398911,-115.0,12:20,0.0
4G,0.088,Jio,13.0151399,29,80.2398911,-117.0,12:20,0.0
4G,0.088,Jio,13.0151399,29,80.2398911,-115.0,12:20,0.0
4G,0.088,Jio,13.0151399,29,80.2398911,-117.0,12:20,0.0
4G,0.088,Jio,13.0151399,29,80.2398911,-115.0,12:20,0.0
4G,0.088,Jio,13.0151399,29,80.2398911,-117.0,12:20,0.0
4G,0.088,Jio,13.0151399,29,80.2398911,-115.0,12:20,0.0
4G,0.088,Jio,13.0151399,29,80.2398911,-117.0,12:20,0.0
4G,0.088,Jio,13.0151399,29,80.2398911,-115.0,12:20,0.0
4G,0.088,Jio,13.0151399,29,80.2398911,-117.0,12:20,0.0
4G,0.088,Jio,13.0151399,29,80.2398911,-115.0,12:20,0.0
4G,0.088,Jio,13.0151399,29,80.2398911,-117.0,12:20,0.0
4G,0.088,Jio,13.0151399,29,80.2398911,-115.0,12:20,0.0
4G,0.088,Jio,13.0151399,29,80.2398911,-117.0,12:20,0.0
4G,0.088,Jio,13.0151399,29,80.2398911,-115.0,12:20,0.0
4G,0.088,Jio,13.0151399,29,80.2398911,-117.0,12:20,0.0
4G,0.088,Jio,13.0151399,29,80.2398911,-117.0,12:20,0.0
4G,0.088,Jio,13.0151399,29,80.2398911,-115.0,12:20,0.0
4G,0.088,Jio,13.0151399,29,80.2398911,-117.0,12:20,0.0
4G,0.088,Jio,13.0151399,29,80.2398911,-117.0,12:20,0.0
4G,0.088,Jio,13.0151399,29,80.2398911,-115.0,12:20,0.0
4G,0.088,Jio,13.0151399,29,80.2398911,-117.0,12:20,0.0
4G,0.088,Jio,13.0151399,29,80.2398911,-117.0,12:20,0.0
4G,0.088,Jio,13.0151399,29,80.2398911,-115.0,12:20,0.0
4G,0.088,Jio,13.0151399,29,80.2398911,-117.0,12:20,0.0
4G,0.088,Jio,13.0151399,29,80.2398911,-117.0,12:20,0.0
4G,0.088,Jio,13.0151399,29,80.2398911,-115.0,12:20,0.0
4G,0.088,Jio,13.0151399,29,80.2398911,-117.0,12:20,0.0
4G,0.088,Jio,13.0151399,29,80.2398911,-117.0,12:20,0.0
4G,0.088,Jio,13.0151399,29,80.2398911,-115.0,12:20,0.0
4G,0.088,Jio,13.0151399,29,80.2398911,-117.0,12:20,0.0
4G,0.088,Jio,13.0151399,29,80.2398911,-117.0,12:20,0.0
4G,0.088,Jio,13.0151399,29,80.2398911,-115.0,12:20,0.0
4G,0.088,Jio,13.0151399,29,80.2398911,-117.0,12:20,0.0
4G,0.088,Jio,13.0151399,29,80.2398911,-117.0,12:20,0.0
4G,0.088,Jio,13.0151399,29,80.2398911,-115.0,12:20,0.0
4G,0.088,Jio,13.0151399,29,80.2398911,-117.0,12:20,0.0
4G,0.088,Jio,13.0151399,29,80.2398911,-117.0,12:20,0.0
4G,0.088,Jio,13.0151399,29,80.2398911,-115.0,12:20,0.0
4G,0.088,Jio,13.0151399,29,80.2398911,-117.0,12:20,0.0
4G,0.088,Jio,13.0151399,29,80.2398911,-117.0,12:20,0.0
4G,0.088,Jio,13.0151399,29,80.2398911,-115.0,12:20,0.0
4G,0.088,Jio,13.0151399,29,80.2398911,-117.0,12:20,0.0
4G,0.088,Jio,13.0151399,29,80.2398911,-117.0,12:20,0.0
4G,0.088,Jio,13.0151399,29,80.2398911,-115.0,12:20,0.0
4G,0.088,Jio,13.0151399,29,80.2398911,-117.0,12:20,0.0
4G,0.088,Jio,13.0151399,29,80.2398911,-117.0,12:20,0.0
4G,0.088,Jio,13.0151399,29,80.2398911,-115.0,12:20,0.0
4G,0.088,Jio,13.0151399,29,80.2398911,-117.0,12:20,0.0
4G,0.088,Jio,13.0151399,29,80.2398911,-117.0,12:20,0.0
4G,0.088,Jio,13.0151399,29,80.2398911,-115.0,12:20,0.0
4G,0.088,Jio,13.0151399,29,80.2398911,-117.0,12:20,0.0
4G,0.088,Jio,13.0151399,29,80.2398911,-117.0,12:20,0.0
4G,0.088,Jio,13.0151399,29,80.2398911,-115.0,12:20,0.0
4G,0.088,Jio,13.0151399,29,80.2398911,-117.0,12:20,0.0
4G,0.088,Jio,13.0151399,29,80.2398911,-117.0,12:20,0.0
4G,0.088,Jio,13.0151399,29,80.2398911,-115.0,12:20,0.0
4G,0.088,Jio,13.0151399,29,80.2398911,-117.0,12:20,0.0
4G,0.088,Jio,13.0151399,29,80.2398911,-117.0,12:20,0.0
4G,0.088,Jio,13.0151399,29,80.2398911,-115.0,12:20,0.0
4G,0.088,Jio,13.0151399,29,80.2398911,-117.0,12:20,0.0
4G,0.088,Jio,13.0151399,29,80.2398911,-117.0,12:20,0.0
4G,0.088,Jio,13.0151399,29,80.2398911,-117.0,12:20,0.0
4G,0.0,Jio,13.015139,58,80.2398863,-124.0,12:43,0.0
4G,0.0,Jio,13.015139,58,80.2398863,-124.0,12:43,0.0
4G,0.0,Jio,13.015139,0,80.2398863,-121.0,12:43,0.0
4G,0.0,Jio,13.0151396,0,80.2398897,-124.0,12:44,0.0
4G,0.0,Jio,13.0151396,0,80.2398897,-124.0,12:44,0.0
4G,0.0,Jio,13.0151396,0,80.2398897,-124.0,12:44,0.0
4G,0.0,Jio,13.0151382,1540,80.2398859,-120.0,12:44,0.0
4G,0.0,Jio,13.0151396,0,80.2398897,-124.0,12:44,0.0
4G,0.0,Jio,13.0151382,0,80.2398859,-120.0,12:44,0.0
4G,0.0,Jio,13.0151382,0,80.2398859,-120.0,12:44,0.0
4G,0.0,Jio,13.0151371,0,80.23988,-124.0,12:44,0.0
4G,0.0,Jio,13.0151386,0,80.2398864,-124.0,12:44,0.0
4G,0.0,Jio,13.0151386,0,80.2398864,-124.0,12:44,0.0
4G,0.0,Jio,13.0151386,0,80.2398864,-124.0,12:44,0.0
4G,0.0,Jio,13.0151386,0,80.2398864,-123.0,12:44,0.0
4G,0.0,Jio,13.0151381,0,80.2398884,-127.0,12:45,0.0
4G,0.0,Jio,13.0151383,0,80.239886,-126.0,12:45,0.0
4G,0.0,Jio,13.0151387,0,80.2398875,-127.0,12:45,0.0
4G,0.0,Jio,13.0151387,0,80.2398875,-128.0,12:45,0.0
4G,0.0,Jio,13.0151396,0,80.2398895,-128.0,12:45,0.0
4G,0.0,Jio,13.0151396,0,80.2398895,-127.0,12:45,0.0
4G,0.0,Jio,13.0151395,0,80.2398829,-127.0,12:45,0.0
4G,0.0,Jio,13.0151383,0,80.239886,-126.0,12:45,0.0
4G,0.0,Jio,13.0151386,0,80.2398857,-110.0,12:45,0.0
4G,0.0,Jio,13.0151409,0,80.2398869,-110.0,12:45,0.0
4G,0.0,Jio,13.0151381,0,80.2398776,-112.0,12:45,0.0
4G,0.0,Jio,13.0151393,0,80.2398873,-128.0,12:46,0.0
4G,0.0,Jio,13.0151383,0,80.239886,-126.0,12:45,0.0
4G,0.0,Jio,13.0151387,0,80.2398875,-127.0,12:45,0.0
4G,0.0,Jio,13.0151386,0,80.2398874,-128.0,12:46,0.0
4G,0.0,Jio,13.0151386,0,80.2398874,-128.0,12:46,0.0
4G,0.0,Jio,13.0151386,0,80.2398874,-128.0,12:46,0.0
4G,0.0,Jio,13.0151383,0,80.239886,-126.0,12:45,0.0
4G,0.0,Jio,13.0151387,0,80.2398875,-127.0,12:45,0.0
4G,0.0,Jio,13.0151387,0,80.2398875,-128.0,12:45,0.0
4G,0.0,Jio,13.0151386,0,80.2398874,-115.0,12:46,0.0
4G,0.0,Jio,13.0151386,0,80.2398874,-115.0,12:46,0.0
4G,0.0,Jio,13.0151386,0,80.2398874,-115.0,12:46,0.0
4G,0.0,Jio,13.0151386,0,80.2398874,-115.0,12:46,0.0
4G,0.0,Jio,13.015139,0,80.2398877,-115.0,12:46,0.0
4G,0.0,Jio,13.0151383,0,80.239886,-126.0,12:45,0.0
4G,0.0,Jio,13.0151387,0,80.2398875,-127.0,12:45,0.0
4G,0.0,Jio,13.0151387,0,80.2398875,-128.0,12:45,0.0
4G,0.0,Jio,13.0151396,0,80.2398895,-128.0,12:45,0.0
4G,0.0,Jio,13.0151396,0,80.2398895,-127.0,12:45,0.0
4G,0.0,Jio,13.0151409,0,80.2398869,-110.0,12:45,0.0
4G,0.0,Jio,13.015139,28,80.2398877,-116.0,12:46,0.0
4G,0.0,Jio,13.015139,28,80.2398877,-116.0,12:46,0.0
4G,0.0,Jio,13.015139,28,80.2398877,-116.0,12:46,0.0
4G,0.0,Jio,13.015139,28,80.2398877,-116.0,12:46,0.0
4G,0.0,Jio,13.015139,28,80.2398877,-116.0,12:46,0.0
4G,0.0,Jio,13.015139,28,80.2398877,-116.0,12:46,0.0
4G,0.0,Jio,13.015139,28,80.2398877,-116.0,12:46,0.0
4G,0.0,Jio,13.015139,28,80.2398877,-116.0,12:46,0.0
4G,0.0,Jio,13.015139,28,80.2398877,-116.0,12:46,0.0
4G,0.0,Jio,13.015139,0,80.2398877,-125.0,12:46,0.0
4G,0.0,Jio,13.015139,28,80.2398877,-116.0,12:46,0.0
4G,0.0,Jio,13.015139,0,80.2398877,-125.0,12:46,0.0
4G,0.0,Jio,13.015139,28,80.2398877,-116.0,12:46,0.0
4G,0.0,Jio,13.015139,0,80.2398877,-125.0,12:46,0.0
4G,0.0,Jio,13.015139,28,80.2398877,-116.0,12:46,0.0
4G,0.0,Jio,13.015139,0,80.2398877,-125.0,12:46,0.0
4G,0.0,Jio,13.015139,28,80.2398877,-116.0,12:46,0.0
4G,0.0,Jio,13.015139,0,80.2398877,-125.0,12:46,0.0
4G,0.0,Jio,13.015139,28,80.2398877,-116.0,12:46,0.0
4G,0.0,Jio,13.015139,0,80.2398877,-125.0,12:46,0.0
4G,0.0,Jio,13.0151383,0,80.239886,-126.0,12:45,0.0
4G,0.0,Jio,13.0151387,0,80.2398875,-127.0,12:45,0.0
4G,0.0,Jio,13.0151387,0,80.2398875,-128.0,12:45,0.0
4G,0.0,Jio,13.0151396,0,80.2398895,-128.0,12:45,0.0
4G,0.0,Jio,13.0151383,37,80.2398851,-114.0,12:46,0.0
4G,0.0,Jio,13.0151383,37,80.2398851,-114.0,12:46,0.0
4G,0.0,Jio,13.0151383,37,80.2398851,-114.0,12:46,0.0
4G,0.0,Jio,13.0151383,37,80.2398851,-114.0,12:46,0.0
4G,0.0,Jio,13.0151383,0,80.2398851,-114.0,12:46,0.0
4G,0.0,Jio,13.0151383,37,80.2398851,-115.0,12:46,0.0
4G,0.0,Jio,13.0151383,37,80.2398851,-115.0,12:46,0.0
4G,0.0,Jio,13.0151393,37,80.2398841,-116.0,12:46,0.0
4G,0.0,Jio,13.0151386,0,80.2398864,-123.0,12:44,0.0
4G,0.0,Jio,13.0151393,37,80.2398841,-111.0,12:46,0.0
4G,0.0,Jio,13.0151393,37,80.2398841,-111.0,12:46,0.0
4G,0.0,Jio,13.0151393,29,80.2398841,-115.0,12:46,0.0
4G,0.0,Jio,13.0151393,37,80.2398841,-111.0,12:46,0.0
4G,0.0,Jio,13.0151393,29,80.2398841,-115.0,12:46,0.0
4G,0.0,Jio,13.0151393,37,80.2398841,-111.0,12:46,0.0
4G,0.0,Jio,13.0151393,29,80.2398841,-115.0,12:46,0.0
4G,0.0,Jio,13.0151393,37,80.2398841,-111.0,12:46,0.0
4G,0.0,Jio,13.0151393,29,80.2398841,-115.0,12:46,0.0
4G,0.0,Jio,13.0151393,22,80.2398841,-109.0,12:46,0.0
4G,0.0,Jio,13.0151393,22,80.2398841,-109.0,12:46,0.0
4G,0.0,Jio,13.0151393,22,80.2398841,-109.0,12:46,0.0
4G,0.0,Jio,13.0151386,0,80.2398864,-123.0,12:44,0.0
4G,0.0,Jio,13.0151386,0,80.2398864,-123.0,12:44,0.0
4G,0.0,Jio,13.0151386,0,80.2398864,-123.0,12:44,0.0
4G,0.0,Jio,13.0151386,0,80.2398864,-123.0,12:44,0.0
4G,0.0,Jio,13.0151386,0,80.2398864,-123.0,12:44,0.0
4G,0.0,Jio,13.015139,58,80.2398863,-124.0,12:43,0.0
4G,0.0,Jio,13.015139,0,80.2398863,-121.0,12:43,0.0
4G,0.0,Jio,13.015139,0,80.2398863,-121.0,12:44,0.0
4G,0.0,Jio,13.0151393,28,80.2398841,-116.0,12:47,0.0
4G,1.4119999408721924,Airtel,13.0151438,22,80.2398478,-104.0,10:52,0.7839999794960022
4G,1.4119999408721924,Airtel,13.015158,22,80.2398163,-106.0,10:53,0.7839999794960022
4G,1.4119999408721924,Airtel,13.015158,22,80.2398163,-106.0,10:53,0.7839999794960022
4G,1.4119999408721924,Airtel,13.015158,22,80.2398163,-106.0,10:53,0.7839999794960022
4G,1.4119999408721924,Airtel,13.0151535,22,80.2397949,-106.0,10:53,0.7839999794960022
4G,1.4119999408721924,Airtel,13.0151535,22,80.2397946,-108.0,10:53,0.7839999794960022
4G,1.4119999408721924,Airtel,13.0151535,22,80.2397946,-106.0,10:53,0.7839999794960022
4G,1.4119999408721924,Airtel,13.0151533,22,80.2397933,-105.0,10:53,0.7839999794960022
4G,1.4119999408721924,Airtel,13.0151533,22,80.2397933,-116.0,10:53,0.7839999794960022
4G,1.4119999408721924,Airtel,13.0151533,22,80.2397933,-112.0,10:53,0.7839999794960022
4G,1.4119999408721924,Airtel,13.0151533,22,80.2397933,-112.0,10:53,0.7839999794960022
4G,1.4119999408721924,Airtel,13.0151533,22,80.2397933,-114.0,10:53,0.7839999794960022
4G,1.4119999408721924,Airtel,13.0151533,22,80.2397933,-111.0,10:53,0.7839999794960022
4G,1.4119999408721924,Airtel,13.0151533,22,80.2397933,-113.0,10:53,0.7839999794960022
4G,1.4119999408721924,Airtel,13.0149791,22,80.2399275,-105.0,10:53,0.7839999794960022
4G,1.4119999408721924,Airtel,13.0149779,22,80.2399284,-105.0,10:53,0.7839999794960022
4G,1.4119999408721924,Airtel,13.0149779,22,80.2399284,-108.0,10:53,0.7839999794960022
4G,1.4119999408721924,Airtel,13.0149702,22,80.2399365,-106.0,10:53,0.7839999794960022
4G,1.4119999408721924,Airtel,13.0149701,22,80.2399365,-115.0,10:53,0.7839999794960022
4G,1.4119999408721924,Airtel,13.01497,22,80.2399367,-115.0,10:53,0.7839999794960022
4G,1.4119999408721924,Airtel,13.01497,22,80.2399367,-105.0,10:54,0.7839999794960022
4G,1.4119999408721924,Airtel,13.01497,22,80.2399367,-109.0,10:54,0.7839999794960022
4G,1.4119999408721924,Airtel,13.01497,22,80.2399367,-107.0,10:54,0.7839999794960022
4G,1.4119999408721924,Airtel,13.01497,22,80.2399367,-106.0,10:54,0.7839999794960022
4G,1.4119999408721924,Airtel,13.0148681,22,80.2398957,-107.0,10:54,0.7839999794960022
4G,1.4119999408721924,Airtel,13.0148656,22,80.2398956,-107.0,10:54,0.7839999794960022
4G,1.4119999408721924,Airtel,13.0148656,22,80.2398956,-106.0,10:54,0.7839999794960022
4G,1.4119999408721924,Airtel,13.0148026,22,80.2399049,-106.0,10:54,0.7839999794960022
4G,1.4119999408721924,Airtel,13.0148026,22,80.2399049,-114.0,10:54,0.7839999794960022
4G,1.4119999408721924,Airtel,13.0148017,22,80.239905,-117.0,10:54,0.7839999794960022
4G,1.5160000324249268,Airtel,13.0151449,45,80.239844,-126.0,11:19,0.0710000023245811
4G,1.5160000324249268,Airtel,13.0151449,45,80.239844,-123.0,11:19,0.0710000023245811
4G,1.5160000324249268,Airtel,13.0151458,45,80.2398468,-125.0,11:19,0.0710000023245811
4G,1.5160000324249268,Airtel,13.0151467,45,80.2398486,-125.0,11:19,0.0710000023245811
4G,1.5160000324249268,Airtel,13.0151467,45,80.2398486,-123.0,11:19,0.0710000023245811
4G,1.5160000324249268,Airtel,13.0151467,45,80.2398486,-124.0,11:19,0.0710000023245811
4G,1.5160000324249268,Airtel,13.0151447,45,80.2398402,-124.0,11:19,0.0710000023245811
4G,1.5160000324249268,Airtel,13.0151447,45,80.2398402,-122.0,11:19,0.0710000023245811
4G,123.21700286865234,Airtel,13.0148499,11,80.2385495,-107.0,11:28,0.796999990940094
4G,123.21700286865234,Airtel,13.014848,11,80.2384502,-107.0,11:28,0.796999990940094
4G,123.21700286865234,Airtel,13.0148726,11,80.2384328,-107.0,11:28,0.796999990940094
4G,123.21700286865234,Airtel,13.0148896,11,80.2384142,-107.0,11:28,0.796999990940094
4G,123.21700286865234,Airtel,13.0149049,11,80.2383923,-107.0,11:28,0.796999990940094
4G,123.21700286865234,Airtel,13.0149226,11,80.2383742,-107.0,11:28,0.796999990940094
4G,123.21700286865234,Airtel,13.0149275,11,80.2383537,-107.0,11:28,0.796999990940094
4G,123.21700286865234,Airtel,13.01494,11,80.2383413,-107.0,11:28,0.796999990940094
4G,62.584999084472656,Airtel,13.0151106,18,80.2379768,-107.0,11:29,0.4440000057220459
4G,62.584999084472656,Airtel,13.0151345,18,80.2379197,-107.0,11:29,0.4440000057220459
4G,62.584999084472656,Airtel,13.0151407,18,80.237891,-107.0,11:29,0.4440000057220459
4G,62.584999084472656,Airtel,13.0151439,18,80.2378777,-107.0,11:29,0.4440000057220459
4G,62.584999084472656,Airtel,13.0151517,18,80.2378586,-107.0,11:29,0.4440000057220459
4G,62.584999084472656,Airtel,13.0151584,18,80.2378393,-107.0,11:29,0.4440000057220459
4G,62.584999084472656,Airtel,13.0151653,18,80.2378187,-107.0,11:29,0.4440000057220459
4G,62.584999084472656,Airtel,13.0151665,18,80.2377964,-107.0,11:29,0.4440000057220459
4G,62.584999084472656,Airtel,13.0151638,18,80.237784,-107.0,11:29,0.4440000057220459
4G,62.584999084472656,Airtel,13.0151669,18,80.2377638,-107.0,11:29,0.4440000057220459
4G,13.182000160217283,Airtel,13.0152333,15,80.2376833,-44.0,11:30,0.1369999945163726
4G,13.182000160217283,Airtel,13.0152333,15,80.2376833,-44.0,11:30,0.1369999945163726
4G,13.182000160217283,Airtel,13.0152333,15,80.2376833,-44.0,11:30,0.1369999945163726
4G,13.182000160217283,Airtel,13.0152333,15,80.2376833,-44.0,11:31,0.1369999945163726
4G,13.182000160217283,Airtel,13.0152333,15,80.2376833,-113.0,11:31,0.1369999945163726
4G,13.182000160217283,Airtel,13.0152333,15,80.2376833,-113.0,11:31,0.1369999945163726
4G,13.182000160217283,Airtel,13.0152333,15,80.2376833,-113.0,11:31,0.1369999945163726
4G,13.182000160217283,Airtel,13.0152328,15,80.2376763,-113.0,11:31,0.1369999945163726
4G,13.182000160217283,Airtel,13.0152355,15,80.2376754,-113.0,11:31,0.1369999945163726
4G,13.182000160217283,Airtel,13.0152348,15,80.2376758,-113.0,11:31,0.1369999945163726
4G,28.90800094604492,Airtel,13.0134203,11,80.2361802,-112.0,11:38,0.5540000200271606
4G,28.90800094604492,Airtel,13.0134091,11,80.2361962,-112.0,11:38,0.5540000200271606
4G,28.90800094604492,Airtel,13.0134236,11,80.2362145,-44.0,11:38,0.5540000200271606
4G,28.90800094604492,Airtel,13.0134319,11,80.2362091,-44.0,11:38,0.5540000200271606
4G,28.90800094604492,Airtel,13.0134294,11,80.2362105,-44.0,11:38,0.5540000200271606
4G,28.90800094604492,Airtel,13.0134282,11,80.2362143,-97.0,11:38,0.5540000200271606
4G,28.90800094604492,Airtel,13.0134341,11,80.2362224,-117.0,11:38,0.5540000200271606
4G,28.90800094604492,Airtel,13.0134435,11,80.2362003,-117.0,11:38,0.5540000200271606
4G,28.90800094604492,Airtel,13.0134536,11,80.2362012,-117.0,11:38,0.5540000200271606
4G,28.90800094604492,Airtel,13.0134604,11,80.2362061,-117.0,11:38,0.5540000200271606
4G,28.90800094604492,Airtel,13.0134711,11,80.2362027,-117.0,11:38,0.5540000200271606
4G,28.90800094604492,Airtel,13.0134829,11,80.2362123,-117.0,11:38,0.5540000200271606
4G,28.90800094604492,Airtel,13.0134859,11,80.2362181,-117.0,11:38,0.5540000200271606
4G,28.90800094604492,Airtel,13.0134804,11,80.2362264,-117.0,11:38,0.5540000200271606
4G,28.90800094604492,Airtel,13.0134607,11,80.2362446,-117.0,11:38,0.5540000200271606
4G,28.90800094604492,Airtel,13.0134493,11,80.2362593,-115.0,11:38,0.5540000200271606
4G,0.0,Airtel,13.0131069,0,80.2363245,-106.0,11:36,0.0
4G,234.4239959716797,Airtel,13.0133947,12,80.2357305,-107.0,11:38,3.0290000438690186
4G,234.4239959716797,Airtel,13.0133958,12,80.2357308,-107.0,11:38,3.0290000438690186
4G,234.4239959716797,Airtel,13.0133994,12,80.2357289,-109.0,11:38,3.0290000438690186
4G,234.4239959716797,Airtel,13.0133989,12,80.2357337,-109.0,11:38,3.0290000438690186
4G,279.8519897460937,Airtel,13.0134475,10,80.2357244,-105.0,11:39,3.3429999351501465
4G,279.8519897460937,Airtel,13.0134474,10,80.2357244,-105.0,11:39,3.3429999351501465
4G,279.8519897460937,Airtel,13.0134474,10,80.2357244,-107.0,11:39,3.3429999351501465
4G,0.6169999837875366,Jio,13.0140276,41,80.2357855,-120.0,11:39,0.0780000016093254
4G,0.6169999837875366,Jio,13.0131399,41,80.2357618,-116.0,11:39,0.0780000016093254
4G,0.6169999837875366,Jio,13.0131889,41,80.2357488,-116.0,11:39,0.0780000016093254
4G,0.6169999837875366,Jio,13.0131463,41,80.2357633,-117.0,11:40,0.0780000016093254
4G,0.6169999837875366,Jio,13.0131463,41,80.2357633,-120.0,11:40,0.0780000016093254
4G,0.6169999837875366,Jio,13.0131376,41,80.2357572,-118.0,11:40,0.0780000016093254
4G,0.6169999837875366,Jio,13.013132,41,80.2357504,-118.0,11:40,0.0780000016093254
4G,0.6169999837875366,Jio,13.0131458,41,80.2357374,-119.0,11:40,0.0780000016093254
4G,0.6169999837875366,Jio,13.0131561,41,80.2357434,-124.0,11:40,0.0780000016093254
4G,0.6169999837875366,Jio,13.0131561,41,80.2357434,-112.0,11:40,0.0780000016093254
4G,0.6169999837875366,Jio,13.013147,41,80.2357525,-93.0,11:40,0.0780000016093254
4G,0.6169999837875366,Jio,13.0131365,41,80.2357392,-121.0,11:40,0.0780000016093254
4G,0.6169999837875366,Jio,13.0131365,41,80.2357392,-119.0,11:40,0.0780000016093254
4G,279.8519897460937,Airtel,13.0134515,10,80.2357234,-109.0,11:39,3.3429999351501465
4G,279.8519897460937,Airtel,13.0134341,10,80.2356947,-110.0,11:39,3.3429999351501465
4G,279.8519897460937,Airtel,13.0134323,10,80.2356781,-112.0,11:39,3.3429999351501465
4G,279.8519897460937,Airtel,13.0134075,10,80.235681,-112.0,11:39,3.3429999351501465
4G,0.0,Airtel,13.0134264,0,80.2356858,-112.0,11:39,0.0
4G,331.75,Airtel,13.01345,11,80.2356032,-112.0,11:40,2.191999912261963
4G,331.75,Airtel,13.01345,11,80.2356032,-112.0,11:40,2.191999912261963
4G,331.75,Airtel,13.0134385,11,80.2356187,-112.0,11:40,2.191999912261963
4G,331.75,Airtel,13.0134261,11,80.2356081,-110.0,11:40,2.191999912261963
4G,331.75,Airtel,13.0134193,11,80.2356135,-110.0,11:40,2.191999912261963
4G,88.197998046875,Airtel,13.0134667,14,80.2361,-115.0,11:39,0.2930000126361847
4G,88.197998046875,Airtel,13.0134667,14,80.2361,-115.0,11:39,0.2930000126361847
4G,88.197998046875,Airtel,13.0134667,14,80.2361,-115.0,11:40,0.2930000126361847
4G,88.197998046875,Airtel,13.0134667,14,80.2361,-115.0,11:40,0.2930000126361847
4G,88.197998046875,Airtel,13.0134667,14,80.2361,-115.0,11:40,0.2930000126361847
4G,88.197998046875,Airtel,13.0134667,14,80.2361,-115.0,11:40,0.2930000126361847
4G,88.197998046875,Airtel,13.0134662,14,80.2360984,-116.0,11:40,0.2930000126361847
4G,88.197998046875,Airtel,13.0134679,14,80.2360971,-114.0,11:40,0.2930000126361847
4G,88.197998046875,Airtel,13.0134697,14,80.2361015,-44.0,11:40,0.2930000126361847
4G,88.197998046875,Airtel,13.0134685,14,80.2361013,-44.0,11:40,0.2930000126361847
2G,0.0,Airtel,13.0134665,0,80.2361032,-44.0,11:40,0.0
4G,331.75,Airtel,13.0134397,11,80.2356263,-110.0,11:40,2.191999912261963
4G,331.75,Airtel,13.0134455,11,80.2356265,-110.0,11:40,2.191999912261963
4G,2.9119999408721924,Jio,13.0131432,44,80.2357094,-115.0,11:41,0.0189999993890523
4G,2.9119999408721924,Jio,13.0131287,44,80.2356988,-115.0,11:41,0.0189999993890523
4G,2.9119999408721924,Jio,13.0131287,44,80.2356988,-115.0,11:41,0.0189999993890523
4G,2.9119999408721924,Jio,13.0131266,44,80.2356969,-116.0,11:41,0.0189999993890523
4G,2.9119999408721924,Jio,13.0131346,44,80.235701,-122.0,11:41,0.0189999993890523
4G,2.9119999408721924,Jio,13.0131154,44,80.235716,-116.0,11:41,0.0189999993890523
4G,2.9119999408721924,Jio,13.0130984,44,80.2357062,-116.0,11:41,0.0189999993890523
4G,2.9119999408721924,Jio,13.0130906,44,80.2356863,-113.0,11:41,0.0189999993890523
4G,2.9119999408721924,Jio,13.0131129,44,80.2356759,-113.0,11:41,0.0189999993890523
4G,2.9119999408721924,Jio,13.0131469,44,80.2356784,-109.0,11:42,0.0189999993890523
4G,2.9119999408721924,Jio,13.0131469,44,80.2356784,-109.0,11:42,0.0189999993890523
4G,2.9119999408721924,Jio,13.0131371,44,80.2356653,-94.0,11:42,0.0189999993890523
4G,2.9119999408721924,Jio,13.0131205,44,80.2356639,-94.0,11:42,0.0189999993890523
4G,2.9119999408721924,Jio,13.0131078,44,80.2356689,-113.0,11:42,0.0189999993890523
4G,76.75399780273438,Airtel,13.0134667,9,80.2361,-44.0,11:41,0.4830000102519989
4G,76.75399780273438,Airtel,13.0134667,9,80.2361,-44.0,11:41,0.4830000102519989
4G,76.75399780273438,Airtel,13.0134667,9,80.2361,-44.0,11:41,0.4830000102519989
4G,76.75399780273438,Airtel,13.0134667,9,80.2361,-44.0,11:41,0.4830000102519989
4G,76.75399780273438,Airtel,13.0134667,9,80.2361,-110.0,11:41,0.4830000102519989
4G,76.75399780273438,Airtel,13.0134715,9,80.2360345,-111.0,11:41,0.4830000102519989
4G,76.75399780273438,Airtel,13.0134628,9,80.2359921,-111.0,11:41,0.4830000102519989
4G,76.75399780273438,Airtel,13.0134652,9,80.2359921,-111.0,11:41,0.4830000102519989
4G,76.75399780273438,Airtel,13.0134516,9,80.2360306,-112.0,11:41,0.4830000102519989
4G,76.75399780273438,Airtel,13.0134436,9,80.236048,-112.0,11:41,0.4830000102519989
4G,76.75399780273438,Airtel,13.0134464,9,80.2360489,-112.0,11:41,0.4830000102519989
4G,76.75399780273438,Airtel,13.0134477,9,80.2360583,-112.0,11:41,0.4830000102519989
4G,76.75399780273438,Airtel,13.0134494,9,80.236054,-116.0,11:41,0.4830000102519989
4G,76.75399780273438,Airtel,13.0134543,9,80.2360424,-116.0,11:41,0.4830000102519989
4G,76.75399780273438,Airtel,13.0134496,9,80.2360394,-116.0,11:41,0.4830000102519989
4G,76.75399780273438,Airtel,13.0134489,9,80.2360243,-116.0,11:41,0.4830000102519989
4G,76.75399780273438,Airtel,13.0134596,9,80.2360135,-116.0,11:42,0.4830000102519989
4G,76.75399780273438,Airtel,13.013476,9,80.2360088,-116.0,11:42,0.4830000102519989
4G,76.75399780273438,Airtel,13.0134929,9,80.2360074,-114.0,11:42,0.4830000102519989
4G,76.75399780273438,Airtel,13.0134862,9,80.2360277,-44.0,11:42,0.4830000102519989
4G,76.75399780273438,Airtel,13.0134824,9,80.2360372,-44.0,11:42,0.4830000102519989
4G,76.75399780273438,Airtel,13.0134926,9,80.2360623,-114.0,11:42,0.4830000102519989
4G,76.75399780273438,Airtel,13.0135023,9,80.2360803,-114.0,11:42,0.4830000102519989
4G,76.75399780273438,Airtel,13.0135021,9,80.2360926,-114.0,11:42,0.4830000102519989
4G,76.75399780273438,Airtel,13.0134978,9,80.2361066,-114.0,11:42,0.4830000102519989
4G,76.75399780273438,Airtel,13.0134965,9,80.2361117,-114.0,11:42,0.4830000102519989
4G,169.08799743652344,Airtel,13.0134468,12,80.2355183,-110.0,11:43,1.4190000295639038
4G,169.08799743652344,Airtel,13.0134408,12,80.2355082,-110.0,11:43,1.4190000295639038
4G,169.08799743652344,Airtel,13.0134155,12,80.2355158,-110.0,11:43,1.4190000295639038
4G,169.08799743652344,Airtel,13.0133872,12,80.2355683,-110.0,11:43,1.4190000295639038
4G,169.08799743652344,Airtel,13.013393,12,80.2355638,-110.0,11:43,1.4190000295639038
4G,2.9119999408721924,Jio,13.0131078,44,80.2356689,-117.0,11:42,0.0189999993890523
4G,5.752999782562256,Jio,13.0130943,28,80.2356604,-105.0,11:43,0.0189999993890523
4G,5.752999782562256,Jio,13.0131055,28,80.2356561,-111.0,11:43,0.0189999993890523
4G,5.752999782562256,Jio,13.0131055,28,80.2356561,-111.0,11:43,0.0189999993890523
4G,5.752999782562256,Jio,13.0131213,28,80.2356652,-111.0,11:43,0.0189999993890523
4G,5.752999782562256,Jio,13.0131498,28,80.2356709,-112.0,11:43,0.0189999993890523
4G,5.752999782562256,Jio,13.013152,28,80.2356502,-112.0,11:43,0.0189999993890523
4G,5.752999782562256,Jio,13.0131268,28,80.2356497,-113.0,11:43,0.0189999993890523
4G,5.752999782562256,Jio,13.0131185,28,80.2356455,-115.0,11:43,0.0189999993890523
4G,5.752999782562256,Jio,13.013141,28,80.2356321,-110.0,11:43,0.0189999993890523
4G,5.752999782562256,Jio,13.0131415,28,80.2356228,-110.0,11:43,0.0189999993890523
4G,5.752999782562256,Jio,13.0131253,28,80.2356219,-115.0,11:43,0.0189999993890523
4G,5.752999782562256,Jio,13.0131218,28,80.2356086,-112.0,11:43,0.0189999993890523
4G,39.84600067138672,Airtel,13.0134853,13,80.2359805,-114.0,11:43,0.3459999859333038
4G,39.84600067138672,Airtel,13.0134877,13,80.235982,-109.0,11:43,0.3459999859333038
4G,39.84600067138672,Airtel,13.0134882,13,80.2359817,-109.0,11:43,0.3459999859333038
4G,39.84600067138672,Airtel,13.0134883,13,80.2359817,-109.0,11:43,0.3459999859333038
4G,39.84600067138672,Airtel,13.0134792,13,80.2360105,-109.0,11:43,0.3459999859333038
4G,39.84600067138672,Airtel,13.0134792,13,80.2360105,-109.0,11:43,0.3459999859333038
4G,39.84600067138672,Airtel,13.0134799,13,80.2360116,-109.0,11:44,0.3459999859333038
4G,39.84600067138672,Airtel,13.0134825,13,80.236012,-109.0,11:44,0.3459999859333038
4G,39.84600067138672,Airtel,13.0134825,13,80.236012,-109.0,11:44,0.3459999859333038
4G,39.84600067138672,Airtel,13.0134803,13,80.2360129,-109.0,11:44,0.3459999859333038
4G,39.84600067138672,Airtel,13.0134606,13,80.2360573,-114.0,11:44,0.3459999859333038
4G,39.84600067138672,Airtel,13.0134682,13,80.2360754,-114.0,11:44,0.3459999859333038
4G,39.84600067138672,Airtel,13.0134903,13,80.2361428,-114.0,11:44,0.3459999859333038
4G,39.84600067138672,Airtel,13.0134908,13,80.2361305,-114.0,11:44,0.3459999859333038
4G,39.84600067138672,Airtel,13.0134878,13,80.2361185,-114.0,11:44,0.3459999859333038
4G,39.84600067138672,Airtel,13.0134802,13,80.2361108,-114.0,11:44,0.3459999859333038
4G,39.84600067138672,Airtel,13.0134596,13,80.2361067,-114.0,11:44,0.3459999859333038
4G,39.84600067138672,Airtel,13.01345,13,80.2361072,-114.0,11:44,0.3459999859333038
4G,5.752999782562256,Jio,13.0131264,28,80.2356075,-108.0,11:43,0.0189999993890523
4G,5.752999782562256,Jio,13.0131277,28,80.235601,-98.0,11:43,0.0189999993890523
4G,0.0,Jio,13.0131277,0,80.235601,-113.0,11:43,0.0
4G,0.0,Jio,13.0131277,0,80.235601,-112.0,11:43,0.0
4G,0.5370000004768372,Jio,13.0131507,30,80.2356085,-118.0,11:45,0.0130000002682209
4G,0.5370000004768372,Jio,13.0131589,30,80.2355969,-118.0,11:45,0.0130000002682209
4G,0.5370000004768372,Jio,13.0131577,30,80.2355998,-117.0,11:45,0.0130000002682209
4G,0.5370000004768372,Jio,13.013146,30,80.2355947,-117.0,11:45,0.0130000002682209
4G,0.5370000004768372,Jio,13.0131314,30,80.2355949,-116.0,11:45,0.0130000002682209
4G,0.5370000004768372,Jio,13.0131255,30,80.2355992,-116.0,11:45,0.0130000002682209
4G,0.5370000004768372,Jio,13.0131368,30,80.2355747,-115.0,11:45,0.0130000002682209
4G,0.5370000004768372,Jio,13.0131331,30,80.2355706,-115.0,11:45,0.0130000002682209
4G,0.5370000004768372,Jio,13.0131547,30,80.2355656,-115.0,11:45,0.0130000002682209
4G,0.5370000004768372,Jio,13.0131547,30,80.2355656,-115.0,11:45,0.0130000002682209
4G,0.5370000004768372,Jio,13.0131732,30,80.2355668,-115.0,11:45,0.0130000002682209
4G,0.5370000004768372,Jio,13.0131782,30,80.2355534,-113.0,11:45,0.0130000002682209
4G,0.5370000004768372,Jio,13.0131574,30,80.2355477,-113.0,11:45,0.0130000002682209
4G,0.5370000004768372,Jio,13.0131592,30,80.2355332,-111.0,11:45,0.0130000002682209
4G,0.5370000004768372,Jio,13.0131671,30,80.235535,-112.0,11:45,0.0130000002682209
4G,0.5370000004768372,Jio,13.0131659,30,80.2355354,-116.0,11:45,0.0130000002682209
4G,0.5370000004768372,Jio,13.0131659,30,80.2355354,-114.0,11:45,0.0130000002682209
4G,0.5370000004768372,Jio,13.0131689,30,80.2355314,-114.0,11:45,0.0130000002682209
4G,0.5370000004768372,Jio,13.0131689,30,80.2355314,-114.0,11:45,0.0130000002682209
4G,0.5370000004768372,Jio,13.0131689,30,80.2355314,-114.0,11:45,0.0130000002682209
4G,0.5370000004768372,Jio,13.0131689,30,80.2355314,-115.0,11:45,0.0130000002682209
4G,296.283,Airtel,13.0134454,31,80.2361875,-114.0,11:45,0.0
4G,296.2829895019531,Airtel,13.013445,31,80.2361883,-114.0,11:45,6.328000068664551
4G,296.2829895019531,Airtel,13.013445,31,80.2361883,-108.0,11:45,6.328000068664551
4G,296.2829895019531,Airtel,13.0134849,31,80.2362113,-113.0,11:45,6.328000068664551
4G,296.2829895019531,Airtel,13.0134973,31,80.2362346,-113.0,11:45,6.328000068664551
4G,296.2829895019531,Airtel,13.0135036,31,80.2362374,-114.0,11:46,6.328000068664551
4G,296.2829895019531,Airtel,13.0134966,31,80.2362361,-114.0,11:46,6.328000068664551
4G,296.2829895019531,Airtel,13.0134838,31,80.2362479,-114.0,11:46,6.328000068664551
4G,296.2829895019531,Airtel,13.0134737,31,80.2362503,-114.0,11:46,6.328000068664551
4G,296.2829895019531,Airtel,13.0134664,31,80.2362606,-114.0,11:46,6.328000068664551
4G,296.2829895019531,Airtel,13.0134466,31,80.2362308,-44.0,11:46,6.328000068664551
4G,296.2829895019531,Airtel,13.0134419,31,80.2362352,-44.0,11:46,6.328000068664551
4G,296.2829895019531,Airtel,13.0134397,31,80.2362243,-44.0,11:46,6.328000068664551
4G,296.2829895019531,Airtel,13.0134531,31,80.2361977,-110.0,11:46,6.328000068664551
4G,296.2829895019531,Airtel,13.0134653,31,80.2361947,-110.0,11:46,6.328000068664551
4G,296.2829895019531,Airtel,13.0134674,31,80.2361945,-110.0,11:46,6.328000068664551
4G,296.2829895019531,Airtel,13.0134979,31,80.236215,-118.0,11:46,6.328000068664551
4G,296.2829895019531,Airtel,13.0134986,31,80.2362191,-118.0,11:46,6.328000068664551
4G,296.2829895019531,Airtel,13.0134957,31,80.2362263,-118.0,11:46,6.328000068664551
4G,296.2829895019531,Airtel,13.0134525,31,80.2362818,-120.0,11:46,6.328000068664551
4G,296.2829895019531,Airtel,13.0134424,31,80.2362846,-120.0,11:46,6.328000068664551
4G,296.2829895019531,Airtel,13.0134376,31,80.2362742,-120.0,11:46,6.328000068664551
4G,0.1449999958276748,Jio,13.0131525,34,80.2354854,-115.0,11:46,0.006000000052154
4G,0.1449999958276748,Jio,13.0131373,34,80.2354705,-115.0,11:46,0.006000000052154
4G,0.1449999958276748,Jio,13.0131373,34,80.2354705,-114.0,11:46,0.006000000052154
4G,0.1449999958276748,Jio,13.013121,34,80.2354637,-114.0,11:46,0.006000000052154
4G,0.1449999958276748,Jio,13.0131241,34,80.2354536,-114.0,11:46,0.006000000052154
4G,0.1449999958276748,Jio,13.0131344,34,80.2354553,-114.0,11:46,0.006000000052154
4G,0.1449999958276748,Jio,13.0131467,34,80.2354502,-114.0,11:46,0.006000000052154
4G,0.1449999958276748,Jio,13.0131113,34,80.2354344,-112.0,11:47,0.006000000052154
4G,0.1449999958276748,Jio,13.013125,34,80.23545,-112.0,11:47,0.006000000052154
4G,0.1449999958276748,Jio,13.013146,34,80.2354401,-112.0,11:47,0.006000000052154
4G,0.1449999958276748,Jio,13.0131463,34,80.235444,-112.0,11:47,0.006000000052154
4G,0.1449999958276748,Jio,13.0131502,34,80.235438,-112.0,11:47,0.006000000052154
4G,0.1449999958276748,Jio,13.0131389,34,80.2354275,-111.0,11:47,0.006000000052154
4G,0.1449999958276748,Jio,13.0131385,34,80.2354249,-112.0,11:47,0.006000000052154
4G,0.1449999958276748,Jio,13.0131385,34,80.2354249,-111.0,11:47,0.006000000052154
4G,0.1449999958276748,Jio,13.0131366,34,80.2354263,-111.0,11:47,0.006000000052154
4G,0.1449999958276748,Jio,13.0131366,34,80.2354263,-112.0,11:47,0.006000000052154
4G,0.1449999958276748,Jio,13.0131366,34,80.2354263,-112.0,11:47,0.006000000052154
4G,0.1449999958276748,Jio,13.0131358,34,80.2354232,-112.0,11:47,0.006000000052154
4G,0.1449999958276748,Jio,13.0131358,34,80.2354232,-112.0,11:47,0.006000000052154
4G,0.0,Jio,13.0131357,0,80.2354212,-112.0,11:47,0.0
4G,0.0,Jio,13.0131357,29,80.2354212,-113.0,11:47,0.0
4G,0.0,Jio,13.0131353,29,80.2354214,-113.0,11:47,0.0
4G,0.0,Jio,13.0131353,29,80.2354214,-117.0,11:47,0.0
4G,0.0,Jio,13.0131353,29,80.2354214,-114.0,11:47,0.0
4G,0.089,Jio,13.0131419,29,80.2354185,-114.0,11:47,0.0
4G,0.089,Jio,13.0131449,29,80.2354191,-114.0,11:47,0.0
4G,0.089,Jio,13.0131449,29,80.2354191,-114.0,11:47,0.0
4G,0.089,Jio,13.0131488,29,80.235414,-113.0,11:48,0.0
4G,0.089,Jio,13.0131462,29,80.2354187,-112.0,11:48,0.0
4G,0.089,Jio,13.0131424,29,80.2354185,-112.0,11:48,0.0
4G,0.0890000015497207,Jio,13.013133,29,80.2354108,-112.0,11:48,0.0189999993890523
4G,0.0890000015497207,Jio,13.013132,29,80.2354061,-112.0,11:48,0.0189999993890523
4G,0.0890000015497207,Jio,13.0131341,29,80.2354077,-110.0,11:48,0.0189999993890523
4G,0.0890000015497207,Jio,13.0131341,29,80.2354077,-117.0,11:48,0.0189999993890523
4G,0.0890000015497207,Jio,13.0131355,29,80.23541,-117.0,11:48,0.0189999993890523
4G,0.0890000015497207,Jio,13.0131334,29,80.2354096,-116.0,11:48,0.0189999993890523
4G,0.0890000015497207,Jio,13.013135,29,80.2354104,-116.0,11:48,0.0189999993890523
4G,0.0890000015497207,Jio,13.013141,29,80.2354097,-115.0,11:48,0.0189999993890523
4G,0.0890000015497207,Jio,13.0131397,29,80.2354072,-115.0,11:48,0.0189999993890523
4G,0.0890000015497207,Jio,13.0131397,29,80.2354072,-114.0,11:48,0.0189999993890523
4G,0.0890000015497207,Jio,13.0131277,29,80.2354087,-113.0,11:48,0.0189999993890523
4G,0.0890000015497207,Jio,13.0131277,29,80.2354087,-113.0,11:48,0.0189999993890523
4G,0.0890000015497207,Jio,13.0131296,29,80.2353914,-114.0,11:48,0.0189999993890523
4G,0.0890000015497207,Jio,13.013147,29,80.2353959,-114.0,11:48,0.0189999993890523
4G,0.0890000015497207,Jio,13.0131605,29,80.2353961,-114.0,11:48,0.0189999993890523
4G,0.0890000015497207,Jio,13.0131683,29,80.2353878,-114.0,11:48,0.0189999993890523
4G,0.0890000015497207,Jio,13.0131467,29,80.235377,-107.0,11:48,0.0189999993890523
4G,0.0890000015497207,Jio,13.0131467,29,80.235377,-107.0,11:48,0.0189999993890523
4G,202.48599243164065,Airtel,13.0134477,25,80.2355424,-114.0,11:48,1.7799999713897705
4G,202.48599243164065,Airtel,13.013448,25,80.2355424,-114.0,11:48,1.7799999713897705
4G,202.48599243164065,Airtel,13.0134499,25,80.2355355,-111.0,11:48,1.7799999713897705
4G,202.48599243164065,Airtel,13.0134436,25,80.2355255,-109.0,11:48,1.7799999713897705
4G,202.48599243164065,Airtel,13.0134525,25,80.2355383,-44.0,11:48,1.7799999713897705
4G,202.48599243164065,Airtel,13.0134562,25,80.2355429,-44.0,11:48,1.7799999713897705
4G,202.48599243164065,Airtel,13.0134627,25,80.2355448,-44.0,11:48,1.7799999713897705
4G,202.48599243164065,Airtel,13.0134622,25,80.2355582,-112.0,11:48,1.7799999713897705
4G,15.188,Airtel,13.0134265,11,80.2361725,-120.0,11:47,0.0
4G,331.15399169921875,Airtel,13.0134662,14,80.2361489,-120.0,11:48,7.418000221252441
4G,331.15399169921875,Airtel,13.0134671,14,80.2361359,-93.0,11:48,7.418000221252441
4G,331.15399169921875,Airtel,13.0134671,14,80.2361359,-93.0,11:48,7.418000221252441
4G,331.15399169921875,Airtel,13.0134636,14,80.2361151,-93.0,11:48,7.418000221252441
4G,331.15399169921875,Airtel,13.013448,14,80.2360912,-111.0,11:48,7.418000221252441
4G,331.15399169921875,Airtel,13.0134471,14,80.2360896,-111.0,11:48,7.418000221252441
4G,331.15399169921875,Airtel,13.0134437,14,80.2360754,-111.0,11:48,7.418000221252441
4G,331.15399169921875,Airtel,13.0134428,14,80.2360683,-111.0,11:48,7.418000221252441
4G,331.15399169921875,Airtel,13.0134396,14,80.236046,-111.0,11:48,7.418000221252441
4G,331.15399169921875,Airtel,13.0134403,14,80.2360481,-111.0,11:48,7.418000221252441
4G,331.15399169921875,Airtel,13.0134397,14,80.2360451,-111.0,11:48,7.418000221252441
4G,331.15399169921875,Airtel,13.0134397,14,80.2360451,-111.0,11:48,7.418000221252441
4G,331.15399169921875,Airtel,13.0134376,14,80.2360343,-111.0,11:48,7.418000221252441
4G,331.15399169921875,Airtel,13.013442,14,80.2359984,-115.0,11:48,7.418000221252441
4G,331.15399169921875,Airtel,13.0134422,14,80.2359757,-115.0,11:48,7.418000221252441
4G,331.15399169921875,Airtel,13.0134411,14,80.2359688,-115.0,11:48,7.418000221252441
4G,331.15399169921875,Airtel,13.0134411,14,80.2359688,-115.0,11:48,7.418000221252441
4G,331.15399169921875,Airtel,13.0134296,14,80.2359651,-115.0,11:49,7.418000221252441
4G,331.15399169921875,Airtel,13.01342,14,80.2359696,-115.0,11:49,7.418000221252441
4G,331.15399169921875,Airtel,13.0134023,14,80.2359755,-115.0,11:49,7.418000221252441
4G,331.15399169921875,Airtel,13.013374,14,80.2359852,-112.0,11:49,7.418000221252441
4G,331.15399169921875,Airtel,13.0133729,14,80.235993,-112.0,11:49,7.418000221252441
4G,331.15399169921875,Airtel,13.0133898,14,80.236022,-114.0,11:49,7.418000221252441
4G,331.15399169921875,Airtel,13.0134073,14,80.2360479,-113.0,11:49,7.418000221252441
4G,331.15399169921875,Airtel,13.0134085,14,80.2360561,-113.0,11:49,7.418000221252441
4G,331.15399169921875,Airtel,13.0134138,14,80.2360679,-113.0,11:49,7.418000221252441
4G,261.0169982910156,Airtel,13.0133966,11,80.2353968,-117.0,11:49,0.5680000185966492
4G,261.0169982910156,Airtel,13.013382,11,80.235439,-115.0,11:49,0.5680000185966492
4G,261.0169982910156,Airtel,13.0133764,11,80.2354499,-115.0,11:49,0.5680000185966492
4G,261.0169982910156,Airtel,13.0133757,11,80.2354604,-115.0,11:49,0.5680000185966492
4G,261.0169982910156,Airtel,13.0133828,11,80.2354694,-115.0,11:49,0.5680000185966492
4G,261.0169982910156,Airtel,13.013404,11,80.2354676,-115.0,11:49,0.5680000185966492
4G,261.0169982910156,Airtel,13.013411,11,80.2354845,-115.0,11:49,0.5680000185966492
4G,261.0169982910156,Airtel,13.0134191,11,80.2355278,-113.0,11:49,0.5680000185966492
4G,261.0169982910156,Airtel,13.0134156,11,80.2355415,-113.0,11:49,0.5680000185966492
4G,0.0,Airtel,13.0134167,10,80.2360351,-117.0,11:49,0.0
4G,0.0,Airtel,13.0134146,10,80.2359992,-117.0,11:49,0.0
4G,0.0,Airtel,13.0134146,10,80.2359992,-117.0,11:49,0.0
4G,97.943,Airtel,13.0134185,10,80.2359906,-117.0,11:49,0.0
4G,97.943,Airtel,13.0134171,10,80.2359884,-117.0,11:49,0.0
4G,97.943,Airtel,13.0134171,10,80.2359884,-117.0,11:49,0.0
4G,97.943,Airtel,13.0134149,10,80.2359862,-117.0,11:49,0.0
4G,97.94300079345705,Airtel,13.0134041,10,80.2359699,-120.0,11:50,1.253999948501587
4G,97.94300079345705,Airtel,13.0134033,10,80.23597,-120.0,11:50,1.253999948501587
4G,97.94300079345705,Airtel,13.0134033,10,80.23597,-120.0,11:50,1.253999948501587
4G,97.94300079345705,Airtel,13.0134033,10,80.23597,-116.0,11:50,1.253999948501587
4G,97.94300079345705,Airtel,13.0134033,10,80.23597,-116.0,11:50,1.253999948501587
4G,97.94300079345705,Airtel,13.0134033,10,80.23597,-116.0,11:50,1.253999948501587
4G,97.94300079345705,Airtel,13.0134033,10,80.23597,-116.0,11:50,1.253999948501587
4G,97.94300079345705,Airtel,13.013409,10,80.2359726,-115.0,11:50,1.253999948501587
4G,97.94300079345705,Airtel,13.0134096,10,80.2360097,-115.0,11:50,1.253999948501587
4G,97.94300079345705,Airtel,13.0134154,10,80.2360172,-115.0,11:50,1.253999948501587
4G,97.94300079345705,Airtel,13.0134088,10,80.236022,-115.0,11:50,1.253999948501587
4G,97.94300079345705,Airtel,13.013403,10,80.2360189,-115.0,11:50,1.253999948501587
4G,97.94300079345705,Airtel,13.0134017,10,80.2360065,-115.0,11:50,1.253999948501587
4G,261.0169982910156,Airtel,13.0134279,11,80.2356384,-108.0,11:50,0.5680000185966492
4G,261.0169982910156,Airtel,13.0134346,11,80.2356589,-108.0,11:50,0.5680000185966492
4G,261.0169982910156,Airtel,13.0134347,11,80.235675,-108.0,11:50,0.5680000185966492
4G,261.0169982910156,Airtel,13.0134326,11,80.2356961,-108.0,11:50,0.5680000185966492
4G,261.0169982910156,Airtel,13.0134326,11,80.2356961,-108.0,11:50,0.5680000185966492
4G,261.0169982910156,Airtel,13.0134263,11,80.2357189,-108.0,11:50,0.5680000185966492
4G,261.0169982910156,Airtel,13.0134355,11,80.2357234,-108.0,11:50,0.5680000185966492
4G,0.0,Airtel,13.0134434,0,80.2357445,-108.0,11:50,0.0
4G,0.0,Airtel,13.0134465,8,80.2357544,-108.0,11:50,0.0
4G,75.076,Airtel,13.0133865,8,80.235809,-108.0,11:50,0.0
4G,75.076,Airtel,13.0133701,8,80.235801,-108.0,11:50,0.0
4G,75.076,Airtel,13.0133701,8,80.235801,-108.0,11:50,0.0
4G,75.076,Airtel,13.0133432,8,80.235783,-112.0,11:50,0.0
4G,75.07599639892578,Airtel,13.0133308,8,80.2357842,-112.0,11:50,0.5019999742507935
4G,75.07599639892578,Airtel,13.0133274,8,80.2357877,-112.0,11:50,0.5019999742507935
4G,75.07599639892578,Airtel,13.0133286,8,80.2357877,-112.0,11:50,0.5019999742507935
4G,75.07599639892578,Airtel,13.0133284,8,80.2357956,-112.0,11:50,0.5019999742507935
4G,75.07599639892578,Airtel,13.0133292,8,80.2357962,-112.0,11:50,0.5019999742507935
4G,75.07599639892578,Airtel,13.0133265,8,80.2358,-112.0,11:50,0.5019999742507935
4G,0.108,Jio,13.0131548,41,80.235537,-92.0,11:50,0.0
4G,0.108,Jio,13.0131637,41,80.2353651,-108.0,11:50,0.0
4G,0.108,Jio,13.0131647,41,80.2353602,-96.0,11:51,0.0
4G,0.108,Jio,13.0131647,41,80.2353602,-96.0,11:51,0.0
4G,0.108,Jio,13.0131708,41,80.2353559,-110.0,11:51,0.0
4G,0.108,Jio,13.0131698,41,80.2353424,-111.0,11:51,0.0
4G,0.108,Jio,13.0131716,41,80.2353508,-115.0,11:51,0.0
4G,0.108,Jio,13.0131791,41,80.2353605,-115.0,11:51,0.0
4G,0.108,Jio,13.0131791,41,80.2353605,-110.0,11:51,0.0
4G,0.108,Jio,13.0131663,41,80.23532,-112.0,11:51,0.0
4G,75.07599639892578,Airtel,13.0133256,8,80.2357995,-108.0,11:50,0.5019999742507935
4G,75.07599639892578,Airtel,13.0133238,8,80.2358032,-44.0,11:51,0.5019999742507935
4G,75.07599639892578,Airtel,13.0133167,8,80.2358092,-44.0,11:51,0.5019999742507935
4G,75.07599639892578,Airtel,13.0133167,8,80.2358092,-44.0,11:51,0.5019999742507935
4G,75.07599639892578,Airtel,13.0133035,8,80.2358095,-44.0,11:51,0.5019999742507935
4G,75.07599639892578,Airtel,13.0132863,8,80.235808,-44.0,11:51,0.5019999742507935
4G,0.0,Airtel,13.0132783,0,80.2358067,-111.0,11:51,0.0
4G,0.0,Airtel,13.0132877,10,80.2358026,-111.0,11:51,0.0
4G,0.0,Airtel,13.0132911,10,80.235801,-111.0,11:51,0.0
4G,0.0,Airtel,13.0132906,10,80.2358009,-111.0,11:51,0.0
4G,0.0,Airtel,13.0132695,10,80.2358058,-44.0,11:51,0.0
4G,257.784,Airtel,13.0132623,10,80.2358063,-44.0,11:51,0.0
4G,257.784,Airtel,13.0132461,10,80.2357885,-108.0,11:51,0.0
4G,257.784,Airtel,13.0132461,10,80.2357885,-108.0,11:51,0.0
4G,257.784,Airtel,13.0132465,10,80.2357815,-108.0,11:51,0.0
4G,257.784,Airtel,13.0132344,10,80.2357769,-108.0,11:51,0.0
4G,257.78399658203125,Airtel,13.0132344,10,80.2357769,-108.0,11:51,0.8740000128746033
4G,257.78399658203125,Airtel,13.0132329,10,80.235774,-108.0,11:51,0.8740000128746033
4G,257.78399658203125,Airtel,13.0132327,10,80.2357699,-110.0,11:51,0.8740000128746033
4G,257.78399658203125,Airtel,13.0132312,10,80.2357698,-110.0,11:51,0.8740000128746033
4G,257.78399658203125,Airtel,13.0132291,10,80.2357671,-110.0,11:51,0.8740000128746033
4G,257.78399658203125,Airtel,13.0132298,10,80.2357649,-110.0,11:51,0.8740000128746033
4G,257.78399658203125,Airtel,13.0132288,10,80.2357659,-110.0,11:51,0.8740000128746033
4G,257.78399658203125,Airtel,13.0132279,10,80.235764,-110.0,11:51,0.8740000128746033
4G,257.78399658203125,Airtel,13.0132272,10,80.2357615,-110.0,11:51,0.8740000128746033
4G,0.0,Airtel,13.0132193,0,80.2357664,-105.0,11:52,0.0
4G,0.0,Airtel,13.0132194,9,80.2357692,-105.0,11:52,0.0
4G,0.0,Airtel,13.0131963,9,80.2357665,-101.0,11:52,0.0
4G,0.0,Airtel,13.0131912,9,80.2357639,-101.0,11:52,0.0
4G,0.0,Airtel,13.0131912,9,80.2357639,-101.0,11:52,0.0
4G,0.0,Airtel,13.0131901,9,80.2357624,-101.0,11:52,0.0
4G,320.664,Airtel,13.0131618,9,80.235716,-106.0,11:52,0.0
4G,0.0,Airtel,13.0131465,0,80.235708,-44.0,11:52,0.0
4G,0.0,Airtel,13.0131385,9,80.2356999,-44.0,11:52,0.0
4G,0.0,Airtel,13.0131265,9,80.235704,-44.0,11:52,0.0
4G,0.0,Airtel,13.013083,9,80.2357303,-104.0,11:52,0.0
4G,319.965,Airtel,13.0130926,9,80.235741,-90.0,11:52,0.0
4G,319.965,Airtel,13.013098,9,80.2357373,-90.0,11:52,0.0
4G,319.965,Airtel,13.0131001,9,80.2357339,-90.0,11:52,0.0
4G,319.965,Airtel,13.013101,9,80.235734,-90.0,11:52,0.0
4G,319.965,Airtel,13.013101,9,80.2357346,-90.0,11:52,0.0
4G,319.965,Airtel,13.013101,9,80.2357346,-90.0,11:52,0.0
4G,319.9649963378906,Airtel,13.0131009,9,80.2357347,-90.0,11:52,7.742000102996826
4G,319.9649963378906,Airtel,13.0131004,9,80.2357345,-90.0,11:52,7.742000102996826
4G,319.9649963378906,Airtel,13.0131004,9,80.2357345,-90.0,11:52,7.742000102996826
4G,319.9649963378906,Airtel,13.0130988,9,80.235734,-90.0,11:53,7.742000102996826
4G,319.9649963378906,Airtel,13.0130919,9,80.2357197,-44.0,11:53,7.742000102996826
4G,0.108,Jio,13.0131742,41,80.2353228,-112.0,11:51,0.0
4G,0.0,Jio,13.0131742,29,80.2353228,-112.0,11:51,0.0
4G,0.36,Jio,13.0131742,29,80.2353228,-103.0,11:51,0.0
4G,0.36,Jio,13.0131634,29,80.2353206,-112.0,11:52,0.0
4G,0.36,Jio,13.0131634,29,80.2353206,-112.0,11:52,0.0
4G,0.36,Jio,13.0131634,29,80.2353206,-111.0,11:52,0.0
4G,0.36,Jio,13.0131619,29,80.235314,-109.0,11:52,0.0
4G,0.36,Jio,13.0131642,29,80.2353139,-111.0,11:52,0.0
4G,0.36,Jio,13.0131551,29,80.2352996,-110.0,11:52,0.0
4G,0.36,Jio,13.0131446,29,80.2352843,-110.0,11:52,0.0
4G,0.36,Jio,13.0131682,29,80.235265,-110.0,11:52,0.0
4G,0.36,Jio,13.0131841,29,80.2352727,-110.0,11:52,0.0
4G,0.36,Jio,13.0131841,29,80.2352727,-110.0,11:52,0.0
4G,0.36,Jio,13.0132046,29,80.2352558,-111.0,11:52,0.0
4G,0.36,Jio,13.0131894,29,80.2352407,-111.0,11:52,0.0
4G,0.36,Jio,13.0131794,29,80.2352304,-111.0,11:52,0.0
4G,0.36,Jio,13.0131875,29,80.2352371,-111.0,11:52,0.0
4G,153.17100524902344,Airtel,13.0130784,14,80.2363518,-109.0,11:52,1.1670000553131104
4G,153.17100524902344,Airtel,13.0135186,14,80.235966,-100.0,11:52,1.1670000553131104
4G,153.17100524902344,Airtel,13.0135007,14,80.235896,-110.0,11:52,1.1670000553131104
4G,153.17100524902344,Airtel,13.0135055,14,80.235874,-110.0,11:52,1.1670000553131104
4G,153.17100524902344,Airtel,13.0134563,14,80.2360668,-110.0,11:52,1.1670000553131104
4G,153.17100524902344,Airtel,13.0134359,14,80.2360825,-110.0,11:52,1.1670000553131104
4G,153.17100524902344,Airtel,13.0134346,14,80.23612,-110.0,11:52,1.1670000553131104
4G,153.17100524902344,Airtel,13.0134346,14,80.23612,-110.0,11:52,1.1670000553131104
4G,153.17100524902344,Airtel,13.0134335,14,80.2361233,-110.0,11:52,1.1670000553131104
4G,153.17100524902344,Airtel,13.0134348,14,80.2361231,-110.0,11:52,1.1670000553131104
4G,153.17100524902344,Airtel,13.0134341,14,80.2361229,-110.0,11:52,1.1670000553131104
4G,153.17100524902344,Airtel,13.0134077,14,80.2362144,-110.0,11:52,1.1670000553131104
4G,153.17100524902344,Airtel,13.0134073,14,80.2362154,-110.0,11:52,1.1670000553131104
4G,153.17100524902344,Airtel,13.0133942,14,80.2362283,-44.0,11:52,1.1670000553131104
4G,153.17100524902344,Airtel,13.0133945,14,80.236233,-44.0,11:52,1.1670000553131104
4G,153.17100524902344,Airtel,13.013379,14,80.236234,-44.0,11:53,1.1670000553131104
4G,153.17100524902344,Airtel,13.0133715,14,80.2362307,-44.0,11:53,1.1670000553131104
4G,153.17100524902344,Airtel,13.0133443,14,80.2362159,-109.0,11:53,1.1670000553131104
4G,153.17100524902344,Airtel,13.0133496,14,80.2362049,-109.0,11:53,1.1670000553131104
4G,319.9649963378906,Airtel,13.0130827,9,80.2357075,-44.0,11:53,7.742000102996826
4G,319.9649963378906,Airtel,13.0130415,9,80.2356897,-103.0,11:53,7.742000102996826
4G,319.9649963378906,Airtel,13.0130218,9,80.2356983,-44.0,11:53,7.742000102996826
4G,319.9649963378906,Airtel,13.0130217,9,80.2356994,-44.0,11:53,7.742000102996826
4G,0.0,Airtel,13.0130229,0,80.2357108,-44.0,11:53,0.0
4G,0.0,Airtel,13.0130095,9,80.2357149,-103.0,11:53,0.0
4G,0.0,Airtel,13.012985,9,80.2357149,-103.0,11:53,0.0
4G,0.0,Airtel,13.0129852,9,80.2357215,-109.0,11:53,0.0
4G,186.639,Airtel,13.0129864,9,80.2357221,-109.0,11:53,0.0
4G,186.639,Airtel,13.0129825,9,80.2357175,-104.0,11:53,0.0
4G,186.639,Airtel,13.0129816,9,80.2357172,-104.0,11:53,0.0
4G,186.639,Airtel,13.0129766,9,80.2357153,-104.0,11:53,0.0
4G,186.639,Airtel,13.0129762,9,80.235715,-104.0,11:53,0.0
4G,186.639,Airtel,13.0129678,9,80.2357173,-104.0,11:53,0.0
4G,186.63900756835932,Airtel,13.012966,9,80.2357179,-104.0,11:53,6.287000179290772
4G,171.24400329589844,Airtel,13.0134006,13,80.2361664,-109.0,11:54,2.095000028610229
4G,171.24400329589844,Airtel,13.0134005,13,80.2361656,-97.0,11:54,2.095000028610229
4G,171.24400329589844,Airtel,13.0133956,13,80.236169,-97.0,11:54,2.095000028610229
4G,171.24400329589844,Airtel,13.0133959,13,80.2361689,-97.0,11:54,2.095000028610229
4G,171.24400329589844,Airtel,13.0133967,13,80.236169,-97.0,11:54,2.095000028610229
4G,171.24400329589844,Airtel,13.0133969,13,80.236169,-97.0,11:54,2.095000028610229
4G,171.24400329589844,Airtel,13.0133944,13,80.2361656,-97.0,11:54,2.095000028610229
4G,171.24400329589844,Airtel,13.0133864,13,80.2361652,-97.0,11:54,2.095000028610229
4G,171.24400329589844,Airtel,13.0133894,13,80.2361685,-97.0,11:54,2.095000028610229
4G,171.24400329589844,Airtel,13.0133833,13,80.2361696,-97.0,11:54,2.095000028610229
4G,171.24400329589844,Airtel,13.0133823,13,80.2361715,-97.0,11:54,2.095000028610229
4G,171.24400329589844,Airtel,13.0133806,13,80.2361663,-97.0,11:54,2.095000028610229
4G,171.24400329589844,Airtel,13.0133839,13,80.2361541,-110.0,11:54,2.095000028610229
4G,171.24400329589844,Airtel,13.0133791,13,80.2361564,-111.0,11:54,2.095000028610229
4G,171.24400329589844,Airtel,13.013375,13,80.2361566,-111.0,11:54,2.095000028610229
4G,171.24400329589844,Airtel,13.0133666,13,80.2361657,-111.0,11:54,2.095000028610229
4G,171.24400329589844,Airtel,13.0133719,13,80.2361655,-111.0,11:54,2.095000028610229
4G,171.24400329589844,Airtel,13.0133711,13,80.236157,-111.0,11:54,2.095000028610229
4G,171.24400329589844,Airtel,13.0133886,13,80.2361527,-111.0,11:54,2.095000028610229
4G,171.24400329589844,Airtel,13.0133927,13,80.2361596,-111.0,11:54,2.095000028610229
4G,171.24400329589844,Airtel,13.013388,13,80.2361584,-111.0,11:54,2.095000028610229
4G,171.24400329589844,Airtel,13.0133869,13,80.2361576,-111.0,11:54,2.095000028610229
4G,171.24400329589844,Airtel,13.0133939,13,80.236158,-111.0,11:55,2.095000028610229
4G,171.24400329589844,Airtel,13.0133973,13,80.2361549,-111.0,11:55,2.095000028610229
4G,171.24400329589844,Airtel,13.0133946,13,80.2361603,-110.0,11:55,2.095000028610229
4G,171.24400329589844,Airtel,13.0133859,13,80.2361579,-110.0,11:55,2.095000028610229
4G,171.24400329589844,Airtel,13.0133838,13,80.236158,-110.0,11:55,2.095000028610229
4G,171.24400329589844,Airtel,13.0133838,13,80.236158,-110.0,11:55,2.095000028610229
4G,171.24400329589844,Airtel,13.0133814,13,80.2361608,-110.0,11:55,2.095000028610229
4G,171.24400329589844,Airtel,13.0133854,13,80.236161,-110.0,11:55,2.095000028610229
4G,171.24400329589844,Airtel,13.0133909,13,80.2361545,-110.0,11:55,2.095000028610229
4G,171.24400329589844,Airtel,13.0133958,13,80.2361581,-110.0,11:55,2.095000028610229
4G,0.210999995470047,Jio,13.0131535,31,80.2353026,-105.0,11:55,0.0759999975562095
4G,0.210999995470047,Jio,13.0131938,31,80.2352741,-114.0,11:55,0.0759999975562095
4G,0.210999995470047,Jio,13.0132209,31,80.2352522,-114.0,11:55,0.0759999975562095
4G,0.210999995470047,Jio,13.013195,31,80.2352962,-117.0,11:55,0.0759999975562095
4G,0.210999995470047,Jio,13.0131785,31,80.235269,-95.0,11:55,0.0759999975562095
4G,0.210999995470047,Jio,13.0131656,31,80.2352561,-106.0,11:55,0.0759999975562095
4G,0.210999995470047,Jio,13.0131707,31,80.2352503,-106.0,11:55,0.0759999975562095
4G,0.210999995470047,Jio,13.0131871,31,80.2352565,-114.0,11:55,0.0759999975562095
4G,0.210999995470047,Jio,13.0131949,31,80.2352624,-114.0,11:55,0.0759999975562095
4G,0.210999995470047,Jio,13.0132121,31,80.2352564,-121.0,11:55,0.0759999975562095
4G,0.210999995470047,Jio,13.0131944,31,80.2352373,-111.0,11:55,0.0759999975562095
4G,0.210999995470047,Jio,13.0131806,31,80.235227,-111.0,11:55,0.0759999975562095
4G,0.210999995470047,Jio,13.0131848,31,80.2352235,-111.0,11:55,0.0759999975562095
4G,0.0,Airtel,13.0130109,0,80.2354775,-97.0,11:55,0.0
4G,0.0,Airtel,13.0130245,0,80.2354362,-97.0,11:55,0.0
4G,0.0,Airtel,13.0130245,0,80.2354362,-97.0,11:55,0.0
4G,0.0,Airtel,13.0128452,0,80.2355777,-97.0,11:55,0.0
4G,326.5459899902344,Airtel,13.012845,9,80.2357633,-97.0,11:56,4.9629998207092285
4G,326.5459899902344,Airtel,13.012845,9,80.2357633,-97.0,11:56,4.9629998207092285
4G,326.5459899902344,Airtel,13.012845,9,80.2357633,-97.0,11:56,4.9629998207092285
4G,326.5459899902344,Airtel,13.0128447,9,80.2357616,-97.0,11:56,4.9629998207092285
4G,326.5459899902344,Airtel,13.0128425,9,80.2357633,-97.0,11:56,4.9629998207092285
4G,326.5459899902344,Airtel,13.0128377,9,80.2357596,-97.0,11:56,4.9629998207092285
4G,326.5459899902344,Airtel,13.0128298,9,80.235754,-97.0,11:56,4.9629998207092285
4G,326.5459899902344,Airtel,13.0128218,9,80.2357737,-104.0,11:56,4.9629998207092285
4G,326.5459899902344,Airtel,13.0128122,9,80.235759,-104.0,11:56,4.9629998207092285
4G,326.5459899902344,Airtel,13.0128046,9,80.2357571,-104.0,11:56,4.9629998207092285
4G,326.5459899902344,Airtel,13.0127907,9,80.2357441,-104.0,11:56,4.9629998207092285
4G,326.5459899902344,Airtel,13.0127909,9,80.2357395,-104.0,11:56,4.9629998207092285
4G,326.5459899902344,Airtel,13.0127941,9,80.2357356,-104.0,11:56,4.9629998207092285
4G,326.5459899902344,Airtel,13.0128035,9,80.2357353,-104.0,11:56,4.9629998207092285
4G,87.90599822998047,Airtel,13.0133798,13,80.2358284,-110.0,11:56,2.7330000400543213
4G,87.90599822998047,Airtel,13.0133765,13,80.2358221,-110.0,11:56,2.7330000400543213
4G,87.90599822998047,Airtel,13.0133645,13,80.2358042,-110.0,11:56,2.7330000400543213
4G,87.90599822998047,Airtel,13.0133544,13,80.2358119,-110.0,11:56,2.7330000400543213
4G,87.90599822998047,Airtel,13.0133637,13,80.2358315,-110.0,11:56,2.7330000400543213
4G,87.90599822998047,Airtel,13.0133706,13,80.2358539,-110.0,11:56,2.7330000400543213
4G,87.90599822998047,Airtel,13.0133694,13,80.2358695,-110.0,11:56,2.7330000400543213
4G,87.90599822998047,Airtel,13.0133815,13,80.2359105,-121.0,11:56,2.7330000400543213
4G,87.90599822998047,Airtel,13.0133922,13,80.2359282,-121.0,11:56,2.7330000400543213
4G,87.90599822998047,Airtel,13.0134167,13,80.2359641,-117.0,11:56,2.7330000400543213
4G,87.90599822998047,Airtel,13.013418,13,80.2359785,-117.0,11:56,2.7330000400543213
4G,87.90599822998047,Airtel,13.0134225,13,80.2359946,-106.0,11:56,2.7330000400543213
4G,87.90599822998047,Airtel,13.0134253,13,80.2360129,-115.0,11:56,2.7330000400543213
4G,87.90599822998047,Airtel,13.013426,13,80.2360177,-115.0,11:56,2.7330000400543213
4G,87.90599822998047,Airtel,13.0134274,13,80.2360315,-115.0,11:56,2.7330000400543213
4G,87.90599822998047,Airtel,13.0134275,13,80.2360332,-115.0,11:57,2.7330000400543213
4G,87.90599822998047,Airtel,13.0134261,13,80.2360423,-113.0,11:57,2.7330000400543213
4G,87.90599822998047,Airtel,13.0134157,13,80.2360489,-113.0,11:57,2.7330000400543213
4G,0.221000000834465,Jio,13.0131968,39,80.2352134,-113.0,11:56,0.0260000005364418
4G,0.221000000834465,Jio,13.0131941,39,80.2352166,-112.0,11:56,0.0260000005364418
4G,0.221000000834465,Jio,13.0131941,39,80.2352166,-112.0,11:56,0.0260000005364418
4G,0.221000000834465,Jio,13.0131922,39,80.2352233,-113.0,11:56,0.0260000005364418
4G,0.221000000834465,Jio,13.0131925,39,80.2352159,-113.0,11:56,0.0260000005364418
4G,0.221000000834465,Jio,13.0132042,39,80.2352038,-116.0,11:57,0.0260000005364418
4G,0.221000000834465,Jio,13.013198,39,80.2352022,-114.0,11:57,0.0260000005364418
4G,0.221000000834465,Jio,13.0131941,39,80.2351843,-115.0,11:57,0.0260000005364418
4G,0.221000000834465,Jio,13.0131917,39,80.2351741,-119.0,11:57,0.0260000005364418
4G,0.221000000834465,Jio,13.0132171,39,80.2351915,-113.0,11:57,0.0260000005364418
4G,0.221000000834465,Jio,13.0132171,39,80.2351915,-114.0,11:57,0.0260000005364418
4G,0.221000000834465,Jio,13.0132256,39,80.2351966,-118.0,11:57,0.0260000005364418
4G,0.221000000834465,Jio,13.0132311,39,80.2351725,-118.0,11:57,0.0260000005364418
4G,0.221000000834465,Jio,13.0132145,39,80.2351623,-117.0,11:57,0.0260000005364418
4G,0.221000000834465,Jio,13.013197,39,80.2351483,-116.0,11:57,0.0260000005364418
4G,0.221000000834465,Jio,13.0132087,39,80.2351552,-114.0,11:57,0.0260000005364418
4G,0.221000000834465,Jio,13.0132087,39,80.2351552,-114.0,11:57,0.0260000005364418
4G,326.5459899902344,Airtel,13.0128125,9,80.23573,-104.0,11:56,4.9629998207092285
4G,336.7690124511719,Airtel,13.0130505,10,80.2357229,-104.0,11:57,6.995999813079834
4G,336.7690124511719,Airtel,13.0130889,10,80.2357266,-107.0,11:57,6.995999813079834
4G,336.7690124511719,Airtel,13.013106,10,80.2357202,-107.0,11:57,6.995999813079834
4G,336.7690124511719,Airtel,13.0131198,10,80.2357061,-107.0,11:57,6.995999813079834
4G,0.0,Jio,13.0132087,33,80.2351552,-116.0,11:57,0.0
4G,0.1420000046491623,Jio,13.0132049,33,80.2351673,-119.0,11:58,0.0320000015199184
4G,0.1420000046491623,Jio,13.0132076,33,80.2351661,-118.0,11:58,0.0320000015199184
4G,0.1420000046491623,Jio,13.0132064,33,80.2351564,-117.0,11:58,0.0320000015199184
4G,0.1420000046491623,Jio,13.0132064,33,80.2351564,-118.0,11:58,0.0320000015199184
4G,0.1420000046491623,Jio,13.0131944,33,80.2351512,-118.0,11:58,0.0320000015199184
4G,0.1420000046491623,Jio,13.0132092,33,80.2351408,-118.0,11:58,0.0320000015199184
4G,0.1420000046491623,Jio,13.0132252,33,80.2351447,-118.0,11:58,0.0320000015199184
4G,0.1420000046491623,Jio,13.0132174,33,80.235123,-117.0,11:58,0.0320000015199184
4G,0.1420000046491623,Jio,13.0132242,33,80.2350965,-118.0,11:58,0.0320000015199184
4G,0.1420000046491623,Jio,13.0132317,33,80.2351102,-118.0,11:58,0.0320000015199184
5G,264.8689880371094,Airtel,13.0131198,11,80.2357061,-107.0,11:57,12.137999534606934
4G,264.8689880371094,Airtel,13.0131626,11,80.2352129,-107.0,11:58,12.137999534606934
4G,264.8689880371094,Airtel,13.0132167,11,80.2351553,-100.0,11:58,12.137999534606934
4G,264.8689880371094,Airtel,13.0132046,11,80.2351435,-100.0,11:58,12.137999534606934
4G,264.8689880371094,Airtel,13.0132004,11,80.235148,-100.0,11:58,12.137999534606934
4G,264.8689880371094,Airtel,13.0131969,11,80.2351695,-101.0,11:59,12.137999534606934
4G,264.8689880371094,Airtel,13.0132156,11,80.2351902,-101.0,11:59,12.137999534606934
4G,264.8689880371094,Airtel,13.0132256,11,80.235192,-101.0,11:59,12.137999534606934
4G,280.8999938964844,Airtel,13.0134883,8,80.2359533,-99.0,11:58,5.543000221252441
4G,280.8999938964844,Airtel,13.0134883,8,80.2359533,-103.0,11:58,5.543000221252441
4G,280.8999938964844,Airtel,13.0134883,8,80.2359533,-103.0,11:58,5.543000221252441
4G,280.8999938964844,Airtel,13.0134883,8,80.2359533,-111.0,11:58,5.543000221252441
4G,280.8999938964844,Airtel,13.0134883,8,80.2359533,-111.0,11:58,5.543000221252441
4G,280.8999938964844,Airtel,13.0134883,8,80.2359533,-109.0,11:58,5.543000221252441
4G,280.8999938964844,Airtel,13.0134883,8,80.2359533,-102.0,11:58,5.543000221252441
4G,280.8999938964844,Airtel,13.0134883,8,80.2359533,-102.0,11:58,5.543000221252441
4G,280.8999938964844,Airtel,13.0134883,8,80.2359533,-102.0,11:58,5.543000221252441
4G,280.8999938964844,Airtel,13.0134883,8,80.2359533,-102.0,11:58,5.543000221252441
4G,280.8999938964844,Airtel,13.0134883,8,80.2359533,-102.0,11:58,5.543000221252441
4G,280.8999938964844,Airtel,13.0134883,8,80.2359533,-102.0,11:58,5.543000221252441
4G,280.8999938964844,Airtel,13.0134883,8,80.2359533,-102.0,11:58,5.543000221252441
4G,280.8999938964844,Airtel,13.0134905,8,80.2359532,-113.0,11:59,5.543000221252441
4G,280.8999938964844,Airtel,13.0134924,8,80.2359519,-113.0,11:59,5.543000221252441
4G,280.8999938964844,Airtel,13.0135022,8,80.2360372,-116.0,11:59,5.543000221252441
4G,280.8999938964844,Airtel,13.0135049,8,80.2360432,-116.0,11:59,5.543000221252441
4G,280.8999938964844,Airtel,13.0135084,8,80.236047,-116.0,11:59,5.543000221252441
4G,264.8689880371094,Airtel,13.0132352,11,80.2351983,-101.0,11:59,12.137999534606934
4G,264.8689880371094,Airtel,13.0132509,11,80.235201,-101.0,11:59,12.137999534606934
4G,264.8689880371094,Airtel,13.0132677,11,80.2352091,-101.0,11:59,12.137999534606934
4G,264.8689880371094,Airtel,13.0132709,11,80.2351973,-101.0,11:59,12.137999534606934
4G,264.8689880371094,Airtel,13.0132707,11,80.2351848,-101.0,11:59,12.137999534606934
4G,264.8689880371094,Airtel,13.0132603,11,80.2351801,-101.0,11:59,12.137999534606934
4G,264.8689880371094,Airtel,13.0132558,11,80.235174,-101.0,11:59,12.137999534606934
4G,264.8689880371094,Airtel,13.0132383,11,80.2351652,-104.0,11:59,12.137999534606934
4G,264.8689880371094,Airtel,13.0132403,11,80.2351786,-104.0,11:59,12.137999534606934
4G,264.8689880371094,Airtel,13.0132407,11,80.2351848,-104.0,11:59,12.137999534606934
4G,264.8689880371094,Airtel,13.0132398,11,80.2351889,-104.0,11:59,12.137999534606934
4G,264.8689880371094,Airtel,13.0132159,11,80.2351705,-104.0,11:59,12.137999534606934
4G,264.8689880371094,Airtel,13.013214,11,80.2351507,-112.0,11:59,12.137999534606934
4G,264.8689880371094,Airtel,13.0132023,11,80.2351485,-112.0,11:59,12.137999534606934
4G,264.8689880371094,Airtel,13.0132017,11,80.2351468,-112.0,11:59,12.137999534606934
4G,264.8689880371094,Airtel,13.0131949,11,80.2351458,-112.0,11:59,12.137999534606934
4G,264.8689880371094,Airtel,13.0132007,11,80.2351446,-112.0,11:59,12.137999534606934
4G,264.8689880371094,Airtel,13.0132111,11,80.2351446,-112.0,11:59,12.137999534606934
4G,264.8689880371094,Airtel,13.0132014,11,80.2351381,-112.0,11:59,12.137999534606934
4G,0.101000003516674,Jio,13.0132199,38,80.2351348,-122.0,11:59,0.0189999993890523
4G,0.101000003516674,Jio,13.013223,38,80.2351372,-122.0,12:00,0.0189999993890523
4G,0.101000003516674,Jio,13.0132315,38,80.2351447,-122.0,12:00,0.0189999993890523
4G,0.101000003516674,Jio,13.0132432,38,80.2351477,-118.0,12:00,0.0189999993890523
4G,0.101000003516674,Jio,13.0132361,38,80.2351313,-118.0,12:00,0.0189999993890523
4G,0.101000003516674,Jio,13.0132361,38,80.2351313,-120.0,12:00,0.0189999993890523
4G,0.101000003516674,Jio,13.0132265,38,80.2351178,-120.0,12:00,0.0189999993890523
4G,0.101000003516674,Jio,13.0132396,38,80.2351174,-123.0,12:00,0.0189999993890523
4G,0.101000003516674,Jio,13.0132709,38,80.2351022,-120.0,12:00,0.0189999993890523
4G,0.101000003516674,Jio,13.0132497,38,80.2351038,-116.0,12:00,0.0189999993890523
4G,0.101000003516674,Jio,13.013232,38,80.235096,-117.0,12:00,0.0189999993890523
4G,0.101000003516674,Jio,13.0132272,38,80.2350853,-117.0,12:00,0.0189999993890523
4G,0.101000003516674,Jio,13.0132382,38,80.235078,-117.0,12:00,0.0189999993890523
5G,318.8559875488281,Airtel,13.0131965,11,80.2351373,-105.0,12:00,7.528999805450439
4G,318.8559875488281,Airtel,13.0131822,11,80.2351784,-101.0,12:00,7.528999805450439
4G,318.8559875488281,Airtel,13.0131746,11,80.2351847,-101.0,12:00,7.528999805450439
4G,318.8559875488281,Airtel,13.01318,11,80.2351735,-101.0,12:00,7.528999805450439
4G,318.8559875488281,Airtel,13.0131812,11,80.2351862,-101.0,12:00,7.528999805450439
4G,318.8559875488281,Airtel,13.0131785,11,80.2351797,-101.0,12:00,7.528999805450439
4G,318.8559875488281,Airtel,13.0131964,11,80.2351516,-102.0,12:00,7.528999805450439
4G,318.8559875488281,Airtel,13.0132012,11,80.235165,-102.0,12:01,7.528999805450439
4G,318.8559875488281,Airtel,13.0132021,11,80.235167,-102.0,12:01,7.528999805450439
4G,318.8559875488281,Airtel,13.013199,11,80.2351721,-102.0,12:01,7.528999805450439
4G,318.8559875488281,Airtel,13.0131863,11,80.235187,-102.0,12:01,7.528999805450439
4G,318.8559875488281,Airtel,13.013189,11,80.2351644,-102.0,12:01,7.528999805450439
4G,318.8559875488281,Airtel,13.013189,11,80.2351644,-102.0,12:01,7.528999805450439
4G,318.8559875488281,Airtel,13.0131851,11,80.2351662,-102.0,12:01,7.528999805450439
4G,16.56399917602539,Airtel,13.0134583,20,80.2361,-113.0,12:01,0.1430000066757202
4G,16.56399917602539,Airtel,13.0134767,20,80.2360983,-109.0,12:01,0.1430000066757202
4G,16.56399917602539,Airtel,13.0134767,20,80.2360983,-108.0,12:01,0.1430000066757202
4G,16.56399917602539,Airtel,13.013475,20,80.2361091,-105.0,12:01,0.1430000066757202
4G,16.56399917602539,Airtel,13.013475,20,80.2361091,-106.0,12:01,0.1430000066757202
4G,16.56399917602539,Airtel,13.013475,20,80.2361091,-106.0,12:01,0.1430000066757202
4G,16.56399917602539,Airtel,13.0134185,20,80.2361314,-105.0,12:01,0.1430000066757202
4G,16.56399917602539,Airtel,13.0134133,20,80.2361333,-106.0,12:01,0.1430000066757202
4G,16.56399917602539,Airtel,13.0134133,20,80.2361333,-107.0,12:01,0.1430000066757202
4G,16.56399917602539,Airtel,13.0134133,20,80.2361333,-105.0,12:01,0.1430000066757202
4G,16.56399917602539,Airtel,13.0134266,20,80.23613,-105.0,12:01,0.1430000066757202
4G,16.56399917602539,Airtel,13.0134266,20,80.23613,-105.0,12:01,0.1430000066757202
4G,16.56399917602539,Airtel,13.0134367,20,80.2361283,-116.0,12:01,0.1430000066757202
4G,16.56399917602539,Airtel,13.0134367,20,80.2361283,-116.0,12:01,0.1430000066757202
4G,16.56399917602539,Airtel,13.0134624,20,80.2361001,-44.0,12:01,0.1430000066757202
4G,16.56399917602539,Airtel,13.013461,20,80.2360956,-44.0,12:01,0.1430000066757202
4G,16.56399917602539,Airtel,13.0134549,20,80.2360869,-44.0,12:01,0.1430000066757202
4G,16.56399917602539,Airtel,13.0134549,20,80.2360869,-44.0,12:01,0.1430000066757202
4G,16.56399917602539,Airtel,13.0134501,20,80.2360882,-110.0,12:01,0.1430000066757202
4G,16.56399917602539,Airtel,13.0134456,20,80.2360917,-110.0,12:01,0.1430000066757202
4G,0.0,Airtel,13.0131847,0,80.2351685,-102.0,12:01,0.0
4G,0.0,Airtel,13.0131789,9,80.2351895,-102.0,12:01,0.0
4G,0.0,Airtel,13.013207,9,80.2352411,-102.0,12:01,0.0
4G,0.0,Airtel,13.0132262,9,80.2352338,-102.0,12:01,0.0
4G,0.0,Airtel,13.0132584,9,80.2352153,-102.0,12:01,0.0
4G,294.181,Airtel,13.0132597,9,80.2351978,-103.0,12:01,0.0
4G,294.181,Airtel,13.0132612,9,80.2351867,-103.0,12:01,0.0
4G,294.181,Airtel,13.0132612,9,80.2351867,-103.0,12:01,0.0
4G,294.181,Airtel,13.0132619,9,80.2351843,-103.0,12:01,0.0
4G,294.181,Airtel,13.0132567,9,80.2351849,-104.0,12:01,0.0
4G,294.1809997558594,Airtel,13.0132515,9,80.2351892,-104.0,12:01,5.547999858856201
4G,0.0,Airtel,13.0132419,0,80.2351812,-44.0,12:01,0.0
4G,0.0,Airtel,13.0132575,0,80.2351648,-44.0,12:01,0.0
4G,0.0,Airtel,13.0132408,9,80.235155,-44.0,12:01,0.0
4G,0.0,Airtel,13.0132254,9,80.2351207,-108.0,12:02,0.0
4G,0.0,Airtel,13.0132107,9,80.2351129,-108.0,12:02,0.0
4G,305.911,Airtel,13.0132104,9,80.2351073,-102.0,12:02,0.0
4G,305.911,Airtel,13.0132104,9,80.2351073,-102.0,12:02,0.0
4G,305.911,Airtel,13.0131801,9,80.2350961,-106.0,12:02,0.0
4G,305.911,Airtel,13.0131801,9,80.2350961,-106.0,12:02,0.0
4G,305.9110107421875,Airtel,13.0131614,9,80.2350801,-106.0,12:02,7.947999954223633
4G,305.9110107421875,Airtel,13.013158,9,80.2350784,-106.0,12:02,7.947999954223633
4G,305.9110107421875,Airtel,13.0131565,9,80.2350765,-106.0,12:02,7.947999954223633
4G,305.9110107421875,Airtel,13.0131535,9,80.2350712,-106.0,12:02,7.947999954223633
4G,305.9110107421875,Airtel,13.0131525,9,80.2350698,-106.0,12:02,7.947999954223633
4G,305.9110107421875,Airtel,13.0131495,9,80.2350657,-106.0,12:02,7.947999954223633
4G,305.9110107421875,Airtel,13.0131475,9,80.2350641,-106.0,12:02,7.947999954223633
4G,0.0,Airtel,13.011831,0,80.2388597,-89.0,12:08,0.0
4G,308.77099609375,Airtel,13.0114295,8,80.2363793,-93.0,12:09,3.45199990272522
4G,308.77099609375,Airtel,13.01143,8,80.2363781,-108.0,12:09,3.45199990272522
4G,308.77099609375,Airtel,13.0114252,8,80.2363739,-108.0,12:09,3.45199990272522
4G,308.77099609375,Airtel,13.0114248,8,80.2363734,-108.0,12:09,3.45199990272522
4G,308.77099609375,Airtel,13.0114263,8,80.2363691,-108.0,12:09,3.45199990272522
4G,308.77099609375,Airtel,13.0114268,8,80.236346,-108.0,12:09,3.45199990272522
4G,308.77099609375,Airtel,13.0114174,8,80.2363373,-108.0,12:09,3.45199990272522
4G,308.77099609375,Airtel,13.0114088,8,80.2363463,-108.0,12:09,3.45199990272522
4G,308.77099609375,Airtel,13.0114023,8,80.2363547,-108.0,12:09,3.45199990272522
4G,308.77099609375,Airtel,13.0114146,8,80.236364,-104.0,12:09,3.45199990272522
4G,308.77099609375,Airtel,13.0114204,8,80.2363573,-104.0,12:09,3.45199990272522
4G,308.77099609375,Airtel,13.0114219,8,80.2363531,-104.0,12:09,3.45199990272522
4G,0.3899999856948852,Jio,13.0114973,28,80.2363056,-103.0,12:10,0.0189999993890523
4G,0.3899999856948852,Jio,13.0114967,28,80.2363061,-103.0,12:10,0.0189999993890523
4G,0.3899999856948852,Jio,13.0114823,28,80.2362953,-91.0,12:10,0.0189999993890523
4G,0.3899999856948852,Jio,13.0114823,28,80.2363041,-91.0,12:10,0.0189999993890523
4G,0.3899999856948852,Jio,13.0114823,28,80.2363041,-110.0,12:10,0.0189999993890523
4G,0.3899999856948852,Jio,13.0114823,28,80.236297,-112.0,12:10,0.0189999993890523
4G,0.3899999856948852,Jio,13.0115004,28,80.2362994,-112.0,12:10,0.0189999993890523
4G,0.3899999856948852,Jio,13.0115004,28,80.2362994,-111.0,12:10,0.0189999993890523
4G,0.3899999856948852,Jio,13.011525,28,80.2363065,-109.0,12:10,0.0189999993890523
4G,0.3899999856948852,Jio,13.0115307,28,80.2362987,-110.0,12:10,0.0189999993890523
4G,308.77099609375,Airtel,13.011385,8,80.23635,-104.0,12:10,3.45199990272522
4G,308.77099609375,Airtel,13.011385,8,80.23635,-101.0,12:10,3.45199990272522
4G,308.77099609375,Airtel,13.011385,8,80.23635,-44.0,12:10,3.45199990272522
4G,308.77099609375,Airtel,13.0113845,8,80.2363487,-103.0,12:10,3.45199990272522
4G,308.77099609375,Airtel,13.0113892,8,80.2363316,-103.0,12:10,3.45199990272522
4G,308.77099609375,Airtel,13.0113808,8,80.236287,-102.0,12:10,3.45199990272522
4G,308.77099609375,Airtel,13.0113786,8,80.2362765,-102.0,12:10,3.45199990272522
4G,76.85900115966797,Airtel,13.0114317,14,80.2362533,-91.0,12:10,2.0360000133514404
4G,76.85900115966797,Airtel,13.0115662,14,80.2365073,-91.0,12:10,2.0360000133514404
4G,76.85900115966797,Airtel,13.0115452,14,80.2365132,-106.0,12:10,2.0360000133514404
4G,76.85900115966797,Airtel,13.0115449,14,80.2365129,-106.0,12:10,2.0360000133514404
4G,76.85900115966797,Airtel,13.011545,14,80.236484,-106.0,12:10,2.0360000133514404
4G,76.85900115966797,Airtel,13.0115434,14,80.2364917,-44.0,12:10,2.0360000133514404
4G,76.85900115966797,Airtel,13.0115471,14,80.236484,-44.0,12:10,2.0360000133514404
4G,76.85900115966797,Airtel,13.0115524,14,80.2364823,-44.0,12:10,2.0360000133514404
4G,76.85900115966797,Airtel,13.0115761,14,80.2364916,-44.0,12:10,2.0360000133514404
4G,76.85900115966797,Airtel,13.011584,14,80.2364947,-44.0,12:10,2.0360000133514404
4G,76.85900115966797,Airtel,13.0116024,14,80.2364905,-44.0,12:10,2.0360000133514404
4G,76.85900115966797,Airtel,13.0116012,14,80.236482,-44.0,12:10,2.0360000133514404
4G,76.85900115966797,Airtel,13.0115932,14,80.2364782,-44.0,12:10,2.0360000133514404
4G,76.85900115966797,Airtel,13.0115815,14,80.2364818,-44.0,12:10,2.0360000133514404
4G,76.85900115966797,Airtel,13.0115761,14,80.2364846,-44.0,12:10,2.0360000133514404
4G,76.85900115966797,Airtel,13.0115467,14,80.2364927,-104.0,12:10,2.0360000133514404
4G,76.85900115966797,Airtel,13.0115368,14,80.2364929,-104.0,12:11,2.0360000133514404
4G,76.85900115966797,Airtel,13.0115124,14,80.2364885,-105.0,12:11,2.0360000133514404
4G,308.77099609375,Airtel,13.0113805,8,80.2362609,-102.0,12:10,3.45199990272522
4G,0.0,Airtel,13.0113835,0,80.2362468,-102.0,12:10,0.0
4G,259.5690002441406,Airtel,13.0114593,9,80.2362718,-102.0,12:11,4.501999855041504
4G,259.5690002441406,Airtel,13.0114654,9,80.2362877,-102.0,12:11,4.501999855041504
4G,259.5690002441406,Airtel,13.0114796,9,80.2362931,-102.0,12:11,4.501999855041504
4G,259.5690002441406,Airtel,13.0115035,9,80.2362915,-102.0,12:11,4.501999855041504
4G,259.5690002441406,Airtel,13.0115119,9,80.2362837,-102.0,12:11,4.501999855041504
4G,259.5690002441406,Airtel,13.01153,9,80.2362814,-102.0,12:11,4.501999855041504
4G,259.5690002441406,Airtel,13.0115494,9,80.2362807,-102.0,12:11,4.501999855041504
4G,259.5690002441406,Airtel,13.0115602,9,80.2362765,-102.0,12:11,4.501999855041504
4G,259.5690002441406,Airtel,13.0115744,9,80.236275,-102.0,12:11,4.501999855041504
4G,223.17999267578125,Airtel,13.0116642,13,80.2364902,-44.0,12:11,10.645999908447266
4G,223.17999267578125,Airtel,13.0116579,13,80.2364968,-105.0,12:11,10.645999908447266
4G,223.17999267578125,Airtel,13.0116558,13,80.2364963,-105.0,12:12,10.645999908447266
4G,223.17999267578125,Airtel,13.0116556,13,80.2364956,-105.0,12:12,10.645999908447266
4G,223.17999267578125,Airtel,13.01165,13,80.2364983,-102.0,12:12,10.645999908447266
4G,223.17999267578125,Airtel,13.01165,13,80.2364983,-107.0,12:12,10.645999908447266
4G,223.17999267578125,Airtel,13.01165,13,80.2364983,-108.0,12:12,10.645999908447266
4G,223.17999267578125,Airtel,13.01165,13,80.2364983,-107.0,12:12,10.645999908447266
4G,223.17999267578125,Airtel,13.01165,13,80.2364983,-108.0,12:12,10.645999908447266
4G,223.17999267578125,Airtel,13.01165,13,80.2364983,-108.0,12:12,10.645999908447266
4G,223.17999267578125,Airtel,13.01165,13,80.2364983,-108.0,12:12,10.645999908447266
4G,223.17999267578125,Airtel,13.01165,13,80.2364983,-108.0,12:12,10.645999908447266
4G,223.17999267578125,Airtel,13.01165,13,80.2364983,-110.0,12:12,10.645999908447266
4G,223.17999267578125,Airtel,13.01165,13,80.2364983,-110.0,12:12,10.645999908447266
4G,223.17999267578125,Airtel,13.0116485,13,80.2364974,-102.0,12:12,10.645999908447266
4G,223.17999267578125,Airtel,13.0116633,13,80.2365011,-102.0,12:12,10.645999908447266
4G,223.17999267578125,Airtel,13.0116936,13,80.2365388,-101.0,12:13,10.645999908447266
4G,223.17999267578125,Airtel,13.0116954,13,80.236538,-101.0,12:13,10.645999908447266
4G,199.9279937744141,Airtel,13.0115901,13,80.2363098,-102.0,12:14,7.005000114440918
4G,199.9279937744141,Airtel,13.01159,13,80.23631,-102.0,12:14,7.005000114440918
4G,199.9279937744141,Airtel,13.01159,13,80.23631,-102.0,12:14,7.005000114440918
4G,199.9279937744141,Airtel,13.0115901,13,80.2363101,-102.0,12:14,7.005000114440918
4G,199.9279937744141,Airtel,13.0115895,13,80.2363103,-102.0,12:14,7.005000114440918
4G,199.9279937744141,Airtel,13.0115877,13,80.2363122,-102.0,12:14,7.005000114440918
4G,199.9279937744141,Airtel,13.0116109,13,80.2363346,-102.0,12:14,7.005000114440918
4G,199.9279937744141,Airtel,13.0116084,13,80.2363272,-102.0,12:14,7.005000114440918
4G,199.9279937744141,Airtel,13.0115926,13,80.2363466,-102.0,12:14,7.005000114440918
4G,0.3899999856948852,Jio,13.0115307,28,80.2362987,-112.0,12:10,0.0189999993890523
4G,0.0,Jio,13.0115307,0,80.2362987,-113.0,12:10,0.0
4G,0.0,Jio,13.0115391,29,80.2363201,-110.0,12:11,0.0
4G,0.0,Jio,13.0115426,29,80.2363095,-91.0,12:11,0.0
4G,0.0,Jio,13.0115426,29,80.2363095,-92.0,12:11,0.0
4G,0.0,Jio,13.0115499,29,80.236316,-94.0,12:11,0.0
4G,0.0,Jio,13.011552,29,80.2363127,-94.0,12:12,0.0
4G,0.0,Jio,13.0115725,29,80.236326,-92.0,12:12,0.0
4G,0.0,Jio,13.0115762,29,80.2363305,-95.0,12:12,0.0
4G,0.0,Jio,13.0115789,29,80.2363259,-91.0,12:12,0.0
4G,0.0,Jio,13.0115789,29,80.2363259,-91.0,12:12,0.0
4G,0.0,Jio,13.0115875,29,80.2363225,-90.0,12:12,0.0
4G,0.0,Jio,13.0115936,29,80.2363401,-96.0,12:12,0.0
4G,0.0,Jio,13.0115991,29,80.2363389,-95.0,12:12,0.0
4G,0.4560000002384186,Jio,13.0115968,51,80.236322,-95.0,12:14,0.006000000052154
4G,0.4560000002384186,Jio,13.0116046,51,80.2363251,-94.0,12:14,0.006000000052154
4G,0.4560000002384186,Jio,13.0116055,51,80.2363145,-90.0,12:14,0.006000000052154
4G,0.4560000002384186,Jio,13.0116043,51,80.2363181,-92.0,12:14,0.006000000052154
4G,0.4560000002384186,Jio,13.0115787,51,80.2363286,-89.0,12:14,0.006000000052154
4G,0.4560000002384186,Jio,13.0115725,51,80.2363382,-90.0,12:14,0.006000000052154
4G,0.4560000002384186,Jio,13.0115872,51,80.2363821,-91.0,12:14,0.006000000052154
4G,0.4560000002384186,Jio,13.0115824,51,80.2363824,-90.0,12:14,0.006000000052154
4G,0.4560000002384186,Jio,13.0115793,51,80.2363867,-89.0,12:14,0.006000000052154
4G,236.3699951171875,Airtel,13.0116783,15,80.2365267,-105.0,12:13,11.277999877929688
4G,236.3699951171875,Airtel,13.0116783,15,80.2365267,-106.0,12:14,11.277999877929688
4G,236.3699951171875,Airtel,13.0116783,15,80.2365267,-106.0,12:14,11.277999877929688
4G,236.3699951171875,Airtel,13.0116783,15,80.2365267,-106.0,12:14,11.277999877929688
4G,236.3699951171875,Airtel,13.0116783,15,80.2365267,-106.0,12:14,11.277999877929688
4G,236.3699951171875,Airtel,13.0116783,15,80.2365267,-44.0,12:14,11.277999877929688
4G,236.3699951171875,Airtel,13.0116783,15,80.2365267,-105.0,12:14,11.277999877929688
4G,236.3699951171875,Airtel,13.0116783,15,80.2365267,-105.0,12:14,11.277999877929688
4G,236.3699951171875,Airtel,13.0116783,15,80.2365267,-105.0,12:14,11.277999877929688
4G,236.3699951171875,Airtel,13.0116783,15,80.2365267,-105.0,12:14,11.277999877929688
4G,236.3699951171875,Airtel,13.0116783,15,80.2365267,-105.0,12:14,11.277999877929688
4G,236.3699951171875,Airtel,13.0116395,15,80.2365312,-105.0,12:14,11.277999877929688
4G,236.3699951171875,Airtel,13.01167,15,80.2365269,-103.0,12:14,11.277999877929688
4G,236.3699951171875,Airtel,13.0116697,15,80.2365285,-103.0,12:14,11.277999877929688
4G,236.3699951171875,Airtel,13.0116618,15,80.2365338,-103.0,12:14,11.277999877929688
4G,236.3699951171875,Airtel,13.0116629,15,80.2365282,-99.0,12:14,11.277999877929688
4G,236.3699951171875,Airtel,13.0116181,15,80.2365159,-99.0,12:15,11.277999877929688
4G,236.3699951171875,Airtel,13.0116058,15,80.2365062,-99.0,12:15,11.277999877929688
4G,199.9279937744141,Airtel,13.0115873,13,80.2363581,-102.0,12:14,7.005000114440918
4G,199.9279937744141,Airtel,13.0115792,13,80.2363743,-102.0,12:14,7.005000114440918
4G,199.9279937744141,Airtel,13.0115779,13,80.2363999,-102.0,12:14,7.005000114440918
4G,199.9279937744141,Airtel,13.0115684,13,80.2364167,-104.0,12:14,7.005000114440918
4G,199.9279937744141,Airtel,13.0115738,13,80.2364201,-104.0,12:14,7.005000114440918
4G,227.26400756835932,Airtel,13.0115833,14,80.2364233,-104.0,12:15,10.04699993133545
4G,227.26400756835932,Airtel,13.0115833,14,80.2364233,-104.0,12:15,10.04699993133545
4G,227.26400756835932,Airtel,13.0115253,14,80.2364264,-104.0,12:15,10.04699993133545
4G,227.26400756835932,Airtel,13.0115253,14,80.2364264,-104.0,12:15,10.04699993133545
4G,227.26400756835932,Airtel,13.011536,14,80.2364271,-104.0,12:15,10.04699993133545
4G,227.26400756835932,Airtel,13.0115273,14,80.2364264,-104.0,12:15,10.04699993133545
4G,227.26400756835932,Airtel,13.0115111,14,80.2364117,-103.0,12:15,10.04699993133545
4G,227.26400756835932,Airtel,13.0114866,14,80.2364036,-103.0,12:15,10.04699993133545
4G,227.26400756835932,Airtel,13.0114759,14,80.2364111,-103.0,12:15,10.04699993133545
4G,227.26400756835932,Airtel,13.0114792,14,80.2364173,-103.0,12:15,10.04699993133545
4G,227.26400756835932,Airtel,13.0114792,14,80.2364173,-103.0,12:15,10.04699993133545
4G,227.26400756835932,Airtel,13.0114858,14,80.236427,-103.0,12:15,10.04699993133545
4G,227.26400756835932,Airtel,13.0114951,14,80.23643,-103.0,12:15,10.04699993133545
4G,227.26400756835932,Airtel,13.0115019,14,80.2364221,-102.0,12:16,10.04699993133545
4G,227.26400756835932,Airtel,13.0115221,14,80.236431,-102.0,12:16,10.04699993133545
4G,227.26400756835932,Airtel,13.0115281,14,80.2364225,-102.0,12:16,10.04699993133545
4G,227.26400756835932,Airtel,13.0115376,14,80.2364236,-99.0,12:16,10.04699993133545
4G,227.26400756835932,Airtel,13.0115379,14,80.2364256,-99.0,12:16,10.04699993133545
4G,227.26400756835932,Airtel,13.0115408,14,80.23643,-99.0,12:16,10.04699993133545
4G,227.26400756835932,Airtel,13.0115436,14,80.2364321,-99.0,12:16,10.04699993133545
4G,227.26400756835932,Airtel,13.0115436,14,80.2364321,-99.0,12:16,10.04699993133545
4G,227.26400756835932,Airtel,13.0115687,14,80.2364292,-99.0,12:16,10.04699993133545
4G,227.26400756835932,Airtel,13.0115825,14,80.2364171,-99.0,12:16,10.04699993133545
4G,227.26400756835932,Airtel,13.0115884,14,80.2363898,-44.0,12:16,10.04699993133545
4G,227.26400756835932,Airtel,13.0115849,14,80.236384,-44.0,12:16,10.04699993133545
4G,227.26400756835932,Airtel,13.0116047,14,80.2363697,-44.0,12:16,10.04699993133545
4G,227.26400756835932,Airtel,13.0116047,14,80.2363697,-44.0,12:16,10.04699993133545
4G,227.26400756835932,Airtel,13.0115868,14,80.2363623,-44.0,12:16,10.04699993133545
4G,227.26400756835932,Airtel,13.0115744,14,80.2363663,-44.0,12:16,10.04699993133545
4G,227.26400756835932,Airtel,13.0115656,14,80.236365,-44.0,12:16,10.04699993133545
4G,227.26400756835932,Airtel,13.0115541,14,80.2363411,-44.0,12:16,10.04699993133545
4G,227.26400756835932,Airtel,13.0115516,14,80.2363402,-44.0,12:16,10.04699993133545
4G,227.26400756835932,Airtel,13.0115516,14,80.2363402,-44.0,12:16,10.04699993133545
4G,224.72900390625,Airtel,13.0114923,14,80.2364356,-99.0,12:16,13.359000205993652
4G,224.72900390625,Airtel,13.0114988,14,80.2364424,-99.0,12:16,13.359000205993652
4G,224.72900390625,Airtel,13.011519,14,80.2364576,-99.0,12:16,13.359000205993652
4G,224.72900390625,Airtel,13.0115318,14,80.2364615,-99.0,12:16,13.359000205993652
4G,224.72900390625,Airtel,13.0115569,14,80.2364732,-99.0,12:16,13.359000205993652
4G,224.72900390625,Airtel,13.0115569,14,80.2364732,-99.0,12:16,13.359000205993652
4G,224.72900390625,Airtel,13.0115588,14,80.2364698,-99.0,12:16,13.359000205993652
4G,224.72900390625,Airtel,13.0115443,14,80.2364705,-106.0,12:16,13.359000205993652
4G,224.72900390625,Airtel,13.0115248,14,80.2364752,-106.0,12:16,13.359000205993652
4G,224.72900390625,Airtel,13.0115127,14,80.2364951,-106.0,12:16,13.359000205993652
4G,224.72900390625,Airtel,13.0115166,14,80.2365022,-106.0,12:16,13.359000205993652
4G,224.72900390625,Airtel,13.0115273,14,80.2365035,-106.0,12:16,13.359000205993652
4G,224.72900390625,Airtel,13.0115387,14,80.2365051,-106.0,12:16,13.359000205993652
4G,224.72900390625,Airtel,13.0115435,14,80.2365052,-106.0,12:16,13.359000205993652
4G,224.72900390625,Airtel,13.0115438,14,80.2364996,-106.0,12:16,13.359000205993652
4G,224.72900390625,Airtel,13.0115292,14,80.2365023,-44.0,12:16,13.359000205993652
4G,224.72900390625,Airtel,13.0115293,14,80.2365028,-44.0,12:16,13.359000205993652
4G,224.72900390625,Airtel,13.0115363,14,80.2365106,-44.0,12:16,13.359000205993652
4G,0.009,Jio,13.0115832,47,80.2364097,-115.0,12:16,0.0
4G,0.009,Jio,13.0115832,47,80.2364097,-114.0,12:16,0.0
4G,0.009,Jio,13.0115872,47,80.2364035,-114.0,12:16,0.0
4G,0.009,Jio,13.0115872,47,80.2364035,-113.0,12:16,0.0
4G,0.009,Jio,13.0115872,47,80.2364035,-113.0,12:16,0.0
4G,0.009,Jio,13.0115872,47,80.2364035,-113.0,12:16,0.0
4G,0.009,Jio,13.0115872,47,80.2364035,-112.0,12:16,0.0
4G,0.009,Jio,13.0115997,47,80.2364025,-110.0,12:16,0.0
4G,0.009,Jio,13.0116013,47,80.2364081,-110.0,12:16,0.0
4G,0.009,Jio,13.0116034,47,80.2364114,-108.0,12:16,0.0
4G,0.009,Jio,13.0116103,47,80.2364335,-84.0,12:16,0.0
4G,0.009,Jio,13.0116103,47,80.2364335,-108.0,12:16,0.0
4G,190.1660003662109,Airtel,13.0114491,14,80.2361694,-44.0,12:18,11.291000366210938
4G,190.1660003662109,Airtel,13.0114511,14,80.2361606,-44.0,12:18,11.291000366210938
4G,190.1660003662109,Airtel,13.0114613,14,80.2361466,-44.0,12:18,11.291000366210938
4G,190.1660003662109,Airtel,13.0114587,14,80.2361286,-44.0,12:18,11.291000366210938
4G,190.1660003662109,Airtel,13.0114561,14,80.2361075,-44.0,12:18,11.291000366210938
4G,190.1660003662109,Airtel,13.0114554,14,80.2360888,-44.0,12:18,11.291000366210938
4G,190.1660003662109,Airtel,13.0114605,14,80.2360785,-44.0,12:18,11.291000366210938
4G,190.1660003662109,Airtel,13.0114622,14,80.2360544,-44.0,12:18,11.291000366210938
4G,190.1660003662109,Airtel,13.0114604,14,80.2360465,-44.0,12:18,11.291000366210938
4G,190.1660003662109,Airtel,13.0114585,14,80.2360266,-44.0,12:18,11.291000366210938
4G,190.1660003662109,Airtel,13.0114897,14,80.2359248,-104.0,12:18,11.291000366210938
4G,190.1660003662109,Airtel,13.0114874,14,80.2359169,-104.0,12:18,11.291000366210938
4G,190.1660003662109,Airtel,13.0114942,14,80.2358836,-104.0,12:18,11.291000366210938
4G,190.1660003662109,Airtel,13.0114971,14,80.235841,-105.0,12:18,11.291000366210938
4G,190.1660003662109,Airtel,13.0114975,14,80.23583,-105.0,12:18,11.291000366210938
4G,190.1660003662109,Airtel,13.0114992,14,80.2358137,-105.0,12:18,11.291000366210938
4G,190.1660003662109,Airtel,13.0115006,14,80.2358013,-105.0,12:18,11.291000366210938
4G,190.1660003662109,Airtel,13.0115,14,80.2357759,-105.0,12:18,11.291000366210938
4G,190.1660003662109,Airtel,13.0114959,14,80.2357569,-105.0,12:19,11.291000366210938
4G,190.1660003662109,Airtel,13.0114887,14,80.2357562,-105.0,12:19,11.291000366210938
4G,190.1660003662109,Airtel,13.0114812,14,80.2357507,-105.0,12:19,11.291000366210938
4G,0.0010000000474974,Jio,13.0117077,29,80.2363594,-112.0,12:19,0.0189999993890523
4G,0.0010000000474974,Jio,13.0117068,29,80.2363577,-112.0,12:19,0.0189999993890523
4G,0.0010000000474974,Jio,13.0117002,29,80.2363535,-113.0,12:19,0.0189999993890523
4G,0.0010000000474974,Jio,13.0116922,29,80.2363376,-113.0,12:19,0.0189999993890523
4G,0.0010000000474974,Jio,13.0117066,29,80.2363372,-113.0,12:19,0.0189999993890523
4G,0.0010000000474974,Jio,13.0117195,29,80.236325,-113.0,12:19,0.0189999993890523
4G,0.0010000000474974,Jio,13.0117291,29,80.2363278,-113.0,12:19,0.0189999993890523
4G,0.0010000000474974,Jio,13.0117291,29,80.2363278,-115.0,12:19,0.0189999993890523
4G,0.0010000000474974,Jio,13.0117383,29,80.2363326,-115.0,12:19,0.0189999993890523
4G,0.0010000000474974,Jio,13.0117495,29,80.2363231,-115.0,12:19,0.0189999993890523
4G,0.0010000000474974,Jio,13.0117495,29,80.2363231,-115.0,12:19,0.0189999993890523
4G,0.0010000000474974,Jio,13.0117495,29,80.2363231,-115.0,12:19,0.0189999993890523
4G,0.0010000000474974,Jio,13.0117565,29,80.2363204,-115.0,12:19,0.0189999993890523
4G,0.0010000000474974,Jio,13.0117585,29,80.2363306,-114.0,12:19,0.0189999993890523
4G,0.0010000000474974,Jio,13.0117661,29,80.2363375,-114.0,12:19,0.0189999993890523
4G,0.0010000000474974,Jio,13.011777,29,80.2363265,-114.0,12:19,0.0189999993890523
4G,0.0010000000474974,Jio,13.011788,29,80.2363287,-110.0,12:19,0.0189999993890523
4G,0.0010000000474974,Jio,13.0117947,29,80.2363375,-112.0,12:19,0.0189999993890523
4G,0.0010000000474974,Jio,13.0117947,29,80.2363375,-107.0,12:19,0.0189999993890523
4G,295.1419982910156,Airtel,13.0115356,10,80.2359025,-105.0,12:19,5.013000011444092
4G,295.1419982910156,Airtel,13.011541,10,80.2359647,-104.0,12:19,5.013000011444092
4G,295.1419982910156,Airtel,13.0115445,10,80.235988,-44.0,12:19,5.013000011444092
4G,295.1419982910156,Airtel,13.0115457,10,80.2359982,-44.0,12:20,5.013000011444092
4G,295.1419982910156,Airtel,13.0115428,10,80.2359981,-44.0,12:20,5.013000011444092
4G,295.1419982910156,Airtel,13.0115484,10,80.2360055,-44.0,12:20,5.013000011444092
4G,295.1419982910156,Airtel,13.0115667,10,80.2360055,-104.0,12:20,5.013000011444092
4G,295.1419982910156,Airtel,13.0115813,10,80.2360155,-104.0,12:20,5.013000011444092
4G,295.1419982910156,Airtel,13.0115477,10,80.236059,-108.0,12:20,5.013000011444092
4G,295.1419982910156,Airtel,13.011541,10,80.2360671,-108.0,12:20,5.013000011444092
4G,295.1419982910156,Airtel,13.011523,10,80.2361116,-109.0,12:20,5.013000011444092
4G,295.1419982910156,Airtel,13.0115184,10,80.2361231,-109.0,12:20,5.013000011444092
4G,295.1419982910156,Airtel,13.0115165,10,80.2361314,-109.0,12:20,5.013000011444092
4G,295.1419982910156,Airtel,13.0114977,10,80.2361192,-100.0,12:20,5.013000011444092
4G,295.1419982910156,Airtel,13.0114524,10,80.2361402,-108.0,12:20,5.013000011444092
4G,295.1419982910156,Airtel,13.0114555,10,80.2361432,-108.0,12:20,5.013000011444092
4G,295.1419982910156,Airtel,13.0114493,10,80.2361433,-108.0,12:20,5.013000011444092
4G,295.1419982910156,Airtel,13.011447,10,80.2361949,-108.0,12:20,5.013000011444092
4G,295.1419982910156,Airtel,13.011447,10,80.2361949,-108.0,12:20,5.013000011444092
4G,0.0,Airtel,13.0133689,0,80.2366628,-109.0,17:41,0.0
4G,18.816999435424805,Airtel,13.0134077,35,80.2364671,-108.0,17:41,0.1369999945163726
4G,18.816999435424805,Airtel,13.0133973,35,80.2364685,-108.0,17:41,0.1369999945163726
4G,18.816999435424805,Airtel,13.0133868,35,80.2364777,-108.0,17:41,0.1369999945163726
4G,19.474,Airtel,13.013418,28,80.2367468,-110.0,17:42,0.0
4G,19.474,Airtel,13.0134214,28,80.2367412,-110.0,17:42,0.0
4G,19.474,Airtel,13.0134454,28,80.2367575,-44.0,17:42,0.0
4G,19.474000930786133,Airtel,13.0134567,28,80.2367636,-44.0,17:42,0.4699999988079071
4G,19.474000930786133,Airtel,13.0134711,28,80.2367616,-44.0,17:42,0.4699999988079071
4G,19.474000930786133,Airtel,13.0134789,28,80.2367625,-44.0,17:43,0.4699999988079071
4G,19.474000930786133,Airtel,13.0134965,28,80.2367653,-44.0,17:43,0.4699999988079071
4G,0.0,Airtel,13.013234,17,80.2364051,-109.0,17:41,0.0
4G,4.906000137329102,Airtel,13.0133765,18,80.2367326,-44.0,17:42,0.2479999959468841
4G,4.906000137329102,Airtel,13.0133864,18,80.2367426,-44.0,17:42,0.2479999959468841
4G,4.906000137329102,Airtel,13.013398,18,80.2367612,-44.0,17:42,0.2479999959468841
4G,4.906000137329102,Airtel,13.0134095,18,80.2367672,-44.0,17:42,0.2479999959468841
4G,4.906000137329102,Airtel,13.0134219,18,80.2367757,-44.0,17:42,0.2479999959468841
4G,4.906000137329102,Airtel,13.0134432,18,80.2367903,-44.0,17:42,0.2479999959468841
4G,4.906000137329102,Airtel,13.0134782,18,80.2367796,-44.0,17:42,0.2479999959468841
4G,4.906000137329102,Airtel,13.0134902,18,80.236783,-44.0,17:43,0.2479999959468841
4G,4.906000137329102,Airtel,13.0135157,18,80.2367868,-44.0,17:43,0.2479999959468841
4G,4.906000137329102,Airtel,13.0135255,18,80.2367821,-44.0,17:43,0.2479999959468841
4G,4.906000137329102,Airtel,13.0135356,18,80.2367817,-44.0,17:43,0.2479999959468841
4G,4.906000137329102,Airtel,13.0135851,18,80.2367845,-44.0,17:43,0.2479999959468841
4G,4.906000137329102,Airtel,13.0135885,18,80.2367845,-44.0,17:43,0.2479999959468841
4G,4.906000137329102,Airtel,13.0136113,18,80.2367843,-44.0,17:43,0.2479999959468841
4G,4.906000137329102,Airtel,13.0136188,18,80.2367852,-44.0,17:43,0.2479999959468841
4G,4.906000137329102,Airtel,13.0136519,18,80.236791,-105.0,17:43,0.2479999959468841
4G,4.906000137329102,Airtel,13.0136842,18,80.2368007,-105.0,17:43,0.2479999959468841
4G,4.906000137329102,Airtel,13.0136969,18,80.236802,-105.0,17:43,0.2479999959468841
4G,4.906000137329102,Airtel,13.0137158,18,80.2368095,-105.0,17:43,0.2479999959468841
4G,4.906000137329102,Airtel,13.0137191,18,80.2368067,-105.0,17:43,0.2479999959468841
4G,4.906000137329102,Airtel,13.0137297,18,80.2368075,-105.0,17:43,0.2479999959468841
4G,7.175000190734863,Airtel,13.0142158,18,80.2368845,-44.0,17:44,0.0260000005364418
4G,7.175000190734863,Airtel,13.0142265,18,80.236889,-44.0,17:44,0.0260000005364418
4G,7.175000190734863,Airtel,13.0142383,18,80.2368891,-44.0,17:44,0.0260000005364418
4G,7.175000190734863,Airtel,13.014251,18,80.23689,-44.0,17:44,0.0260000005364418
4G,7.175000190734863,Airtel,13.0142844,18,80.2368877,-44.0,17:44,0.0260000005364418
4G,7.175000190734863,Airtel,13.0142939,18,80.2368921,-44.0,17:44,0.0260000005364418
4G,7.175000190734863,Airtel,13.0143114,18,80.2368976,-44.0,17:44,0.0260000005364418
4G,0.45,Airtel,13.014542,64,80.2374891,-111.0,17:47,0.0
4G,0.45,Airtel,13.0145646,64,80.2375126,-111.0,17:47,0.0
4G,0.45,Airtel,13.014549,64,80.2376242,-112.0,17:47,0.0
4G,0.45,Airtel,13.0145264,64,80.2376552,-112.0,17:47,0.0
4G,0.45,Airtel,13.0145264,64,80.2376552,-102.0,17:47,0.0
4G,0.45,Airtel,13.0145198,64,80.237668,-102.0,17:47,0.0
4G,0.45,Airtel,13.014525,64,80.2376891,-102.0,17:47,0.0
4G,0.45,Airtel,13.0145034,64,80.2377091,-111.0,17:47,0.0
4G,0.45,Airtel,13.0144895,64,80.2377275,-111.0,17:47,0.0
4G,0.45,Airtel,13.0144838,64,80.2377504,-114.0,17:47,0.0
4G,0.45,Airtel,13.014475,64,80.2377654,-114.0,17:47,0.0
4G,0.45,Airtel,13.014463,64,80.2377768,-114.0,17:47,0.0
4G,0.691,Airtel,13.0143948,49,80.2383172,-108.0,17:48,0.0
4G,0.691,Airtel,13.014396,49,80.2383437,-108.0,17:48,0.0
4G,0.691,Airtel,13.014398,49,80.2383485,-98.0,17:48,0.0
4G,0.6909999847412109,Airtel,13.0143955,49,80.2383635,-98.0,17:48,0.1369999945163726
4G,0.6909999847412109,Airtel,13.0143944,49,80.2383842,-107.0,17:48,0.1369999945163726
4G,0.6909999847412109,Airtel,13.0143886,49,80.2383957,-107.0,17:48,0.1369999945163726
4G,0.6909999847412109,Airtel,13.0143803,49,80.2384131,-107.0,17:49,0.1369999945163726
4G,0.6909999847412109,Airtel,13.0143752,49,80.2384152,-103.0,17:49,0.1369999945163726
4G,0.6909999847412109,Airtel,13.0143662,49,80.2384272,-103.0,17:49,0.1369999945163726
4G,0.6909999847412109,Airtel,13.0143722,49,80.238439,-105.0,17:49,0.1369999945163726
4G,0.6909999847412109,Airtel,13.0143679,49,80.2384502,-105.0,17:49,0.1369999945163726
4G,0.6909999847412109,Airtel,13.0143672,49,80.2384685,-105.0,17:49,0.1369999945163726
4G,0.6909999847412109,Airtel,13.014371,49,80.2384814,-106.0,17:49,0.1369999945163726
4G,0.6909999847412109,Airtel,13.0143678,49,80.2384963,-106.0,17:49,0.1369999945163726
4G,0.6909999847412109,Airtel,13.0143738,49,80.2385093,-106.0,17:49,0.1369999945163726
4G,0.6909999847412109,Airtel,13.0143729,49,80.2385236,-106.0,17:49,0.1369999945163726
4G,0.6909999847412109,Airtel,13.0143707,49,80.238541,-106.0,17:49,0.1369999945163726
4G,0.6909999847412109,Airtel,13.0143657,49,80.2385491,-97.0,17:49,0.1369999945163726
4G,7.841000080108643,Airtel,13.0144574,30,80.2376126,-108.0,17:48,0.0649999976158142
4G,7.841000080108643,Airtel,13.0144518,30,80.2376253,-108.0,17:48,0.0649999976158142
4G,7.841000080108643,Airtel,13.0144361,30,80.2376721,-108.0,17:48,0.0649999976158142
2G,7.841000080108643,Airtel,13.0143778,30,80.2378776,-108.0,17:48,0.0649999976158142
2G,7.841000080108643,Airtel,13.0143957,30,80.2379557,-108.0,17:48,0.0649999976158142
4G,7.841000080108643,Airtel,13.0144055,30,80.2379817,-108.0,17:48,0.0649999976158142
4G,7.841000080108643,Airtel,13.0144219,30,80.2380249,-108.0,17:48,0.0649999976158142
4G,7.841000080108643,Airtel,13.0144344,30,80.2380492,-108.0,17:48,0.0649999976158142
4G,7.841000080108643,Airtel,13.0144363,30,80.2380659,-108.0,17:48,0.0649999976158142
4G,7.841000080108643,Airtel,13.0144366,30,80.2380981,-108.0,17:48,0.0649999976158142
4G,7.841000080108643,Airtel,13.0144424,30,80.2381226,-108.0,17:48,0.0649999976158142
4G,7.841000080108643,Airtel,13.0144358,30,80.2381638,-108.0,17:48,0.0649999976158142
4G,7.841000080108643,Airtel,13.014424,30,80.2382052,-108.0,17:48,0.0649999976158142
4G,7.841000080108643,Airtel,13.014423,30,80.238229,-108.0,17:48,0.0649999976158142
4G,7.841000080108643,Airtel,13.0144165,30,80.2382615,-108.0,17:48,0.0649999976158142
4G,7.841000080108643,Airtel,13.0144174,30,80.2382868,-108.0,17:48,0.0649999976158142
4G,7.841000080108643,Airtel,13.0144147,30,80.2383117,-108.0,17:48,0.0649999976158142
4G,7.841000080108643,Airtel,13.0144122,30,80.2383362,-108.0,17:48,0.0649999976158142
4G,7.841000080108643,Airtel,13.0144132,30,80.2383508,-108.0,17:48,0.0649999976158142
4G,7.841000080108643,Airtel,13.0144033,30,80.2383708,-108.0,17:48,0.0649999976158142
4G,7.841000080108643,Airtel,13.0144056,30,80.2383949,-108.0,17:48,0.0649999976158142
4G,7.841000080108643,Airtel,13.0144034,30,80.2384067,-108.0,17:49,0.0649999976158142
4G,7.841000080108643,Airtel,13.0143905,30,80.2384158,-108.0,17:49,0.0649999976158142
4G,7.841000080108643,Airtel,13.0143855,30,80.2384304,-108.0,17:49,0.0649999976158142
4G,7.841000080108643,Airtel,13.0143854,30,80.2384396,-108.0,17:49,0.0649999976158142
4G,7.841000080108643,Airtel,13.0143828,30,80.2384593,-108.0,17:49,0.0649999976158142
4G,7.841000080108643,Airtel,13.0143812,30,80.2384637,-108.0,17:49,0.0649999976158142
4G,7.841000080108643,Airtel,13.0143839,30,80.2384771,-108.0,17:49,0.0649999976158142
4G,7.841000080108643,Airtel,13.0143858,30,80.2384864,-108.0,17:49,0.0649999976158142
4G,7.841000080108643,Airtel,13.0143825,30,80.2385068,-108.0,17:49,0.0649999976158142
4G,7.841000080108643,Airtel,13.0143865,30,80.2385295,-108.0,17:49,0.0649999976158142
4G,7.841000080108643,Airtel,13.014386,30,80.2385412,-108.0,17:49,0.0649999976158142
4G,7.841000080108643,Airtel,13.0143652,30,80.2385469,-108.0,17:49,0.0649999976158142
4G,7.841000080108643,Airtel,13.0143534,30,80.2385589,-108.0,17:49,0.0649999976158142
4G,7.841000080108643,Airtel,13.0143528,30,80.2385675,-108.0,17:49,0.0649999976158142
4G,7.841000080108643,Airtel,13.014348,30,80.2385744,-108.0,17:49,0.0649999976158142
4G,7.841000080108643,Airtel,13.0143457,30,80.2385969,-108.0,17:49,0.0649999976158142
4G,7.841000080108643,Airtel,13.014348,30,80.2386077,-108.0,17:49,0.0649999976158142
4G,7.841000080108643,Airtel,13.0143448,30,80.2386236,-108.0,17:49,0.0649999976158142
4G,7.841000080108643,Airtel,13.0143472,30,80.2386454,-108.0,17:49,0.0649999976158142
4G,7.841000080108643,Airtel,13.014347,30,80.2386496,-108.0,17:49,0.0649999976158142
4G,7.841000080108643,Airtel,13.0143438,30,80.2386707,-108.0,17:49,0.0649999976158142
4G,7.841000080108643,Airtel,13.0143481,30,80.2386937,-108.0,17:49,0.0649999976158142
4G,7.841000080108643,Airtel,13.0143481,30,80.2386937,-108.0,17:49,0.0649999976158142
4G,7.841000080108643,Airtel,13.0143432,30,80.2387048,-108.0,17:49,0.0649999976158142
4G,7.841000080108643,Airtel,13.0143425,30,80.2387122,-108.0,17:49,0.0649999976158142
4G,0.6909999847412109,Airtel,13.0143596,49,80.2385679,-97.0,17:49,0.1369999945163726
4G,0.6909999847412109,Airtel,13.0143681,49,80.2385848,-97.0,17:49,0.1369999945163726
4G,0.0,Airtel,13.0143658,0,80.2385982,-97.0,17:49,0.0
4G,0.2619999945163727,Airtel,13.0143533,42,80.2388648,-108.0,17:50,0.1369999945163726
4G,0.2619999945163727,Airtel,13.0143538,42,80.2388753,-108.0,17:50,0.1369999945163726
4G,0.2619999945163727,Airtel,13.0143617,42,80.2388839,-110.0,17:50,0.1369999945163726
4G,0.2619999945163727,Airtel,13.0143544,42,80.2388911,-110.0,17:50,0.1369999945163726
4G,0.2619999945163727,Airtel,13.0143798,42,80.238912,-104.0,17:50,0.1369999945163726
4G,0.2619999945163727,Airtel,13.0143936,42,80.2389278,-104.0,17:50,0.1369999945163726
4G,0.2619999945163727,Airtel,13.0144083,42,80.2389374,-108.0,17:50,0.1369999945163726
4G,0.2619999945163727,Airtel,13.0144172,42,80.2389477,-108.0,17:50,0.1369999945163726
4G,0.2619999945163727,Airtel,13.0144325,42,80.2389609,-107.0,17:50,0.1369999945163726
4G,0.2619999945163727,Airtel,13.0144509,42,80.2389684,-107.0,17:50,0.1369999945163726
4G,0.2619999945163727,Airtel,13.0144604,42,80.2389734,-100.0,17:50,0.1369999945163726
4G,0.2619999945163727,Airtel,13.0144852,42,80.2389782,-102.0,17:50,0.1369999945163726
4G,0.7829999923706055,Airtel,13.01423,26,80.2385933,-100.0,17:51,0.0410000011324882
4G,0.7829999923706055,Airtel,13.0144766,26,80.2391252,-99.0,17:51,0.0410000011324882
4G,0.7829999923706055,Airtel,13.0144766,26,80.2391252,-103.0,17:51,0.0410000011324882
4G,0.7829999923706055,Airtel,13.014488,26,80.2391214,-94.0,17:51,0.0410000011324882
4G,0.7829999923706055,Airtel,13.0145064,26,80.2387975,-102.0,17:51,0.0410000011324882
4G,0.7829999923706055,Airtel,13.0145064,26,80.2387975,-100.0,17:51,0.0410000011324882
4G,0.7829999923706055,Airtel,13.0145568,26,80.2388391,-100.0,17:51,0.0410000011324882
4G,0.7829999923706055,Airtel,13.0145762,26,80.2388455,-101.0,17:51,0.0410000011324882
4G,0.7829999923706055,Airtel,13.0145909,26,80.2388453,-104.0,17:51,0.0410000011324882
4G,0.7829999923706055,Airtel,13.0146075,26,80.2388951,-93.0,17:51,0.0410000011324882
4G,0.7829999923706055,Airtel,13.0146234,26,80.2389101,-104.0,17:51,0.0410000011324882
4G,0.7829999923706055,Airtel,13.0146346,26,80.2389139,-101.0,17:51,0.0410000011324882
4G,0.7829999923706055,Airtel,13.0147183,26,80.2390517,-101.0,17:51,0.0410000011324882
4G,0.7829999923706055,Airtel,13.0147354,26,80.2390651,-101.0,17:51,0.0410000011324882
4G,0.7829999923706055,Airtel,13.0147799,26,80.2391042,-100.0,17:51,0.0410000011324882
4G,0.7829999923706055,Airtel,13.0147955,26,80.2391139,-102.0,17:51,0.0410000011324882
4G,0.7829999923706055,Airtel,13.0148204,26,80.2391246,-99.0,17:51,0.0410000011324882
4G,0.7829999923706055,Airtel,13.0148419,26,80.2391313,-100.0,17:51,0.0410000011324882
4G,0.7829999923706055,Airtel,13.0148569,26,80.2391375,-100.0,17:51,0.0410000011324882
4G,0.7829999923706055,Airtel,13.0148729,26,80.239144,-96.0,17:51,0.0410000011324882
4G,0.7829999923706055,Airtel,13.0148895,26,80.2391487,-97.0,17:51,0.0410000011324882
4G,0.7829999923706055,Airtel,13.0149014,26,80.2391527,-101.0,17:51,0.0410000011324882
4G,0.7829999923706055,Airtel,13.0149093,26,80.239159,-100.0,17:52,0.0410000011324882
4G,0.7829999923706055,Airtel,13.0149271,26,80.2391716,-97.0,17:52,0.0410000011324882
4G,0.7829999923706055,Airtel,13.0149288,26,80.2391876,-97.0,17:52,0.0410000011324882
4G,0.7829999923706055,Airtel,13.0149391,26,80.2392083,-97.0,17:52,0.0410000011324882
4G,0.7829999923706055,Airtel,13.014946,26,80.2392254,-101.0,17:52,0.0410000011324882
4G,0.7829999923706055,Airtel,13.0149417,26,80.2392319,-99.0,17:52,0.0410000011324882
4G,0.7829999923706055,Airtel,13.0149473,26,80.2392538,-101.0,17:52,0.0410000011324882
4G,0.7829999923706055,Airtel,13.0149391,26,80.239268,-102.0,17:52,0.0410000011324882
4G,0.7829999923706055,Airtel,13.01494,26,80.2392833,-100.0,17:52,0.0410000011324882
4G,0.3050000071525574,Airtel,13.014886,45,80.2396213,-97.0,17:53,0.1369999945163726
4G,0.3050000071525574,Airtel,13.0148807,45,80.2396378,-97.0,17:53,0.1369999945163726
4G,0.3050000071525574,Airtel,13.014878,45,80.2396442,-99.0,17:53,0.1369999945163726
4G,0.3050000071525574,Airtel,13.0148738,45,80.2396635,-102.0,17:53,0.1369999945163726
4G,0.3050000071525574,Airtel,13.0148742,45,80.2396681,-101.0,17:53,0.1369999945163726
4G,0.3050000071525574,Airtel,13.0148762,45,80.2396872,-101.0,17:53,0.1369999945163726
4G,0.3050000071525574,Airtel,13.0148912,45,80.2396922,-101.0,17:53,0.1369999945163726
4G,0.3050000071525574,Airtel,13.0148973,45,80.2396976,-100.0,17:53,0.1369999945163726
4G,0.3050000071525574,Airtel,13.0149473,45,80.2397297,-108.0,17:53,0.1369999945163726
4G,0.3050000071525574,Airtel,13.0149681,45,80.2397377,-110.0,17:53,0.1369999945163726
4G,0.3050000071525574,Airtel,13.0149752,45,80.2397367,-110.0,17:53,0.1369999945163726
4G,0.3050000071525574,Airtel,13.0149856,45,80.2397417,-110.0,17:53,0.1369999945163726
4G,0.3050000071525574,Airtel,13.0149993,45,80.2397564,-110.0,17:53,0.1369999945163726
4G,0.3050000071525574,Airtel,13.0149938,45,80.2397549,-110.0,17:53,0.1369999945163726
4G,0.0,Airtel,13.015005,0,80.2397681,-110.0,17:53,0.0
4G,0.0,Airtel,13.0149929,0,80.239767,-110.0,17:53,0.0
4G,0.0,Airtel,13.0150015,23,80.2398287,-110.0,17:53,0.0
4G,135.654,Airtel,13.0150006,23,80.2398896,-110.0,17:53,0.0
4G,0.3700000047683716,Airtel,13.0149218,35,80.2397698,-95.0,17:53,0.1040000021457672
4G,0.3700000047683716,Airtel,13.0149485,35,80.2397756,-95.0,17:53,0.1040000021457672
4G,0.3700000047683716,Airtel,13.0149829,35,80.2397839,-111.0,17:53,0.1040000021457672
4G,0.3700000047683716,Airtel,13.0149912,35,80.2397983,-111.0,17:53,0.1040000021457672
4G,0.3700000047683716,Airtel,13.015009,35,80.2398421,-113.0,17:53,0.1040000021457672
4G,0.3700000047683716,Airtel,13.0150137,35,80.239889,-44.0,17:53,0.1040000021457672
4G,0.3700000047683716,Airtel,13.0150179,35,80.2399089,-44.0,17:53,0.1040000021457672
4G,0.3700000047683716,Airtel,13.0149886,35,80.2399228,-116.0,17:53,0.1040000021457672
4G,0.3700000047683716,Airtel,13.0149939,35,80.2399352,-116.0,17:54,0.1040000021457672
4G,0.3700000047683716,Airtel,13.0150062,35,80.2399449,-116.0,17:54,0.1040000021457672
4G,0.3700000047683716,Airtel,13.0149813,35,80.2399376,-116.0,17:54,0.1040000021457672
4G,0.3700000047683716,Airtel,13.0149663,35,80.2399317,-120.0,17:54,0.1040000021457672
4G,0.3700000047683716,Airtel,13.0149727,35,80.2399277,-120.0,17:54,0.1040000021457672
4G,0.3700000047683716,Airtel,13.014992,35,80.2399323,-120.0,17:54,0.1040000021457672
4G,0.3700000047683716,Airtel,13.0149967,35,80.2399545,-120.0,17:54,0.1040000021457672
4G,0.3700000047683716,Airtel,13.0150101,35,80.2399767,-120.0,17:54,0.1040000021457672
4G,0.3700000047683716,Airtel,13.0150126,35,80.2399889,-120.0,17:54,0.1040000021457672
4G,0.3700000047683716,Airtel,13.0150286,35,80.2399993,-120.0,17:54,0.1040000021457672
4G,0.3700000047683716,Airtel,13.0150321,35,80.2400101,-120.0,17:54,0.1040000021457672
4G,0.3700000047683716,Airtel,13.0150446,35,80.2400195,-120.0,17:54,0.1040000021457672
4G,0.3700000047683716,Airtel,13.0150467,35,80.2400282,-120.0,17:54,0.1040000021457672
4G,0.3700000047683716,Airtel,13.0150467,35,80.2400412,-120.0,17:54,0.1040000021457672
4G,0.3700000047683716,Airtel,13.0150691,35,80.2400505,-120.0,17:54,0.1040000021457672
4G,0.3700000047683716,Airtel,13.0150796,35,80.2400604,-120.0,17:54,0.1040000021457672
2G,0.3700000047683716,Airtel,13.0150747,35,80.2400621,-120.0,17:54,0.1040000021457672
4G,0.3700000047683716,Airtel,13.0150795,35,80.2400607,-120.0,17:54,0.1040000021457672
4G,0.0,Airtel,13.0138885,227,80.2357537,-124.0,16:02,0.0
4G,7.290999889373779,Airtel,13.0138973,41,80.2356648,-105.0,16:09,0.1070000007748603
4G,7.290999889373779,Airtel,13.0138973,41,80.2356648,-105.0,16:09,0.1070000007748603
2G,7.290999889373779,Airtel,13.013785,41,80.2355382,-105.0,16:09,0.1070000007748603
4G,0.0,Airtel,13.0135252,0,80.2355877,-127.0,10:19,0.0
4G,0.0,Airtel,13.0148349,0,80.2381987,-100.0,15:25,0.0
4G,159.61099243164062,Airtel,13.0150106,16,80.2391221,-100.0,15:26,2.059000015258789
4G,159.61099243164062,Airtel,13.0150106,16,80.2391221,-100.0,15:26,2.059000015258789
4G,159.61099243164062,Airtel,13.0150106,16,80.2391221,-100.0,15:26,2.059000015258789
4G,0.0,Airtel,13.0129867,0,80.2361172,-126.0,11:57,0.0
4G,0.0,Airtel,13.0134563,0,80.2370461,-130.0,11:57,0.0
4G,0.0,Airtel,13.0134158,50,80.2370046,-127.0,11:57,0.0
4G,0.0,Airtel,13.0134158,50,80.2370046,-127.0,11:57,0.0
4G,0.0,Airtel,13.0134158,0,80.2370046,-127.0,11:57,0.0
4G,0.0,Airtel,13.0134158,254,80.2370046,-127.0,11:57,0.0
4G,0.0,Airtel,13.0134158,50,80.2370046,-127.0,11:57,0.0
4G,0.0,Airtel,13.0134158,0,80.2370046,-127.0,11:57,0.0
4G,0.0,Airtel,13.0134158,254,80.2370046,-127.0,11:57,0.0
4G,0.0,Airtel,13.0133611,0,80.2369681,-127.0,11:57,0.0
4G,0.0,Airtel,13.0133611,0,80.2369681,-130.0,11:57,0.0
4G,0.0,Airtel,13.0133611,0,80.2369681,-129.0,11:58,0.0
4G,0.0,Airtel,13.0129747,0,80.2361398,-130.0,11:59,0.0
4G,0.0,Airtel,13.0129972,0,80.2359246,-129.0,11:59,0.0
4G,0.0,Airtel,13.0129972,0,80.2359246,-129.0,12:00,0.0
4G,0.0,Airtel,13.0129972,0,80.2359246,-129.0,12:00,0.0
4G,0.0,Airtel,13.0129747,0,80.2361398,-130.0,11:59,0.0
4G,0.0,Airtel,13.0129972,0,80.2359246,-130.0,11:59,0.0
4G,0.0,Airtel,13.0151252,23,80.2398534,-125.0,05:03,0.0
4G,0.0,Airtel,13.0151252,23,80.2398534,-125.0,05:03,0.0
4G,0.0,Airtel,13.0151252,0,80.2398534,-125.0,05:03,0.0
4G,0.0,Airtel,13.0151252,0,80.2398534,-126.0,05:03,0.0
4G,0.0,Airtel,13.0151252,0,80.2398534,-126.0,05:03,0.0
4G,0.0,Jio,13.0151382,434,80.2398858,-128.0,11:22,0.0
4G,0.0,Jio,13.0151382,434,80.2398858,-128.0,11:22,0.0
4G,0.0,Jio,13.0151382,434,80.2398858,-128.0,11:22,0.0
4G,0.0,Jio,13.0151382,434,80.2398858,-128.0,11:22,0.0
4G,0.0,Jio,13.0151382,434,80.2398858,-128.0,11:22,0.0
4G,0.0,Jio,13.0151382,434,80.2398858,-128.0,11:22,0.0
4G,0.0,Jio,13.0151382,0,80.2398858,-128.0,11:22,0.0
4G,0.0,Jio,13.0151382,434,80.2398858,-128.0,11:22,0.0
4G,0.0,Jio,13.0151382,0,80.2398858,-128.0,11:22,0.0
4G,0.0,Jio,13.0151372,0,80.2398828,-129.0,11:22,0.0
4G,0.0,Jio,13.0151382,0,80.2398858,-121.0,11:22,0.0
4G,0.0,Jio,13.0151372,0,80.2398828,-129.0,11:23,0.0
4G,0.0,Jio,13.0151372,0,80.2398828,-129.0,11:23,0.0
4G,0.0,Jio,13.0151372,0,80.2398828,-129.0,11:22,0.0
4G,0.0,Jio,13.0151372,0,80.2398828,-129.0,11:23,0.0
4G,0.0,Jio,13.0151372,0,80.2398828,-129.0,11:23,0.0
4G,0.0,Jio,13.0151372,0,80.2398828,-129.0,11:23,0.0
4G,0.0,Jio,13.0151372,0,80.2398828,-129.0,11:22,0.0
4G,0.0,Jio,13.0151372,0,80.2398828,-129.0,11:22,0.0
4G,0.0,Jio,13.0151369,0,80.2398839,-113.0,11:23,0.0
4G,0.0,Jio,13.0151368,0,80.2398832,-127.0,11:23,0.0
4G,0.0,Jio,13.0151372,0,80.2398828,-129.0,11:23,0.0
4G,0.0,Jio,13.0151368,0,80.2398832,-127.0,11:23,0.0
4G,0.0,Jio,13.0151369,0,80.2398839,-113.0,11:23,0.0
4G,0.0,Jio,13.0151368,0,80.2398832,-110.0,11:23,0.0
4G,0.0,Jio,13.0151369,0,80.2398866,-112.0,11:23,0.0
4G,0.0,Jio,13.0151369,0,80.2398839,-113.0,11:23,0.0
4G,0.0,Jio,13.0151368,0,80.2398832,-110.0,11:23,0.0
4G,0.0,Jio,13.0151368,0,80.2398832,-127.0,11:23,0.0
4G,0.0,Jio,13.0151368,0,80.2398832,-129.0,11:23,0.0
4G,0.0,Jio,13.0151369,0,80.2398866,-129.0,11:23,0.0
4G,0.0,Jio,13.0151382,434,80.2398858,-128.0,11:22,0.0
4G,0.0,Jio,13.0151382,0,80.2398858,-128.0,11:22,0.0
4G,0.0,Jio,13.0151382,434,80.2398858,-128.0,11:22,0.0
4G,0.0,Jio,13.0151382,0,80.2398858,-128.0,11:22,0.0
4G,0.0,Jio,13.0151382,434,80.2398858,-128.0,11:22,0.0
4G,0.0,Jio,13.0151382,0,80.2398858,-128.0,11:22,0.0
4G,0.0,Jio,13.0151382,434,80.2398858,-128.0,11:22,0.0
4G,0.0,Jio,13.0151382,0,80.2398858,-128.0,11:22,0.0
4G,0.0,Jio,13.0151382,434,80.2398858,-128.0,11:22,0.0
4G,0.0,Jio,13.0151382,0,80.2398858,-128.0,11:22,0.0
4G,0.0,Jio,13.0151382,434,80.2398858,-128.0,11:22,0.0
4G,0.0,Jio,13.0151382,0,80.2398858,-128.0,11:22,0.0
4G,0.0,Jio,13.0151382,434,80.2398858,-128.0,11:22,0.0
4G,0.0,Jio,13.0151382,0,80.2398858,-128.0,11:22,0.0
4G,0.0,Jio,13.0151411,0,80.2398915,-128.0,11:23,0.0
4G,0.0,Jio,13.0151382,0,80.2398858,-121.0,11:22,0.0
4G,0.0,Jio,13.0151362,0,80.2398821,-123.0,11:37,0.0
4G,0.0,Jio,13.0150382,47,80.2395497,-118.0,11:37,0.0
4G,0.0,Jio,13.0150382,47,80.2395497,-118.0,11:37,0.0
4G,0.0,Jio,13.0150382,0,80.2395497,-118.0,11:37,0.0
4G,0.0,Jio,13.0150382,47,80.2395497,-118.0,11:37,0.0
4G,0.0,Jio,13.0150382,0,80.2395497,-118.0,11:37,0.0
4G,0.0,Jio,13.0150382,47,80.2395497,-118.0,11:37,0.0
4G,0.0,Jio,13.0150382,0,80.2395497,-118.0,11:37,0.0
4G,0.0,Jio,13.0150382,47,80.2395497,-118.0,11:37,0.0
4G,0.0,Jio,13.0150382,0,80.2395497,-118.0,11:37,0.0
4G,0.0,Jio,13.0150382,47,80.2395497,-118.0,11:37,0.0
4G,0.0,Jio,13.0150382,0,80.2395497,-118.0,11:37,0.0
4G,0.0,Jio,13.0150382,0,80.2395497,-118.0,11:37,0.0
4G,0.0,Jio,13.0150382,0,80.2395497,-118.0,11:37,0.0
4G,0.0,Jio,13.015058,0,80.2394891,-117.0,11:37,0.0
4G,0.0,Jio,13.0150382,0,80.2395497,-118.0,11:37,0.0
4G,0.0,Jio,13.015058,0,80.2394891,-117.0,11:37,0.0
4G,0.0,Jio,13.0150382,0,80.2395497,-118.0,11:37,0.0
4G,0.0,Jio,13.015058,0,80.2394891,-117.0,11:37,0.0
4G,0.0,Jio,13.0150985,0,80.23956,-117.0,11:37,0.0
4G,0.0,Jio,13.0150985,0,80.23956,-117.0,11:37,0.0
4G,0.0,Jio,13.0151281,0,80.2396116,-117.0,11:37,0.0
4G,0.0,Jio,13.0151281,0,80.2396116,-117.0,11:37,0.0
4G,0.0,Jio,13.0151401,0,80.2396122,-120.0,11:37,0.0
4G,0.0,Jio,13.0151766,0,80.2396395,-120.0,11:37,0.0
4G,0.0,Jio,13.0151766,0,80.2396395,-120.0,11:37,0.0
4G,0.0,Jio,13.0151766,0,80.2396395,-120.0,11:37,0.0
4G,0.0,Jio,13.0151766,0,80.2396395,-120.0,11:37,0.0
4G,0.0,Jio,13.0151766,0,80.2396395,-120.0,11:37,0.0
4G,0.0,Jio,13.0151766,0,80.2396395,-120.0,11:37,0.0
4G,0.0,Jio,13.0151879,0,80.2396567,-120.0,11:37,0.0
4G,0.0,Jio,13.0152058,0,80.2396777,-120.0,11:37,0.0
4G,0.0,Jio,13.0152058,0,80.2396777,-120.0,11:37,0.0
4G,0.0,Jio,13.0152161,0,80.2396955,-116.0,11:37,0.0
4G,0.0,Jio,13.0152161,0,80.2396955,-116.0,11:37,0.0
4G,0.0,Jio,13.0152161,0,80.2396955,-112.0,11:37,0.0
4G,0.0,Jio,13.0152335,0,80.2397072,-112.0,11:37,0.0
4G,0.0,Jio,13.0152161,0,80.2396955,-116.0,11:37,0.0
4G,0.0,Jio,13.0152161,0,80.2396955,-112.0,11:37,0.0
4G,0.0,Jio,13.0151766,0,80.2396395,-120.0,11:37,0.0
4G,0.0,Jio,13.0152335,0,80.2397072,-120.0,11:38,0.0
4G,0.0,Jio,13.0152269,0,80.2396846,-121.0,11:38,0.0
4G,0.0,Jio,13.0152269,0,80.2396846,-121.0,11:38,0.0
4G,0.0,Jio,13.0152269,0,80.2396846,-121.0,11:38,0.0
4G,0.0,Jio,13.0152269,0,80.2396846,-121.0,11:38,0.0
4G,0.0,Jio,13.0152269,0,80.2396846,-121.0,11:38,0.0
4G,0.0,Jio,13.0152269,0,80.2396846,-121.0,11:38,0.0
4G,0.0,Jio,13.0152269,0,80.2396846,-121.0,11:38,0.0
4G,0.0,Jio,13.0152269,0,80.2396846,-121.0,11:38,0.0
4G,0.0,Jio,13.0152269,0,80.2396846,-121.0,11:38,0.0
4G,0.0,Jio,13.0152269,0,80.2396846,-121.0,11:38,0.0
4G,0.0,Jio,13.0152269,0,80.2396846,-121.0,11:38,0.0
4G,0.0,Jio,13.0152269,0,80.2396846,-121.0,11:38,0.0
4G,0.0,Jio,13.0152269,0,80.2396846,-121.0,11:38,0.0
4G,0.0,Jio,13.0152269,0,80.2396846,-121.0,11:38,0.0
4G,0.0,Jio,13.0152269,0,80.2396846,-121.0,11:38,0.0
4G,0.0,Jio,13.0152269,0,80.2396846,-121.0,11:38,0.0
4G,0.0,Jio,13.0152269,0,80.2396846,-121.0,11:38,0.0
4G,0.0,Jio,13.0152269,0,80.2396846,-121.0,11:38,0.0
4G,0.0,Jio,13.0152269,0,80.2396846,-121.0,11:38,0.0
4G,0.0,Jio,13.0152269,21,80.2396846,-121.0,11:38,0.0
4G,0.0,Jio,13.0152269,0,80.2396846,-121.0,11:38,0.0
4G,0.0,Jio,13.0152269,0,80.2396846,-121.0,11:38,0.0
4G,0.0,Jio,13.0152269,21,80.2396846,-121.0,11:38,0.0
4G,0.0,Jio,13.0152269,0,80.2396846,-121.0,11:38,0.0
4G,0.0,Jio,13.0152269,0,80.2396846,-121.0,11:38,0.0
4G,0.0,Jio,13.0152269,21,80.2396846,-121.0,11:38,0.0
4G,0.0,Jio,13.015127,0,80.2397652,-119.0,11:38,0.0
4G,0.0,Jio,13.015127,0,80.2397652,-119.0,11:38,0.0
4G,0.0,Jio,13.015127,0,80.2397652,-120.0,11:38,0.0
4G,0.0,Jio,13.015127,0,80.2397652,-119.0,11:38,0.0
4G,0.0,Jio,13.015127,0,80.2397652,-119.0,11:38,0.0
4G,0.0,Jio,13.015127,0,80.2397652,-120.0,11:38,0.0
4G,0.0,Jio,13.015127,0,80.2397652,-119.0,11:38,0.0
4G,0.0,Jio,13.015127,0,80.2397652,-119.0,11:38,0.0
4G,0.0,Jio,13.015127,0,80.2397652,-120.0,11:38,0.0
4G,0.0,Jio,13.015127,0,80.2397652,-119.0,11:38,0.0
4G,0.0,Jio,13.015127,0,80.2397652,-119.0,11:38,0.0
4G,0.0,Jio,13.015127,0,80.2397652,-119.0,11:38,0.0
4G,0.0,Jio,13.015127,0,80.2397652,-120.0,11:38,0.0
4G,0.0,Jio,13.015127,0,80.2397652,-119.0,11:38,0.0
4G,0.0,Jio,13.015127,0,80.2397652,-119.0,11:38,0.0
4G,0.0,Jio,13.015127,0,80.2397652,-120.0,11:38,0.0
4G,0.0,Jio,13.015127,0,80.2397652,-119.0,11:38,0.0
4G,0.0,Jio,13.015127,0,80.2397652,-119.0,11:38,0.0
4G,0.0,Jio,13.015127,0,80.2397652,-120.0,11:38,0.0
4G,0.0,Jio,13.015127,0,80.2397652,-119.0,11:38,0.0
4G,0.0,Jio,13.015127,0,80.2397652,-119.0,11:38,0.0
4G,0.0,Jio,13.015127,0,80.2397652,-120.0,11:38,0.0
4G,0.0,Jio,13.015127,0,80.2397652,-119.0,11:38,0.0
4G,0.0,Jio,13.015127,0,80.2397652,-119.0,11:38,0.0
4G,0.0,Jio,13.015127,0,80.2397652,-120.0,11:38,0.0
4G,0.0,Jio,13.015127,0,80.2397652,-119.0,11:38,0.0
4G,0.0,Jio,13.015127,0,80.2397652,-119.0,11:38,0.0
4G,0.0,Jio,13.015127,0,80.2397652,-120.0,11:38,0.0
4G,0.0,Jio,13.015127,0,80.2397652,-119.0,11:38,0.0
4G,0.0,Jio,13.015127,0,80.2397652,-119.0,11:38,0.0
4G,0.0,Jio,13.015127,0,80.2397652,-119.0,11:38,0.0
4G,0.0,Jio,13.015127,0,80.2397652,-119.0,11:38,0.0
4G,0.0,Jio,13.015127,0,80.2397652,-119.0,11:38,0.0
4G,0.0,Jio,13.015127,0,80.2397652,-119.0,11:38,0.0
4G,0.0,Jio,13.015127,0,80.2397652,-119.0,11:38,0.0
4G,0.0,Jio,13.015127,0,80.2397652,-119.0,11:38,0.0
4G,0.0,Jio,13.015127,0,80.2397652,-120.0,11:38,0.0
4G,0.0,Jio,13.015127,0,80.2397652,-119.0,11:38,0.0
4G,0.0,Jio,13.015127,0,80.2397652,-119.0,11:38,0.0
4G,0.0,Jio,13.015127,0,80.2397652,-120.0,11:38,0.0
4G,0.0,Jio,13.015127,0,80.2397652,-119.0,11:38,0.0
4G,0.0,Jio,13.015127,0,80.2397652,-119.0,11:38,0.0
4G,0.0,Jio,13.015127,0,80.2397652,-120.0,11:38,0.0
4G,0.0,Jio,13.015127,0,80.2397652,-119.0,11:38,0.0
4G,0.0,Jio,13.015127,0,80.2397652,-119.0,11:38,0.0
4G,0.0,Jio,13.015127,0,80.2397652,-120.0,11:38,0.0
4G,0.0,Jio,13.015127,0,80.2397652,-119.0,11:38,0.0
4G,0.0,Jio,13.015127,0,80.2397652,-119.0,11:38,0.0
4G,0.0,Jio,13.015127,0,80.2397652,-120.0,11:38,0.0
4G,0.0,Jio,13.015127,0,80.2397652,-119.0,11:38,0.0
4G,0.0,Jio,13.015127,0,80.2397652,-119.0,11:38,0.0
4G,0.0,Jio,13.015127,0,80.2397652,-120.0,11:38,0.0
4G,0.0,Jio,13.015127,0,80.2397652,-119.0,11:38,0.0
4G,0.0,Jio,13.0151382,35,80.2398894,-127.0,12:18,0.0
4G,0.0,Jio,13.0151382,35,80.2398894,-127.0,12:18,0.0
4G,0.0,Jio,13.0151382,0,80.2398894,-127.0,12:18,0.0
4G,0.0,Jio,13.0151382,35,80.2398894,-127.0,12:18,0.0
4G,0.0,Jio,13.0151382,0,80.2398894,-127.0,12:18,0.0
4G,0.0,Jio,13.0151403,0,80.2398924,-127.0,12:18,0.0
4G,0.0,Jio,13.0151364,847,80.239878,-115.0,12:18,0.0
4G,0.0,Jio,13.0151364,847,80.239878,-115.0,12:18,0.0
4G,0.0,Jio,13.0151364,0,80.239878,-115.0,12:18,0.0
4G,0.0,Jio,13.0151364,847,80.239878,-115.0,12:18,0.0
4G,0.0,Jio,13.0151364,0,80.239878,-115.0,12:18,0.0
4G,0.0,Jio,13.0151364,847,80.239878,-115.0,12:18,0.0
4G,0.0,Jio,13.0151364,0,80.239878,-115.0,12:18,0.0
4G,0.0,Jio,13.0151364,847,80.239878,-115.0,12:18,0.0
4G,0.0,Jio,13.0151364,0,80.239878,-115.0,12:18,0.0
4G,0.0,Jio,13.0151364,0,80.239878,-117.0,12:18,0.0
4G,0.0,Jio,13.0151379,0,80.2398825,-117.0,12:18,0.0
4G,0.0,Jio,13.0151379,0,80.2398825,-117.0,12:18,0.0
4G,0.0,Jio,13.0151379,0,80.2398825,-117.0,12:18,0.0
4G,0.0,Jio,13.0151379,0,80.2398825,-117.0,12:18,0.0
4G,0.0,Jio,13.0151379,0,80.2398825,-117.0,12:18,0.0
4G,0.0,Jio,13.0151379,0,80.2398825,-117.0,12:18,0.0
4G,0.0,Jio,13.0151379,0,80.2398825,-117.0,12:18,0.0
4G,0.0,Jio,13.0151379,0,80.2398825,-117.0,12:18,0.0
4G,0.0,Jio,13.0151379,0,80.2398825,-117.0,12:18,0.0
4G,0.0,Jio,13.0151379,0,80.2398825,-117.0,12:18,0.0
4G,0.0,Jio,13.0151379,0,80.2398825,-117.0,12:18,0.0
4G,0.0,Jio,13.0151379,0,80.2398825,-117.0,12:18,0.0
4G,0.0,Jio,13.0151379,0,80.2398825,-117.0,12:18,0.0
4G,0.0,Jio,13.0151379,0,80.2398825,-108.0,12:18,0.0
4G,0.0,Jio,13.0151379,0,80.2398825,-108.0,12:18,0.0
4G,0.0,Jio,13.0151379,0,80.2398825,-108.0,12:18,0.0
4G,0.0,Jio,13.0151379,0,80.2398825,-108.0,12:18,0.0
4G,0.0,Jio,13.0151352,0,80.2398766,-108.0,12:18,0.0
4G,0.0,Jio,13.0151379,0,80.2398825,-108.0,12:18,0.0
4G,0.0,Jio,13.0151352,0,80.2398766,-108.0,12:18,0.0
4G,0.0,Jio,13.0151352,0,80.2398766,-124.0,12:19,0.0
4G,0.0,Jio,13.0151352,0,80.2398766,-124.0,12:19,0.0
4G,0.0,Jio,13.0151352,0,80.2398766,-124.0,12:19,0.0
4G,0.0,Jio,13.0151352,0,80.2398766,-124.0,12:19,0.0
4G,0.0,Jio,13.0151352,0,80.2398766,-124.0,12:19,0.0
4G,0.0,Jio,13.0151352,0,80.2398766,-124.0,12:19,0.0
4G,0.0,Jio,13.0151352,0,80.2398766,-124.0,12:19,0.0
4G,0.0,Jio,13.0151352,0,80.2398766,-124.0,12:19,0.0
4G,0.0,Jio,13.0151352,0,80.2398766,-124.0,12:19,0.0
4G,0.0,Jio,13.0151352,0,80.2398766,-124.0,12:19,0.0
4G,0.0,Jio,13.0151352,0,80.2398766,-124.0,12:19,0.0
4G,0.0,Jio,13.0151352,0,80.2398766,-124.0,12:19,0.0
4G,0.0,Jio,13.0151352,0,80.2398766,-124.0,12:19,0.0
4G,0.0,Jio,13.0151352,0,80.2398766,-124.0,12:19,0.0
4G,0.0,Jio,13.0151352,0,80.2398766,-124.0,12:19,0.0
4G,0.0,Jio,13.0151376,46,80.2398822,-113.0,12:19,0.0
4G,0.0,Jio,13.0151376,46,80.2398822,-113.0,12:19,0.0
4G,0.0,Jio,13.0151354,1522,80.2398777,-115.0,12:19,0.0
4G,0.0,Jio,13.0151354,1522,80.2398777,-115.0,12:19,0.0
4G,0.0,Jio,13.0151349,1522,80.2398786,-115.0,12:19,0.0
4G,0.0,Jio,13.0151354,1522,80.2398777,-115.0,12:19,0.0
4G,0.0,Jio,13.0151349,1522,80.2398786,-115.0,12:19,0.0
4G,0.0,Jio,13.0151354,1522,80.2398777,-115.0,12:19,0.0
4G,0.0,Jio,13.0151349,1522,80.2398786,-115.0,12:19,0.0
4G,0.0,Jio,13.0151349,1522,80.2398786,-115.0,12:19,0.0
4G,0.0,Jio,13.0151354,1522,80.2398777,-115.0,12:19,0.0
4G,0.0,Jio,13.0151349,1522,80.2398786,-115.0,12:19,0.0
4G,0.0,Jio,13.0151349,1522,80.2398786,-115.0,12:19,0.0
4G,0.0,Jio,13.0151345,1522,80.2398753,-116.0,12:19,0.0
4G,0.0,Jio,13.0151345,1522,80.2398753,-115.0,12:19,0.0
4G,0.0,Jio,13.0151345,1522,80.2398753,-116.0,12:19,0.0
4G,0.0,Jio,13.0151345,1522,80.2398753,-116.0,12:19,0.0
4G,0.0,Jio,13.0151345,1522,80.2398753,-115.0,12:19,0.0
4G,0.0,Jio,13.0151364,1522,80.2398797,-115.0,12:19,0.0
4G,0.0,Jio,13.0151345,1522,80.2398753,-116.0,12:19,0.0
4G,0.0,Jio,13.0151345,1522,80.2398753,-115.0,12:19,0.0
4G,0.0,Jio,13.0151364,1522,80.2398797,-115.0,12:19,0.0
4G,0.0,Jio,13.0151345,1522,80.2398753,-116.0,12:19,0.0
4G,0.0,Jio,13.0151345,1522,80.2398753,-115.0,12:19,0.0
4G,0.0,Jio,13.0151364,1522,80.2398797,-115.0,12:19,0.0
4G,0.0,Jio,13.0151345,1522,80.2398753,-116.0,12:19,0.0
4G,0.0,Jio,13.0151385,1522,80.2398858,-115.0,12:19,0.0
4G,0.0,Jio,13.0151377,29,80.2398814,-107.0,12:20,0.0
4G,0.0,Jio,13.0151377,29,80.2398814,-107.0,12:20,0.0
4G,0.0,Jio,13.0151421,29,80.2398907,-117.0,12:20,0.0
4G,0.0,Jio,13.0151377,29,80.2398814,-107.0,12:20,0.0
4G,0.0,Jio,13.0151421,29,80.2398907,-117.0,12:20,0.0
4G,0.0,Jio,13.0151421,29,80.2398907,-117.0,12:20,0.0
4G,0.0,Jio,13.0151377,29,80.2398814,-107.0,12:20,0.0
4G,0.0,Jio,13.0151421,29,80.2398907,-117.0,12:20,0.0
4G,0.0,Jio,13.0151421,29,80.2398907,-117.0,12:20,0.0
4G,0.0,Jio,13.0151404,29,80.239889,-117.0,12:20,0.0
4G,0.0,Jio,13.0151377,29,80.2398814,-107.0,12:20,0.0
4G,0.0,Jio,13.0151421,29,80.2398907,-117.0,12:20,0.0
4G,0.0,Jio,13.0151421,29,80.2398907,-117.0,12:20,0.0
4G,0.0,Jio,13.0151404,29,80.239889,-117.0,12:20,0.0
4G,0.0,Jio,13.0151343,29,80.2398786,-105.0,12:20,0.0
4G,0.0,Jio,13.0151343,29,80.2398786,-105.0,12:20,0.0
4G,0.0,Jio,13.0151343,29,80.2398786,-105.0,12:20,0.0
4G,0.0,Jio,13.0151343,29,80.2398786,-105.0,12:20,0.0
4G,0.0,Jio,13.0151343,29,80.2398786,-105.0,12:20,0.0
4G,0.0,Jio,13.0151343,29,80.2398786,-105.0,12:20,0.0
4G,0.0,Jio,13.0151343,29,80.2398786,-105.0,12:20,0.0
4G,0.0,Jio,13.0151343,29,80.2398786,-105.0,12:20,0.0
4G,0.0,Jio,13.0151343,29,80.2398786,-104.0,12:20,0.0
4G,0.0,Jio,13.0151343,29,80.2398786,-105.0,12:20,0.0
4G,0.0,Jio,13.0151343,29,80.2398786,-104.0,12:20,0.0
4G,0.0,Jio,13.0151399,29,80.2398911,-104.0,12:20,0.0
4G,0.0,Jio,13.0151343,29,80.2398786,-105.0,12:20,0.0
4G,0.0,Jio,13.0151343,29,80.2398786,-104.0,12:20,0.0
4G,0.0,Jio,13.0151399,29,80.2398911,-104.0,12:20,0.0
4G,0.088,Jio,13.0151399,29,80.2398911,-115.0,12:20,0.0
4G,0.088,Jio,13.0151399,29,80.2398911,-115.0,12:20,0.0
4G,0.088,Jio,13.0151399,29,80.2398911,-115.0,12:20,0.0
4G,0.088,Jio,13.0151399,29,80.2398911,-117.0,12:20,0.0
4G,0.088,Jio,13.0151399,29,80.2398911,-115.0,12:20,0.0
4G,0.088,Jio,13.0151399,29,80.2398911,-117.0,12:20,0.0
4G,0.088,Jio,13.0151399,29,80.2398911,-115.0,12:20,0.0
4G,0.088,Jio,13.0151399,29,80.2398911,-117.0,12:20,0.0
4G,0.088,Jio,13.0151399,29,80.2398911,-115.0,12:20,0.0
4G,0.088,Jio,13.0151399,29,80.2398911,-117.0,12:20,0.0
4G,0.088,Jio,13.0151399,29,80.2398911,-115.0,12:20,0.0
4G,0.088,Jio,13.0151399,29,80.2398911,-117.0,12:20,0.0
4G,0.088,Jio,13.0151399,29,80.2398911,-115.0,12:20,0.0
4G,0.088,Jio,13.0151399,29,80.2398911,-117.0,12:20,0.0
4G,0.088,Jio,13.0151399,29,80.2398911,-115.0,12:20,0.0
4G,0.088,Jio,13.0151399,29,80.2398911,-117.0,12:20,0.0
4G,0.088,Jio,13.0151399,29,80.2398911,-115.0,12:20,0.0
4G,0.088,Jio,13.0151399,29,80.2398911,-117.0,12:20,0.0
4G,0.088,Jio,13.0151399,29,80.2398911,-115.0,12:20,0.0
4G,0.088,Jio,13.0151399,29,80.2398911,-117.0,12:20,0.0
4G,0.088,Jio,13.0151399,29,80.2398911,-115.0,12:20,0.0
4G,0.088,Jio,13.0151399,29,80.2398911,-117.0,12:20,0.0
4G,0.088,Jio,13.0151399,29,80.2398911,-117.0,12:20,0.0
4G,0.088,Jio,13.0151399,29,80.2398911,-115.0,12:20,0.0
4G,0.088,Jio,13.0151399,29,80.2398911,-117.0,12:20,0.0
4G,0.088,Jio,13.0151399,29,80.2398911,-117.0,12:20,0.0
4G,0.088,Jio,13.0151399,29,80.2398911,-115.0,12:20,0.0
4G,0.088,Jio,13.0151399,29,80.2398911,-117.0,12:20,0.0
4G,0.088,Jio,13.0151399,29,80.2398911,-117.0,12:20,0.0
4G,0.088,Jio,13.0151399,29,80.2398911,-115.0,12:20,0.0
4G,0.088,Jio,13.0151399,29,80.2398911,-117.0,12:20,0.0
4G,0.088,Jio,13.0151399,29,80.2398911,-117.0,12:20,0.0
4G,0.088,Jio,13.0151399,29,80.2398911,-115.0,12:20,0.0
4G,0.088,Jio,13.0151399,29,80.2398911,-117.0,12:20,0.0
4G,0.088,Jio,13.0151399,29,80.2398911,-117.0,12:20,0.0
4G,0.088,Jio,13.0151399,29,80.2398911,-115.0,12:20,0.0
4G,0.088,Jio,13.0151399,29,80.2398911,-117.0,12:20,0.0
4G,0.088,Jio,13.0151399,29,80.2398911,-117.0,12:20,0.0
4G,0.088,Jio,13.0151399,29,80.2398911,-115.0,12:20,0.0
4G,0.088,Jio,13.0151399,29,80.2398911,-117.0,12:20,0.0
4G,0.088,Jio,13.0151399,29,80.2398911,-117.0,12:20,0.0
4G,0.088,Jio,13.0151399,29,80.2398911,-115.0,12:20,0.0
4G,0.088,Jio,13.0151399,29,80.2398911,-117.0,12:20,0.0
4G,0.088,Jio,13.0151399,29,80.2398911,-117.0,12:20,0.0
4G,0.088,Jio,13.0151399,29,80.2398911,-115.0,12:20,0.0
4G,0.088,Jio,13.0151399,29,80.2398911,-117.0,12:20,0.0
4G,0.088,Jio,13.0151399,29,80.2398911,-117.0,12:20,0.0
4G,0.088,Jio,13.0151399,29,80.2398911,-115.0,12:20,0.0
4G,0.088,Jio,13.0151399,29,80.2398911,-117.0,12:20,0.0
4G,0.088,Jio,13.0151399,29,80.2398911,-117.0,12:20,0.0
4G,0.088,Jio,13.0151399,29,80.2398911,-115.0,12:20,0.0
4G,0.088,Jio,13.0151399,29,80.2398911,-117.0,12:20,0.0
4G,0.088,Jio,13.0151399,29,80.2398911,-117.0,12:20,0.0
4G,0.088,Jio,13.0151399,29,80.2398911,-115.0,12:20,0.0
4G,0.088,Jio,13.0151399,29,80.2398911,-117.0,12:20,0.0
4G,0.088,Jio,13.0151399,29,80.2398911,-117.0,12:20,0.0
4G,0.088,Jio,13.0151399,29,80.2398911,-115.0,12:20,0.0
4G,0.088,Jio,13.0151399,29,80.2398911,-117.0,12:20,0.0
4G,0.088,Jio,13.0151399,29,80.2398911,-117.0,12:20,0.0
4G,0.088,Jio,13.0151399,29,80.2398911,-115.0,12:20,0.0
4G,0.088,Jio,13.0151399,29,80.2398911,-117.0,12:20,0.0
4G,0.088,Jio,13.0151399,29,80.2398911,-117.0,12:20,0.0
4G,0.088,Jio,13.0151399,29,80.2398911,-115.0,12:20,0.0
4G,0.088,Jio,13.0151399,29,80.2398911,-117.0,12:20,0.0
4G,0.088,Jio,13.0151399,29,80.2398911,-117.0,12:20,0.0
4G,0.088,Jio,13.0151399,29,80.2398911,-115.0,12:20,0.0
4G,0.088,Jio,13.0151399,29,80.2398911,-117.0,12:20,0.0
4G,0.088,Jio,13.0151399,29,80.2398911,-117.0,12:20,0.0
4G,0.088,Jio,13.0151399,29,80.2398911,-117.0,12:20,0.0
4G,0.0,Jio,13.015139,58,80.2398863,-124.0,12:43,0.0
4G,0.0,Jio,13.015139,58,80.2398863,-124.0,12:43,0.0
4G,0.0,Jio,13.015139,0,80.2398863,-121.0,12:43,0.0
4G,0.0,Jio,13.0151396,0,80.2398897,-124.0,12:44,0.0
4G,0.0,Jio,13.0151396,0,80.2398897,-124.0,12:44,0.0
4G,0.0,Jio,13.0151396,0,80.2398897,-124.0,12:44,0.0
4G,0.0,Jio,13.0151382,1540,80.2398859,-120.0,12:44,0.0
4G,0.0,Jio,13.0151396,0,80.2398897,-124.0,12:44,0.0
4G,0.0,Jio,13.0151382,0,80.2398859,-120.0,12:44,0.0
4G,0.0,Jio,13.0151382,0,80.2398859,-120.0,12:44,0.0
4G,0.0,Jio,13.0151371,0,80.23988,-124.0,12:44,0.0
4G,0.0,Jio,13.0151386,0,80.2398864,-124.0,12:44,0.0
4G,0.0,Jio,13.0151386,0,80.2398864,-124.0,12:44,0.0
4G,0.0,Jio,13.0151386,0,80.2398864,-124.0,12:44,0.0
4G,0.0,Jio,13.0151386,0,80.2398864,-123.0,12:44,0.0
4G,0.0,Jio,13.0151381,0,80.2398884,-127.0,12:45,0.0
4G,0.0,Jio,13.0151383,0,80.239886,-126.0,12:45,0.0
4G,0.0,Jio,13.0151387,0,80.2398875,-127.0,12:45,0.0
4G,0.0,Jio,13.0151387,0,80.2398875,-128.0,12:45,0.0
4G,0.0,Jio,13.0151396,0,80.2398895,-128.0,12:45,0.0
4G,0.0,Jio,13.0151396,0,80.2398895,-127.0,12:45,0.0
4G,0.0,Jio,13.0151395,0,80.2398829,-127.0,12:45,0.0
4G,0.0,Jio,13.0151383,0,80.239886,-126.0,12:45,0.0
4G,0.0,Jio,13.0151386,0,80.2398857,-110.0,12:45,0.0
4G,0.0,Jio,13.0151409,0,80.2398869,-110.0,12:45,0.0
4G,0.0,Jio,13.0151381,0,80.2398776,-112.0,12:45,0.0
4G,0.0,Jio,13.0151393,0,80.2398873,-128.0,12:46,0.0
4G,0.0,Jio,13.0151383,0,80.239886,-126.0,12:45,0.0
4G,0.0,Jio,13.0151387,0,80.2398875,-127.0,12:45,0.0
4G,0.0,Jio,13.0151386,0,80.2398874,-128.0,12:46,0.0
4G,0.0,Jio,13.0151386,0,80.2398874,-128.0,12:46,0.0
4G,0.0,Jio,13.0151386,0,80.2398874,-128.0,12:46,0.0
4G,0.0,Jio,13.0151383,0,80.239886,-126.0,12:45,0.0
4G,0.0,Jio,13.0151387,0,80.2398875,-127.0,12:45,0.0
4G,0.0,Jio,13.0151387,0,80.2398875,-128.0,12:45,0.0
4G,0.0,Jio,13.0151386,0,80.2398874,-115.0,12:46,0.0
4G,0.0,Jio,13.0151386,0,80.2398874,-115.0,12:46,0.0
4G,0.0,Jio,13.0151386,0,80.2398874,-115.0,12:46,0.0
4G,0.0,Jio,13.0151386,0,80.2398874,-115.0,12:46,0.0
4G,0.0,Jio,13.015139,0,80.2398877,-115.0,12:46,0.0
4G,0.0,Jio,13.0151383,0,80.239886,-126.0,12:45,0.0
4G,0.0,Jio,13.0151387,0,80.2398875,-127.0,12:45,0.0
4G,0.0,Jio,13.0151387,0,80.2398875,-128.0,12:45,0.0
4G,0.0,Jio,13.0151396,0,80.2398895,-128.0,12:45,0.0
4G,0.0,Jio,13.0151396,0,80.2398895,-127.0,12:45,0.0
4G,0.0,Jio,13.0151409,0,80.2398869,-110.0,12:45,0.0
4G,0.0,Jio,13.015139,28,80.2398877,-116.0,12:46,0.0
4G,0.0,Jio,13.015139,28,80.2398877,-116.0,12:46,0.0
4G,0.0,Jio,13.015139,28,80.2398877,-116.0,12:46,0.0
4G,0.0,Jio,13.015139,28,80.2398877,-116.0,12:46,0.0
4G,0.0,Jio,13.015139,28,80.2398877,-116.0,12:46,0.0
4G,0.0,Jio,13.015139,28,80.2398877,-116.0,12:46,0.0
4G,0.0,Jio,13.015139,28,80.2398877,-116.0,12:46,0.0
4G,0.0,Jio,13.015139,28,80.2398877,-116.0,12:46,0.0
4G,0.0,Jio,13.015139,28,80.2398877,-116.0,12:46,0.0
4G,0.0,Jio,13.015139,0,80.2398877,-125.0,12:46,0.0
4G,0.0,Jio,13.015139,28,80.2398877,-116.0,12:46,0.0
4G,0.0,Jio,13.015139,0,80.2398877,-125.0,12:46,0.0
4G,0.0,Jio,13.015139,28,80.2398877,-116.0,12:46,0.0
4G,0.0,Jio,13.015139,0,80.2398877,-125.0,12:46,0.0
4G,0.0,Jio,13.015139,28,80.2398877,-116.0,12:46,0.0
4G,0.0,Jio,13.015139,0,80.2398877,-125.0,12:46,0.0
4G,0.0,Jio,13.015139,28,80.2398877,-116.0,12:46,0.0
4G,0.0,Jio,13.015139,0,80.2398877,-125.0,12:46,0.0
4G,0.0,Jio,13.015139,28,80.2398877,-116.0,12:46,0.0
4G,0.0,Jio,13.015139,0,80.2398877,-125.0,12:46,0.0
4G,0.0,Jio,13.0151383,0,80.239886,-126.0,12:45,0.0
4G,0.0,Jio,13.0151387,0,80.2398875,-127.0,12:45,0.0
4G,0.0,Jio,13.0151387,0,80.2398875,-128.0,12:45,0.0
4G,0.0,Jio,13.0151396,0,80.2398895,-128.0,12:45,0.0
4G,0.0,Jio,13.0151383,37,80.2398851,-114.0,12:46,0.0
4G,0.0,Jio,13.0151383,37,80.2398851,-114.0,12:46,0.0
4G,0.0,Jio,13.0151383,37,80.2398851,-114.0,12:46,0.0
4G,0.0,Jio,13.0151383,37,80.2398851,-114.0,12:46,0.0
4G,0.0,Jio,13.0151383,0,80.2398851,-114.0,12:46,0.0
4G,0.0,Jio,13.0151383,37,80.2398851,-115.0,12:46,0.0
4G,0.0,Jio,13.0151383,37,80.2398851,-115.0,12:46,0.0
4G,0.0,Jio,13.0151393,37,80.2398841,-116.0,12:46,0.0
4G,0.0,Jio,13.0151386,0,80.2398864,-123.0,12:44,0.0
4G,0.0,Jio,13.0151393,37,80.2398841,-111.0,12:46,0.0
4G,0.0,Jio,13.0151393,37,80.2398841,-111.0,12:46,0.0
4G,0.0,Jio,13.0151393,29,80.2398841,-115.0,12:46,0.0
4G,0.0,Jio,13.0151393,37,80.2398841,-111.0,12:46,0.0
4G,0.0,Jio,13.0151393,29,80.2398841,-115.0,12:46,0.0
4G,0.0,Jio,13.0151393,37,80.2398841,-111.0,12:46,0.0
4G,0.0,Jio,13.0151393,29,80.2398841,-115.0,12:46,0.0
4G,0.0,Jio,13.0151393,37,80.2398841,-111.0,12:46,0.0
4G,0.0,Jio,13.0151393,29,80.2398841,-115.0,12:46,0.0
4G,0.0,Jio,13.0151393,22,80.2398841,-109.0,12:46,0.0
4G,0.0,Jio,13.0151393,22,80.2398841,-109.0,12:46,0.0
4G,0.0,Jio,13.0151393,22,80.2398841,-109.0,12:46,0.0
4G,0.0,Jio,13.0151386,0,80.2398864,-123.0,12:44,0.0
4G,0.0,Jio,13.0151386,0,80.2398864,-123.0,12:44,0.0
4G,0.0,Jio,13.0151386,0,80.2398864,-123.0,12:44,0.0
4G,0.0,Jio,13.0151386,0,80.2398864,-123.0,12:44,0.0
4G,0.0,Jio,13.0151386,0,80.2398864,-123.0,12:44,0.0
4G,0.0,Jio,13.015139,58,80.2398863,-124.0,12:43,0.0
4G,0.0,Jio,13.015139,0,80.2398863,-121.0,12:43,0.0
4G,0.0,Jio,13.015139,0,80.2398863,-121.0,12:44,0.0
4G,0.0,Jio,13.0151393,28,80.2398841,-116.0,12:47,0.0
4G,6.8420000076293945,Airtel,13.014986,19,80.2399287,-114.0,08:03,1.5169999599456787
4G,6.8420000076293945,Airtel,13.014986,19,80.2399287,-114.0,08:03,1.5169999599456787
4G,6.8420000076293945,Airtel,13.014986,19,80.2399287,-114.0,08:03,1.5169999599456787
4G,6.8420000076293945,Airtel,13.014986,19,80.2399287,-114.0,08:03,1.5169999599456787
4G,6.8420000076293945,Airtel,13.014986,19,80.2399287,-114.0,08:03,1.5169999599456787
4G,6.8420000076293945,Airtel,13.014986,19,80.2399287,-114.0,08:03,1.5169999599456787
4G,6.8420000076293945,Airtel,13.014986,19,80.2399287,-114.0,08:03,1.5169999599456787
4G,6.8420000076293945,Airtel,13.014986,19,80.2399287,-114.0,08:03,1.5169999599456787
4G,1.6109999418258667,Airtel,13.015124,40,80.2398552,-111.0,08:12,0.3580000102519989
4G,1.9919999837875368,Airtel,13.0151237,40,80.239854,-112.0,08:13,0.1230000033974647
4G,1.9919999837875368,Airtel,13.0151237,40,80.239854,-112.0,08:13,0.1230000033974647
4G,1.878999948501587,Airtel,13.0151227,25,80.239851,-113.0,08:13,0.1949999928474426
4G,1.878999948501587,Airtel,13.0151227,25,80.239851,-113.0,08:13,0.1949999928474426
4G,1.878999948501587,Airtel,13.0151227,25,80.239851,-113.0,08:13,0.1949999928474426
4G,1.878999948501587,Airtel,13.0151227,25,80.239851,-113.0,08:13,0.1949999928474426
5G,6.320000171661377,Airtel,13.0151233,26,80.239854,-114.0,08:14,0.6710000038146973
5G,6.320000171661377,Airtel,13.0151233,26,80.239854,-114.0,08:14,0.6710000038146973
5G,8.031000137329102,Airtel,13.0152631,16,80.239875,-113.0,08:17,0.6259999871253967
5G,8.031000137329102,Airtel,13.0152631,16,80.239875,-113.0,08:17,0.6259999871253967
5G,9.336000442504885,Airtel,13.0152909,22,80.2399276,-114.0,08:18,0.7419999837875366
5G,9.949000358581545,Airtel,13.0152932,22,80.2399483,-113.0,08:18,0.6980000138282776
5G,12.053999900817873,Airtel,13.0152618,25,80.2399827,-113.0,08:19,0.7689999938011169
5G,7.447000026702881,Airtel,13.0152246,27,80.23998,-110.0,08:20,1.412999987602234
5G,10.053999900817873,Airtel,13.0151238,21,80.2398539,-112.0,08:26,2.371000051498413
5G,10.189000129699709,Airtel,13.0151233,28,80.2398489,-113.0,08:27,2.6080000400543213
5G,10.256999969482422,Airtel,13.0151206,22,80.2398497,-113.0,08:27,1.878999948501587
5G,10.781000137329102,Airtel,13.0151239,22,80.2398491,-114.0,08:28,1.9279999732971191
5G,9.633999824523926,Airtel,13.0151198,22,80.2398495,-114.0,08:28,1.7730000019073486
5G,4.053999900817871,Airtel,13.0154108,27,80.239842,-111.0,10:33,1.315000057220459
5G,3.608999967575073,Airtel,13.0155955,18,80.2400327,-112.0,10:34,1.0420000553131104
5G,2.380000114440918,Airtel,13.0151663,23,80.2398372,-111.0,10:35,1.2519999742507937
5G,2.5450000762939453,Airtel,13.0150968,18,80.2400714,-112.0,10:35,1.4079999923706057
5G,3.940999984741211,Airtel,13.01524,19,80.239745,-110.0,10:35,1.0549999475479126
5G,3.940999984741211,Airtel,13.01524,19,80.239745,-110.0,10:37,1.0549999475479126
5G,3.33899998664856,Airtel,13.0152267,22,80.2399383,-109.0,10:39,0.6510000228881836
5G,3.33899998664856,Airtel,13.0152267,22,80.2399383,-110.0,10:43,0.6510000228881836
5G,4.140999794006348,Airtel,13.0151236,20,80.2398563,-111.0,10:50,2.509000062942505
5G,1.4010000228881836,Airtel,13.0151117,27,80.239825,-112.0,10:59,2.6070001125335693
5G,6.716000080108643,Airtel,13.0152094,21,80.2398967,-113.0,11:25,1.8760000467300413
5G,6.135000228881836,Airtel,13.0152257,26,80.2397623,-110.0,11:25,2.555000066757202
5G,1.6360000371932983,Airtel,13.0150479,29,80.239948,-109.0,11:26,2.816999912261963
5G,23.097000122070312,Airtel,13.0149281,13,80.2384948,-102.0,12:15,0.3319999873638153
5G,9.572999954223633,Airtel,13.0151114,23,80.2382246,-97.0,12:16,0.3120000064373016
4G,11.14799976348877,Airtel,13.0152824,17,80.2380675,-86.0,12:16,0.3849999904632568
4G,23.42799949645996,Airtel,13.0154244,25,80.2379587,-99.0,12:17,0.7039999961853027
4G,1.225000023841858,Airtel,13.0152783,36,80.2379917,-99.0,12:28,1.319000005722046
4G,1.2389999628067017,Airtel,13.0153767,43,80.2379184,-99.0,12:29,1.3240000009536743
4G,1.7319999933242798,Airtel,13.0150315,23,80.2388156,-104.0,12:38,1.1660000085830688
5G,5.53000020980835,Airtel,13.0151081,27,80.2398147,-108.0,14:06,0.7710000276565552
5G,4.13100004196167,Airtel,13.0151164,17,80.2398361,-109.0,14:06,0.6179999709129333
5G,4.254000186920166,Airtel,13.0150931,21,80.2398467,-111.0,14:07,1.7000000476837158
5G,5.876999855041504,Airtel,13.0151118,16,80.2399155,-108.0,14:07,3.757999897003174
5G,5.538000106811523,Airtel,13.0151258,30,80.2399055,-108.0,14:08,3.447000026702881
5G,1.690999984741211,Airtel,13.0151317,20,80.23987,-112.0,14:09,2.9230000972747803
5G,1.850000023841858,Airtel,13.015045,25,80.2399983,-111.0,14:10,3.3499999046325684
5G,1.850000023841858,Airtel,13.015045,25,80.2399983,-110.0,14:10,3.3499999046325684
5G,1.850000023841858,Airtel,13.015045,25,80.2399983,-118.0,14:10,3.3499999046325684
5G,1.9980000257492063,Airtel,13.0151213,23,80.2398503,-118.0,14:15,1.3580000400543213
5G,5.991000175476074,Airtel,13.0150848,19,80.23981,-107.0,14:16,0.4869999885559082
5G,4.603000164031982,Airtel,13.0149933,29,80.2397117,-107.0,14:16,0.4560000002384186
5G,7.620999813079834,Airtel,13.0151233,14,80.2399483,-112.0,14:17,0.3650000095367431
5G,3.6579999923706055,Airtel,13.0151067,31,80.2398983,-111.0,14:17,0.546999990940094
5G,8.902000427246094,Airtel,13.0151118,24,80.2398967,-107.0,14:18,0.6650000214576721
4G,6.324999809265137,Jio,13.0151359,49,80.2398826,-128.0,22:51,0.460999995470047
4G,3.0840001106262207,Jio,13.0151366,35,80.2398851,-129.0,22:53,0.3510000109672546
WIFI,1.5460000038146973,Other,13.0151222,45,80.2398524,-127.0,22:53,0.1099999994039535
4G,1.8630000352859497,Jio,13.0151275,48,80.2398626,-128.0,22:54,0.5070000290870667
4G,1.5099999904632568,Jio,13.0151241,45,80.2398567,-112.0,22:55,0.1169999986886978
5G,332.00299072265625,Airtel,13.0127717,9,80.23653,-104.0,11:57,6.27400016784668
5G,312.9419860839844,Airtel,13.0127448,8,80.2365782,-104.0,11:58,7.723999977111816
5G,205.63499450683597,Airtel,13.0127517,13,80.23662,-82.0,12:17,6.263999938964844
5G,161.15499877929688,Airtel,13.01275,14,80.236645,-81.0,12:18,5.013999938964844
5G,291.4519958496094,Airtel,13.0127633,11,80.2366533,-81.0,12:18,5.2129998207092285
5G,211.4900054931641,Airtel,13.012725,13,80.2365967,-80.0,12:24,3.135999917984009
5G,264.9779968261719,Airtel,13.01282,14,80.2366961,-81.0,12:32,3.242000102996826
4G,14.9350004196167,Jio,13.0112792,40,80.2368364,-100.0,12:36,1.125
5G,267.7300109863281,Airtel,13.0128567,14,80.2366751,-82.0,12:40,2.4539999961853027
5G,308.81500244140625,Airtel,13.01273,8,80.2366883,-81.0,12:40,3.3329999446868896
5G,275.8139953613281,Airtel,13.0127333,11,80.2366617,-81.0,12:41,3.2320001125335693
5G,241.28599548339844,Airtel,13.0127317,11,80.2366883,-83.0,12:41,3.236000061035156
5G,326.31500244140625,Airtel,13.0127267,9,80.23671,-81.0,12:42,3.443000078201294
5G,265.7640075683594,Airtel,13.0127217,11,80.2366883,-108.0,12:42,2.6080000400543213
5G,319.2659912109375,Airtel,13.0127132,10,80.2366499,-108.0,12:43,5.316999912261963
5G,294.64599609375,Airtel,13.013205,19,80.2363783,-84.0,13:37,2.4049999713897705
WIFI,24.76000022888184,Other,13.0110184,77,80.235544,-111.0,13:55,2.5199999809265137
WIFI,29.30699920654297,Other,13.0110067,71,80.235595,-108.0,13:56,5.613999843597412
WIFI,29.30699920654297,Other,13.0110067,71,80.235595,-109.0,13:56,5.613999843597412
WIFI,11.56700038909912,Other,13.0110067,100,80.235595,-110.0,13:57,14.178999900817873
WIFI,11.56700038909912,Other,13.0110067,100,80.235595,-107.0,13:57,14.178999900817873
WIFI,21.23500061035156,Other,13.0110528,55,80.2355229,-108.0,13:58,11.255999565124512
WIFI,21.23500061035156,Other,13.0110528,55,80.2355229,-106.0,13:58,11.255999565124512
WIFI,21.23500061035156,Other,13.0110528,55,80.2355229,-106.0,13:58,11.255999565124512
WIFI,21.93400001525879,Other,13.0109917,96,80.2355367,-112.0,14:03,6.651000022888184
WIFI,21.93400001525879,Other,13.0109917,96,80.2355367,-112.0,14:03,6.651000022888184
WIFI,3.421999931335449,Other,13.0109683,11,80.2355,-111.0,14:04,4.921999931335449
WIFI,30.229999542236328,Other,13.0111267,60,80.2356117,-112.0,14:53,3.200000047683716
WIFI,30.229999542236328,Other,13.0111267,60,80.2356149,-112.0,14:53,3.200000047683716
WIFI,30.229999542236328,Other,13.0111267,60,80.2356149,-115.0,14:53,3.200000047683716
WIFI,27.940000534057617,Other,13.011075,64,80.2357167,-118.0,14:55,31.68600082397461
WIFI,27.940000534057617,Other,13.011075,64,80.2357167,-118.0,14:55,31.68600082397461
WIFI,27.940000534057617,Other,13.0111145,64,80.2357291,-118.0,14:55,31.68600082397461
WIFI,29.638999938964844,Other,13.0110833,79,80.2355267,-100.0,14:57,30.069000244140625
WIFI,29.834999084472656,Other,13.0110386,73,80.2352609,-114.0,14:57,23.492000579833984
WIFI,29.834999084472656,Other,13.0110386,73,80.2352609,-114.0,14:57,23.492000579833984
WIFI,29.834999084472656,Other,13.0110529,73,80.235245,-114.0,14:57,23.492000579833984
WIFI,31.024999618530277,Other,13.0110323,77,80.2353686,-113.0,14:58,33.4900016784668
WIFI,31.024999618530277,Other,13.0110398,77,80.2353797,-113.0,14:58,33.4900016784668
WIFI,31.024999618530277,Other,13.011045,77,80.2354027,-113.0,14:58,33.4900016784668
WIFI,31.024999618530277,Other,13.011045,77,80.2354027,-113.0,14:58,33.4900016784668
WIFI,31.024999618530277,Other,13.011046,77,80.235416,-113.0,14:58,33.4900016784668
WIFI,31.024999618530277,Other,13.0110512,77,80.2354212,-113.0,14:58,33.4900016784668
WIFI,30.450000762939453,Other,13.0110164,68,80.2355691,-101.0,14:59,33.257999420166016
WIFI,30.450000762939453,Other,13.0110169,68,80.2355698,-101.0,14:59,33.257999420166016
WIFI,30.450000762939453,Other,13.0110174,68,80.2355717,-101.0,14:59,33.257999420166016
WIFI,30.450000762939453,Other,13.0110199,68,80.2355765,-101.0,14:59,33.257999420166016
WIFI,29.766000747680664,Other,13.0110283,67,80.2355767,-107.0,15:00,29.983999252319336
WIFI,29.97100067138672,Other,13.0110293,90,80.2355478,-104.0,15:01,30.06599998474121
WIFI,29.97100067138672,Other,13.0110254,90,80.2355391,-103.0,15:01,30.06599998474121
WIFI,29.97100067138672,Other,13.0110254,90,80.2355391,-103.0,15:01,30.06599998474121
WIFI,29.97100067138672,Other,13.0110205,90,80.2355734,-103.0,15:01,30.06599998474121
WIFI,29.97100067138672,Other,13.0115345,90,80.235686,-103.0,15:01,30.06599998474121
4G,3.934999942779541,Jio,13.010976,39,80.2382305,-119.0,15:19,0.3190000057220459
4G,3.934999942779541,Jio,13.0087226,39,80.2350938,-121.0,15:19,0.3190000057220459
4G,4.15399980545044,Jio,13.0107694,68,80.2356381,-116.0,15:20,0.2930000126361847
4G,4.15399980545044,Jio,13.0107653,68,80.2356373,-116.0,15:20,0.2930000126361847
4G,4.15399980545044,Jio,13.0107637,68,80.2356373,-116.0,15:20,0.2930000126361847
4G,4.15399980545044,Jio,13.0107597,68,80.2356321,-116.0,15:20,0.2930000126361847
4G,4.15399980545044,Jio,13.0107492,68,80.2356167,-116.0,15:20,0.2930000126361847
4G,5.142000198364258,Jio,13.0107747,35,80.2355317,-114.0,15:21,0.3129999935626983
4G,4.290999889373779,Jio,13.0111071,40,80.2355078,-114.0,15:21,0.625
4G,5.142000198364258,Jio,13.0108203,35,80.2355241,-114.0,15:21,0.3129999935626983
4G,4.290999889373779,Jio,13.0111013,40,80.2355012,-118.0,15:21,0.625
4G,4.290999889373779,Jio,13.0110967,40,80.235492,-107.0,15:21,0.625
4G,5.142000198364258,Jio,13.0108967,35,80.2355507,-114.0,15:21,0.3129999935626983
4G,4.290999889373779,Jio,13.0110968,40,80.2354769,-118.0,15:21,0.625
4G,4.290999889373779,Jio,13.0110964,40,80.2354623,-121.0,15:21,0.625
4G,4.291999816894531,Jio,13.0122767,52,80.2349865,-114.0,15:21,0.1889999955892563
4G,14.184000015258787,Jio,13.0112252,35,80.2353554,-123.0,15:21,0.4099999964237213
4G,4.291999816894531,Jio,13.0087226,52,80.2350938,-114.0,15:21,0.1889999955892563
4G,14.184000015258787,Jio,13.0112298,35,80.2353479,-122.0,15:21,0.4099999964237213
4G,14.184000015258787,Jio,13.0112314,35,80.2353462,-129.0,15:21,0.4099999964237213
4G,14.184000015258787,Jio,13.0112409,35,80.2353422,-129.0,15:21,0.4099999964237213
4G,14.184000015258787,Jio,13.0112431,35,80.2353442,-130.0,15:21,0.4099999964237213
4G,6.4710001945495605,Jio,13.0111359,44,80.2352669,-115.0,15:22,0.1689999997615814
4G,3.125999927520752,Jio,13.0126236,50,80.2347453,-118.0,15:22,0.2349999994039535
4G,6.4710001945495605,Jio,13.0111161,44,80.2353202,-120.0,15:22,0.1689999997615814
4G,6.4710001945495605,Jio,13.0111278,44,80.2353693,-130.0,15:22,0.1689999997615814
4G,6.4710001945495605,Jio,13.0111285,44,80.2353833,-130.0,15:22,0.1689999997615814
4G,3.125999927520752,Jio,13.0126236,50,80.2347453,-117.0,15:22,0.2349999994039535
4G,6.4710001945495605,Jio,13.0111348,44,80.2353861,-117.0,15:22,0.1689999997615814
4G,3.125999927520752,Jio,13.0108981,50,80.2353946,-117.0,15:22,0.2349999994039535
5G,317.385009765625,Airtel,13.0111122,33,80.2354911,-108.0,15:22,12.86400032043457
5G,317.385009765625,Airtel,13.0111106,33,80.2354989,-108.0,15:22,12.86400032043457
5G,317.385009765625,Airtel,13.0111061,33,80.2355057,-108.0,15:22,12.86400032043457
5G,317.385009765625,Airtel,13.0111042,33,80.2355077,-106.0,15:22,12.86400032043457
4G,4.105000019073486,Jio,13.0111528,47,80.2355512,-117.0,15:23,0.2870000004768371
4G,4.105000019073486,Jio,13.0111526,47,80.2355515,-117.0,15:23,0.2870000004768371
4G,4.105000019073486,Jio,13.0111785,47,80.2355981,-117.0,15:23,0.2870000004768371
4G,4.105000019073486,Jio,13.0111842,47,80.2356218,-117.0,15:23,0.2870000004768371
4G,4.105000019073486,Jio,13.0111856,47,80.2356471,-117.0,15:23,0.2870000004768371
5G,311.3510131835937,Airtel,13.0110223,12,80.2354799,-102.0,15:23,12.286999702453612
5G,311.3510131835937,Airtel,13.0110177,12,80.2354687,-102.0,15:23,12.286999702453612
5G,311.3510131835937,Airtel,13.0110177,12,80.2354687,-105.0,15:23,12.286999702453612
5G,311.3510131835937,Airtel,13.0110164,12,80.2354629,-105.0,15:23,12.286999702453612
4G,4.556000232696533,Jio,13.0111281,53,80.2354507,-117.0,15:23,0.123999997973442
4G,4.556000232696533,Jio,13.0111228,53,80.235447,-117.0,15:23,0.123999997973442
4G,4.556000232696533,Jio,13.0111229,53,80.2354421,-117.0,15:23,0.123999997973442
4G,4.556000232696533,Jio,13.0111358,53,80.2354386,-118.0,15:23,0.123999997973442
4G,17.816999435424805,Jio,13.0107364,37,80.2352758,-111.0,15:24,0.6830000281333923
4G,17.816999435424805,Jio,13.0107184,37,80.2352829,-111.0,15:24,0.6830000281333923
4G,17.816999435424805,Jio,13.0106909,37,80.2352668,-111.0,15:24,0.6830000281333923
4G,17.816999435424805,Jio,13.0106909,37,80.2352668,-111.0,15:24,0.6830000281333923
4G,17.816999435424805,Jio,13.0106812,37,80.2352603,-111.0,15:24,0.6830000281333923
4G,30.738000869750977,Jio,13.0107265,40,80.2350226,-110.0,15:25,1.932000041007996
4G,30.738000869750977,Jio,13.0107312,40,80.2350113,-110.0,15:25,1.932000041007996
4G,30.738000869750977,Jio,13.0107312,40,80.2350113,-110.0,15:25,1.932000041007996
4G,30.738000869750977,Jio,13.010726,40,80.2350126,-108.0,15:25,1.932000041007996
4G,30.738000869750977,Jio,13.0107263,40,80.2350115,-110.0,15:25,1.932000041007996
4G,14.286999702453612,Jio,13.0107125,37,80.234973,-104.0,15:25,0.4880000054836273
4G,14.286999702453612,Jio,13.0107147,37,80.2349669,-104.0,15:25,0.4880000054836273
4G,14.286999702453612,Jio,13.0107169,37,80.2349442,-104.0,15:26,0.4880000054836273
4G,14.286999702453612,Jio,13.0107189,37,80.2349347,-106.0,15:26,0.4880000054836273
4G,14.286999702453612,Jio,13.0107211,37,80.2349279,-104.0,15:26,0.4880000054836273
5G,342.7879943847656,Airtel,13.0107138,12,80.2347678,-96.0,15:26,43.52099990844727
5G,342.7879943847656,Airtel,13.0107282,12,80.2347357,-96.0,15:26,43.52099990844727
5G,342.7879943847656,Airtel,13.0107301,12,80.2347296,-96.0,15:26,43.52099990844727
5G,342.7879943847656,Airtel,13.0107312,12,80.2347246,-96.0,15:26,43.52099990844727
4G,49.85599899291992,Jio,13.0107523,30,80.2347296,-104.0,15:26,0.8659999966621399
4G,49.85599899291992,Jio,13.0107556,30,80.2347137,-104.0,15:26,0.8659999966621399
4G,49.85599899291992,Jio,13.0107556,30,80.2346968,-104.0,15:26,0.8659999966621399
4G,49.85599899291992,Jio,13.0107564,30,80.2346813,-104.0,15:26,0.8659999966621399
4G,49.85599899291992,Jio,13.0107679,30,80.2346899,-104.0,15:26,0.8659999966621399
5G,327.9630126953125,Airtel,13.0107003,9,80.2347275,-97.0,15:26,36.7599983215332
5G,327.9630126953125,Airtel,13.0107003,9,80.2347275,-99.0,15:26,36.7599983215332
5G,327.9630126953125,Airtel,13.0107083,9,80.2347365,-99.0,15:27,36.7599983215332
5G,327.9630126953125,Airtel,13.0107112,9,80.2347408,-99.0,15:27,36.7599983215332
4G,44.06700134277344,Jio,13.0107344,38,80.2346518,-106.0,15:27,3.0239999294281006
4G,44.06700134277344,Jio,13.0107304,38,80.234651,-102.0,15:28,3.0239999294281006
4G,44.06700134277344,Jio,13.0107369,38,80.2346518,-102.0,15:28,3.0239999294281006
4G,44.06700134277344,Jio,13.0107379,38,80.2346451,-106.0,15:28,3.0239999294281006
4G,44.06700134277344,Jio,13.0107359,38,80.2346305,-106.0,15:28,3.0239999294281006
5G,357.3630065917969,Airtel,13.0107352,9,80.2346504,-99.0,15:28,42.09600067138672
4G,49.87699890136719,Jio,13.0107474,30,80.2346823,-105.0,15:29,3.549999952316284
4G,49.87699890136719,Jio,13.0107411,30,80.2346796,-105.0,15:29,3.549999952316284
4G,49.87699890136719,Jio,13.0107764,30,80.2346807,-105.0,15:29,3.549999952316284
4G,49.87699890136719,Jio,13.0107722,30,80.2346786,-105.0,15:29,3.549999952316284
4G,49.87699890136719,Jio,13.0107701,30,80.2346795,-105.0,15:29,3.549999952316284
4G,45.80199813842773,Jio,13.0111885,39,80.2343928,-103.0,15:29,2.8580000400543213
4G,45.80199813842773,Jio,13.0107952,39,80.2346359,-103.0,15:29,2.8580000400543213
4G,45.80199813842773,Jio,13.0107952,39,80.2346359,-103.0,15:29,2.8580000400543213
4G,45.80199813842773,Jio,13.0108145,39,80.2346904,-103.0,15:29,2.8580000400543213
4G,43.68299865722656,Jio,13.0108196,40,80.2347108,-101.0,15:30,4.21999979019165
4G,43.68299865722656,Jio,13.0108181,40,80.2346991,-101.0,15:30,4.21999979019165
4G,43.68299865722656,Jio,13.0108154,40,80.2346961,-102.0,15:30,4.21999979019165
4G,47.790000915527344,Jio,13.010816,38,80.2346726,-100.0,15:31,5.684000015258789
4G,47.790000915527344,Jio,13.0108136,38,80.2346714,-100.0,15:31,5.684000015258789
4G,47.790000915527344,Jio,13.0108067,38,80.234676,-100.0,15:31,5.684000015258789
4G,47.790000915527344,Jio,13.0108067,38,80.234676,-99.0,15:31,5.684000015258789
4G,47.790000915527344,Jio,13.0108222,38,80.2346226,-98.0,15:31,5.684000015258789
4G,47.790000915527344,Jio,13.0108291,38,80.2346021,-98.0,15:31,5.684000015258789
4G,38.34000015258789,Jio,13.0112416,42,80.2345666,-107.0,15:32,4.185999870300293
4G,481.81298828125,Jio,13.0108533,28,80.2345483,-100.0,15:32,4.425000190734863
4G,38.34000015258789,Jio,13.0112535,42,80.234572,-107.0,15:32,4.185999870300293
4G,481.81298828125,Jio,13.0108931,28,80.2345567,-100.0,15:32,4.425000190734863
4G,481.81298828125,Jio,13.0108944,28,80.2345567,-100.0,15:33,4.425000190734863
4G,38.34000015258789,Jio,13.0112785,42,80.2345815,-111.0,15:32,4.185999870300293
4G,38.34000015258789,Jio,13.0112785,42,80.2345815,-112.0,15:32,4.185999870300293
4G,481.81298828125,Jio,13.0109314,28,80.2344478,-100.0,15:33,4.425000190734863
4G,38.34000015258789,Jio,13.0112568,42,80.234582,-112.0,15:33,4.185999870300293
4G,38.34000015258789,Jio,13.0112561,42,80.2345814,-112.0,15:33,4.185999870300293
4G,38.34000015258789,Jio,13.0112567,42,80.2345822,-112.0,15:33,4.185999870300293
4G,38.34000015258789,Jio,13.0112618,42,80.2345808,-112.0,15:33,4.185999870300293
5G,336.7890014648437,Airtel,13.0113141,15,80.2345569,-87.0,15:33,51.874000549316406
4G,34.90599822998047,Jio,13.0110681,38,80.2344961,-100.0,15:34,4.453999996185303
4G,34.90599822998047,Jio,13.0111072,38,80.2345194,-100.0,15:34,4.453999996185303
4G,34.90599822998047,Jio,13.0111179,38,80.2345232,-100.0,15:34,4.453999996185303
4G,34.90599822998047,Jio,13.0111499,38,80.2345372,-100.0,15:34,4.453999996185303
4G,34.90599822998047,Jio,13.0111728,38,80.2345486,-100.0,15:34,4.453999996185303
5G,328.4070129394531,Airtel,13.0113913,15,80.2345988,-85.0,15:34,38.13999938964844
5G,328.4070129394531,Airtel,13.0113835,15,80.2346092,-88.0,15:34,38.13999938964844
5G,328.4070129394531,Airtel,13.0113782,15,80.2346036,-88.0,15:34,38.13999938964844
4G,18.68099975585937,Jio,13.0113862,37,80.2345416,-112.0,15:34,2.118000030517578
4G,18.56999969482422,Jio,13.0113,39,80.2345383,-95.0,15:35,2.9170000553131104
4G,18.68099975585937,Jio,13.0113803,37,80.2345384,-112.0,15:35,2.118000030517578
4G,18.68099975585937,Jio,13.0113757,37,80.2345399,-105.0,15:35,2.118000030517578
4G,18.68099975585937,Jio,13.0113496,37,80.2345445,-105.0,15:35,2.118000030517578
4G,18.68099975585937,Jio,13.0113368,37,80.2345443,-112.0,15:35,2.118000030517578
4G,20.95499992370605,Jio,13.0111229,30,80.2345385,-101.0,15:35,4.798999786376953
4G,19.97599983215332,Jio,13.0111882,37,80.2344816,-95.0,15:35,4.861000061035156
4G,20.95499992370605,Jio,13.0111137,30,80.2345363,-101.0,15:35,4.798999786376953
4G,19.97599983215332,Jio,13.0111912,37,80.2344899,-95.0,15:35,4.861000061035156
4G,20.95499992370605,Jio,13.0110942,30,80.2345303,-101.0,15:35,4.798999786376953
4G,19.97599983215332,Jio,13.0111815,37,80.2345036,-95.0,15:35,4.861000061035156
4G,20.95499992370605,Jio,13.0110843,30,80.2345253,-100.0,15:35,4.798999786376953
4G,19.97599983215332,Jio,13.0111845,37,80.2344995,-95.0,15:35,4.861000061035156
4G,20.95499992370605,Jio,13.0110691,30,80.2345195,-100.0,15:35,4.798999786376953
4G,19.97599983215332,Jio,13.0111837,37,80.2344947,-95.0,15:35,4.861000061035156
4G,28.55699920654297,Jio,13.0109938,37,80.2344948,-101.0,15:36,3.5480000972747803
4G,22.718000411987305,Jio,13.0110449,40,80.2345092,-95.0,15:36,3.6540000438690186
4G,22.718000411987305,Jio,13.0110482,40,80.2345086,-95.0,15:36,3.6540000438690186
4G,22.718000411987305,Jio,13.0110552,40,80.2345069,-95.0,15:36,3.6540000438690186
4G,22.718000411987305,Jio,13.011057,40,80.2345058,-95.0,15:36,3.6540000438690186
4G,22.718000411987305,Jio,13.0110782,40,80.2345017,-95.0,15:36,3.6540000438690186
4G,22.718000411987305,Jio,13.0110773,40,80.2345008,-95.0,15:36,3.6540000438690186
4G,22.718000411987305,Jio,13.0110769,40,80.2345003,-95.0,15:36,3.6540000438690186
4G,20.65900039672852,Jio,13.0110964,38,80.2345785,-103.0,15:36,4.27400016784668
4G,20.65900039672852,Jio,13.0111143,38,80.2345939,-103.0,15:36,4.27400016784668
4G,20.65900039672852,Jio,13.0111198,38,80.2346102,-103.0,15:36,4.27400016784668
4G,20.65900039672852,Jio,13.0111455,38,80.2345963,-103.0,15:36,4.27400016784668
4G,20.65900039672852,Jio,13.0111591,38,80.2346148,-104.0,15:36,4.27400016784668
4G,24.875999450683597,Jio,13.0111739,37,80.2340482,-95.0,15:37,2.311000108718872
4G,23.839000701904297,Jio,13.0114014,37,80.2345382,-114.0,15:37,1.097000002861023
4G,23.839000701904297,Jio,13.0113953,37,80.2345189,-114.0,15:37,1.097000002861023
4G,23.839000701904297,Jio,13.0113862,37,80.2345139,-115.0,15:37,1.097000002861023
4G,23.839000701904297,Jio,13.0113778,37,80.2345245,-117.0,15:37,1.097000002861023
4G,23.839000701904297,Jio,13.0113789,37,80.2345315,-117.0,15:37,1.097000002861023
4G,24.875999450683597,Jio,13.0110675,37,80.2344883,-95.0,15:37,2.311000108718872
4G,24.875999450683597,Jio,13.011166,37,80.2344123,-95.0,15:37,2.311000108718872
4G,17.961000442504883,Jio,13.011391,37,80.2344821,-117.0,15:38,1.1469999551773071
4G,17.961000442504883,Jio,13.011387,37,80.234463,-114.0,15:38,1.1469999551773071
4G,17.961000442504883,Jio,13.0113793,37,80.2344615,-114.0,15:38,1.1469999551773071
4G,17.961000442504883,Jio,13.0113679,37,80.234457,-114.0,15:38,1.1469999551773071
4G,17.961000442504883,Jio,13.0113521,37,80.2344522,-113.0,15:38,1.1469999551773071
5G,345.7869873046875,Airtel,13.0113106,9,80.2345474,-89.0,15:38,38.11299896240234
5G,345.7869873046875,Airtel,13.0113106,9,80.2345474,-89.0,15:38,38.11299896240234
4G,14.246999740600586,Jio,13.0113187,37,80.2344689,-95.0,15:38,2.088000059127808
5G,345.7869873046875,Airtel,13.0113267,9,80.2345229,-90.0,15:38,38.11299896240234
5G,345.7869873046875,Airtel,13.0113129,9,80.2345187,-87.0,15:38,38.11299896240234
5G,345.7869873046875,Airtel,13.0113084,9,80.2345256,-87.0,15:38,38.11299896240234
4G,18.520000457763672,Jio,13.0113424,37,80.23447,-115.0,15:38,1.5269999504089355
4G,18.520000457763672,Jio,13.0113542,37,80.2344636,-115.0,15:38,1.5269999504089355
4G,18.520000457763672,Jio,13.011361,37,80.2344505,-115.0,15:38,1.5269999504089355
5G,315.0889892578125,Airtel,13.0113523,10,80.2345544,-94.0,15:38,45.095001220703125
4G,18.520000457763672,Jio,13.011366,37,80.2344403,-115.0,15:38,1.5269999504089355
4G,14.246999740600586,Jio,13.011322,37,80.234463,-95.0,15:38,2.088000059127808
4G,18.520000457763672,Jio,13.0113765,37,80.2344354,-115.0,15:38,1.5269999504089355
4G,14.383000373840332,Jio,13.0114269,36,80.2346041,-107.0,15:39,3.0290000438690186
4G,14.383000373840332,Jio,13.0114327,36,80.2345995,-109.0,15:39,3.0290000438690186
4G,18.045000076293945,Jio,13.0114393,41,80.2345721,-95.0,15:39,4.235000133514404
4G,18.045000076293945,Jio,13.01145,41,80.234585,-95.0,15:41,4.235000133514404
4G,18.045000076293945,Jio,13.011229,41,80.2350602,-95.0,15:41,4.235000133514404
5G,338.32000732421875,Airtel,13.011356,9,80.2344876,-85.0,15:43,36.13399887084961
5G,338.32000732421875,Airtel,13.0113794,9,80.2344686,-85.0,15:43,36.13399887084961
5G,338.32000732421875,Airtel,13.0113867,9,80.234462,-85.0,15:43,36.13399887084961
5G,338.32000732421875,Airtel,13.0114086,9,80.2344577,-88.0,15:43,36.13399887084961
5G,338.32000732421875,Airtel,13.0113968,9,80.2345017,-88.0,15:43,36.13399887084961
4G,26.475000381469727,Jio,13.0113976,38,80.2345104,-95.0,15:43,2.9749999046325684
4G,26.475000381469727,Jio,13.0114624,38,80.2345393,-95.0,15:43,2.9749999046325684
4G,26.475000381469727,Jio,13.0115161,38,80.2345685,-95.0,15:43,2.9749999046325684
4G,26.475000381469727,Jio,13.0115291,38,80.2345742,-95.0,15:43,2.9749999046325684
4G,26.475000381469727,Jio,13.0115293,38,80.2345741,-95.0,15:43,2.9749999046325684
5G,329.87799072265625,Airtel,13.0115613,10,80.2345555,-86.0,15:43,50.1609992980957
5G,329.87799072265625,Airtel,13.0115685,10,80.2345539,-86.0,15:43,50.1609992980957
5G,329.87799072265625,Airtel,13.0115825,10,80.2345501,-86.0,15:43,50.1609992980957
4G,26.900999069213867,Jio,13.011582,30,80.2346187,-95.0,15:44,3.3989999294281006
4G,26.900999069213867,Jio,13.0115901,30,80.2346192,-95.0,15:44,3.3989999294281006
4G,26.900999069213867,Jio,13.0116517,30,80.234705,-95.0,15:44,3.3989999294281006
4G,14.741000175476074,Jio,13.0115719,39,80.234886,-110.0,15:44,0.9120000004768372
4G,14.741000175476074,Jio,13.0115695,39,80.2349041,-109.0,15:44,0.9120000004768372
4G,26.900999069213867,Jio,13.0116486,30,80.2347029,-95.0,15:44,3.3989999294281006
4G,14.741000175476074,Jio,13.01157,39,80.2349126,-113.0,15:44,0.9120000004768372
4G,14.741000175476074,Jio,13.0115691,39,80.2349201,-116.0,15:44,0.9120000004768372
4G,14.741000175476074,Jio,13.0115695,39,80.2349409,-116.0,15:45,0.9120000004768372
4G,1.8350000381469729,Jio,13.0115248,39,80.2351231,-102.0,15:45,0.0649999976158142
4G,1.8350000381469729,Jio,13.0115211,39,80.2351222,-113.0,15:45,0.0649999976158142
4G,1.8350000381469729,Jio,13.0114963,39,80.2351411,-113.0,15:45,0.0649999976158142
4G,1.8350000381469729,Jio,13.0115037,39,80.2351412,-121.0,15:45,0.0649999976158142
4G,1.8350000381469729,Jio,13.0115037,39,80.2351412,-117.0,15:45,0.0649999976158142
4G,1.8350000381469729,Jio,13.0115233,39,80.2351294,-117.0,15:45,0.0649999976158142
4G,1.8350000381469729,Jio,13.0115233,39,80.2351294,-108.0,15:45,0.0649999976158142
4G,14.4350004196167,Jio,13.0115922,36,80.2349367,-112.0,15:46,0.4880000054836273
4G,14.4350004196167,Jio,13.0115975,36,80.2349199,-112.0,15:46,0.4880000054836273
4G,14.4350004196167,Jio,13.0115968,36,80.2349012,-112.0,15:46,0.4880000054836273
4G,14.4350004196167,Jio,13.0116025,36,80.234883,-112.0,15:46,0.4880000054836273
4G,14.4350004196167,Jio,13.0116074,36,80.2348699,-112.0,15:46,0.4880000054836273
4G,12.934000015258787,Jio,13.0116084,40,80.2348451,-95.0,15:46,2.559999942779541
4G,12.934000015258787,Jio,13.0116116,40,80.2348403,-95.0,15:46,2.559999942779541
4G,12.934000015258787,Jio,13.0116077,40,80.234843,-95.0,15:46,2.559999942779541
4G,12.934000015258787,Jio,13.0116103,40,80.2348369,-95.0,15:46,2.559999942779541
4G,12.934000015258787,Jio,13.0116149,40,80.2348257,-95.0,15:46,2.559999942779541
4G,20.881999969482425,Jio,13.011622,31,80.2348131,-95.0,15:47,1.4170000553131104
4G,20.881999969482425,Jio,13.0116191,31,80.2348131,-95.0,15:47,1.4170000553131104
4G,20.881999969482425,Jio,13.0116211,31,80.2348167,-95.0,15:47,1.4170000553131104
4G,16.742000579833984,Jio,13.0116679,31,80.2344706,-113.0,15:47,1.940999984741211
4G,16.742000579833984,Jio,13.0116655,31,80.2348697,-113.0,15:47,1.940999984741211
4G,16.742000579833984,Jio,13.0116655,31,80.2348697,-99.0,15:47,1.940999984741211
4G,16.742000579833984,Jio,13.0116655,31,80.2348697,-99.0,15:47,1.940999984741211
4G,16.742000579833984,Jio,13.0116655,31,80.2348697,-116.0,15:47,1.940999984741211
4G,16.742000579833984,Jio,13.0115959,31,80.234957,-116.0,15:47,1.940999984741211
4G,20.881999969482425,Jio,13.0116186,31,80.2348221,-95.0,15:47,1.4170000553131104
4G,20.881999969482425,Jio,13.0116093,31,80.2349995,-95.0,15:47,1.4170000553131104
4G,20.881999969482425,Jio,13.0116093,31,80.2349995,-95.0,15:47,1.4170000553131104
4G,20.881999969482425,Jio,13.0116096,31,80.2350202,-95.0,15:47,1.4170000553131104
4G,20.881999969482425,Jio,13.0116097,31,80.2350321,-95.0,15:47,1.4170000553131104
4G,20.881999969482425,Jio,13.0116094,31,80.2350331,-95.0,15:47,1.4170000553131104
5G,307.40301513671875,Airtel,13.0115208,13,80.2354631,-104.0,15:50,20.131999969482425
4G,3.220000028610229,Jio,13.0115115,40,80.235497,-95.0,15:50,0.6460000276565552
4G,3.220000028610229,Jio,13.0114624,40,80.2354765,-95.0,15:50,0.6460000276565552
4G,3.220000028610229,Jio,13.0114613,40,80.2354769,-95.0,15:50,0.6460000276565552
4G,3.220000028610229,Jio,13.0114602,40,80.2354746,-95.0,15:50,0.6460000276565552
4G,2.509999990463257,Jio,13.0113951,41,80.2355395,-95.0,15:51,0.1430000066757202
4G,2.509999990463257,Jio,13.011396,41,80.2355299,-95.0,15:51,0.1430000066757202
4G,2.509999990463257,Jio,13.011393,41,80.23553,-95.0,15:51,0.1430000066757202
4G,2.509999990463257,Jio,13.0113923,41,80.2355299,-95.0,15:51,0.1430000066757202
4G,4.2829999923706055,Jio,13.0113018,50,80.2354684,-95.0,15:51,0.2739999890327453
4G,4.2829999923706055,Jio,13.0113018,50,80.2354683,-95.0,15:51,0.2739999890327453
4G,4.2829999923706055,Jio,13.0113017,50,80.2354683,-95.0,15:51,0.2739999890327453
4G,2.7079999446868896,Jio,13.0113017,78,80.2354683,-95.0,15:52,0.202000007033348
4G,4.026000022888184,Jio,13.0118454,67,80.2361801,-95.0,15:57,0.1560000032186508
4G,4.026000022888184,Jio,13.0122006,67,80.2366451,-95.0,15:57,0.1560000032186508
4G,4.026000022888184,Jio,13.0123974,67,80.2369028,-95.0,15:57,0.1560000032186508
4G,2.4749999046325684,Jio,13.0119205,61,80.2362784,-95.0,15:58,0.090999998152256
4G,2.4749999046325684,Jio,13.0115338,61,80.2357722,-95.0,15:58,0.090999998152256
4G,2.4749999046325684,Jio,13.0113157,61,80.2354866,-95.0,15:58,0.090999998152256
4G,4.932000160217285,Jio,13.0112019,56,80.2353376,-95.0,15:59,0.1369999945163726
4G,4.932000160217285,Jio,13.0112338,56,80.2353794,-95.0,15:59,0.1369999945163726
4G,4.932000160217285,Jio,13.0112615,56,80.2354157,-95.0,15:59,0.1369999945163726
4G,4.932000160217285,Jio,13.0112823,56,80.2354428,-95.0,15:59,0.1369999945163726
4G,2.8289999961853027,Jio,13.0113089,51,80.2354777,-95.0,15:59,0.1949999928474426
4G,2.8289999961853027,Jio,13.0113077,51,80.2354761,-95.0,15:59,0.1949999928474426
4G,2.8289999961853027,Jio,13.0113062,51,80.2354741,-95.0,15:59,0.1949999928474426
4G,2.8289999961853027,Jio,13.0113062,51,80.2354741,-95.0,15:59,0.1949999928474426
4G,2.8289999961853027,Jio,13.0113047,51,80.2354723,-95.0,15:59,0.1949999928474426
4G,2.8289999961853027,Jio,13.0113047,51,80.2354723,-95.0,16:00,0.1949999928474426
4G,8.317999839782715,Jio,13.0087226,52,80.2350938,-95.0,16:01,0.4639999866485595
4G,4.349999904632568,Jio,13.0087226,63,80.2350938,-95.0,16:02,0.3779999911785126
4G,0.7369999885559082,Jio,13.0087226,58,80.2350938,-120.0,16:06,0.0649999976158142
5G,11.204999923706056,Airtel,13.0115025,30,80.2355846,-124.0,16:06,0.2280000001192093
5G,11.204999923706056,Airtel,13.0116463,30,80.235757,-124.0,16:06,0.2280000001192093
5G,11.204999923706056,Airtel,13.0116463,30,80.235757,-124.0,16:07,0.2280000001192093
4G,4.86299991607666,Jio,13.0087226,51,80.2350938,-120.0,16:07,0.1560000032186508
4G,6.269000053405762,Jio,13.0087226,29,80.2350938,-120.0,16:07,0.2409999966621399
4G,6.269000053405762,Jio,13.0087226,29,80.2350938,-120.0,16:08,0.2409999966621399
4G,2.1689999103546143,Jio,13.0087226,45,80.2350938,-120.0,16:08,0.3330000042915344
4G,3.7899999618530273,Jio,13.0109234,50,80.2356414,-129.0,16:08,0.1099999994039535
4G,3.7899999618530273,Jio,13.0108895,50,80.2356395,-129.0,16:08,0.1099999994039535
4G,3.7899999618530273,Jio,13.0108803,50,80.235641,-128.0,16:08,0.1099999994039535
4G,3.7899999618530273,Jio,13.0108772,50,80.2356416,-128.0,16:08,0.1099999994039535
4G,6.499000072479248,Jio,13.0108975,47,80.2356331,-126.0,16:09,0.0780000016093254
4G,6.499000072479248,Jio,13.010899,47,80.2356324,-125.0,16:09,0.0780000016093254
4G,6.499000072479248,Jio,13.0109029,47,80.2356304,-125.0,16:09,0.0780000016093254
4G,6.499000072479248,Jio,13.0109029,47,80.2356304,-128.0,16:09,0.0780000016093254
4G,6.499000072479248,Jio,13.0109029,47,80.2356304,-128.0,16:09,0.0780000016093254
4G,4.997000217437744,Jio,13.0087226,68,80.2350938,-120.0,16:10,0.1299999952316284
4G,6.497000217437744,Jio,13.0108942,60,80.2356135,-126.0,16:10,0.1360000073909759
4G,6.497000217437744,Jio,13.0108942,60,80.2356135,-126.0,16:10,0.1360000073909759
4G,6.497000217437744,Jio,13.0108942,60,80.2356135,-125.0,16:10,0.1360000073909759
4G,3.38700008392334,Jio,13.0087226,50,80.2350938,-120.0,16:10,0.4300000071525574
4G,10.765000343322754,Jio,13.0114005,47,80.2355217,-115.0,16:12,0.2469999939203262
4G,10.765000343322754,Jio,13.0114007,47,80.2355224,-115.0,16:13,0.2469999939203262
4G,10.765000343322754,Jio,13.0114008,47,80.235523,-115.0,16:13,0.2469999939203262
4G,10.765000343322754,Jio,13.0114008,47,80.235523,-115.0,16:13,0.2469999939203262
4G,10.684000015258787,Jio,13.0114774,45,80.2355717,-113.0,16:13,0.2800000011920929
4G,10.684000015258787,Jio,13.0114774,45,80.2355717,-113.0,16:13,0.2800000011920929
4G,10.684000015258787,Jio,13.0114859,45,80.235588,-115.0,16:13,0.2800000011920929
4G,10.684000015258787,Jio,13.0114859,45,80.235588,-114.0,16:13,0.2800000011920929
4G,8.524999618530273,Jio,13.0114294,48,80.2355919,-113.0,16:14,0.0839999988675117
4G,8.524999618530273,Jio,13.011439,48,80.2355771,-113.0,16:14,0.0839999988675117
4G,8.524999618530273,Jio,13.011439,48,80.2355771,-113.0,16:14,0.0839999988675117
4G,8.524999618530273,Jio,13.011409,48,80.2356015,-113.0,16:14,0.0839999988675117
4G,8.949999809265137,Jio,13.0113602,43,80.2356206,-115.0,16:14,0.3179999887943268
4G,8.949999809265137,Jio,13.0113602,43,80.2356206,-114.0,16:14,0.3179999887943268
4G,8.949999809265137,Jio,13.0113609,43,80.2356239,-114.0,16:15,0.3179999887943268
4G,8.949999809265137,Jio,13.0113609,43,80.2356251,-115.0,16:15,0.3179999887943268
4G,8.949999809265137,Jio,13.0113609,43,80.2356251,-113.0,16:15,0.3179999887943268
4G,1.8339999914169312,Jio,13.0087226,82,80.2350938,-121.0,16:15,0.1099999994039535
4G,11.177000045776367,Jio,13.0113739,45,80.2356206,-114.0,16:15,0.2140000015497207
4G,11.177000045776367,Jio,13.0113739,45,80.2356206,-115.0,16:15,0.2140000015497207
4G,11.177000045776367,Jio,13.0113739,45,80.2356206,-117.0,16:15,0.2140000015497207
4G,12.149999618530272,Jio,13.0117384,41,80.2355214,-131.0,16:18,0.7020000219345093
5G,7.434000015258789,Airtel,13.0113439,12,80.2355137,-119.0,16:18,0.2399999946355819
5G,7.434000015258789,Airtel,13.0113937,12,80.2355436,-119.0,16:19,0.2399999946355819
4G,12.149999618530272,Jio,13.0117384,41,80.2355214,-126.0,16:18,0.7020000219345093
4G,12.149999618530272,Jio,13.0117077,41,80.2355316,-130.0,16:18,0.7020000219345093
4G,12.149999618530272,Jio,13.0117077,41,80.2355316,-128.0,16:18,0.7020000219345093
4G,12.149999618530272,Jio,13.0116577,41,80.2355516,-126.0,16:18,0.7020000219345093
4G,12.149999618530272,Jio,13.0117176,41,80.2355304,-128.0,16:18,0.7020000219345093
4G,12.149999618530272,Jio,13.0116815,41,80.2355496,-128.0,16:19,0.7020000219345093
4G,12.149999618530272,Jio,13.0116593,41,80.2355561,-130.0,16:19,0.7020000219345093
4G,12.149999618530272,Jio,13.0113859,41,80.2356045,-129.0,16:18,0.7020000219345093
4G,12.149999618530272,Jio,13.0116223,41,80.2355723,-128.0,16:19,0.7020000219345093
4G,12.149999618530272,Jio,13.0116223,41,80.2355723,-130.0,16:19,0.7020000219345093
4G,12.149999618530272,Jio,13.0117176,41,80.2355304,-128.0,16:18,0.7020000219345093
4G,12.149999618530272,Jio,13.0116221,41,80.2355729,-128.0,16:19,0.7020000219345093
4G,9.211000442504885,Jio,13.0113942,45,80.2355222,-128.0,16:20,0.6060000061988831
4G,9.211000442504885,Jio,13.0114262,45,80.2355138,-130.0,16:20,0.6060000061988831
4G,9.211000442504885,Jio,13.0114379,45,80.2355095,-129.0,16:20,0.6060000061988831
4G,9.211000442504885,Jio,13.0114528,45,80.2355056,-113.0,16:20,0.6060000061988831
4G,9.211000442504885,Jio,13.0114595,45,80.2355056,-112.0,16:20,0.6060000061988831
4G,8.413999557495117,Jio,13.011263,46,80.23552,-114.0,16:21,0.3510000109672546
4G,8.413999557495117,Jio,13.0112573,46,80.2355201,-115.0,16:21,0.3510000109672546
4G,8.413999557495117,Jio,13.0112573,46,80.2355201,-114.0,16:21,0.3510000109672546
4G,8.413999557495117,Jio,13.01126,46,80.2355221,-114.0,16:21,0.3510000109672546
4G,8.413999557495117,Jio,13.01126,46,80.2355221,-114.0,16:21,0.3510000109672546
4G,11.105999946594238,Jio,13.0112378,51,80.2355833,-114.0,16:21,0.6320000290870667
4G,11.105999946594238,Jio,13.0112378,51,80.2355833,-114.0,16:21,0.6320000290870667
4G,11.105999946594238,Jio,13.0112167,51,80.2355733,-114.0,16:21,0.6320000290870667
4G,11.105999946594238,Jio,13.0112033,51,80.2355685,-114.0,16:21,0.6320000290870667
5G,3.0989999771118164,Airtel,13.011317,32,80.2355221,-120.0,16:26,0.1620000004768371
5G,3.0989999771118164,Airtel,13.0113652,32,80.2355198,-120.0,16:26,0.1620000004768371
5G,33.244998931884766,Airtel,13.0118408,9,80.2349587,-127.0,16:29,0.0780000016093254
5G,33.244998931884766,Airtel,13.0115949,9,80.2355758,-127.0,16:29,0.0780000016093254
5G,330.5350036621094,Airtel,13.0115721,10,80.2355994,-101.0,16:32,18.170000076293945
5G,330.5350036621094,Airtel,13.0115722,10,80.2355805,-101.0,16:32,18.170000076293945
5G,335.2669982910156,Airtel,13.0115168,11,80.23552,-101.0,16:32,30.099000930786133
5G,335.2669982910156,Airtel,13.0115167,11,80.23552,-101.0,16:32,30.099000930786133
5G,341.1549987792969,Airtel,13.0114485,11,80.2355219,-101.0,16:36,10.446999549865724
5G,341.1549987792969,Airtel,13.0114503,11,80.2355294,-101.0,16:36,10.446999549865724
5G,317.4140014648437,Airtel,13.0114433,10,80.2355433,-101.0,16:37,17.527999877929688
5G,262.92401123046875,Airtel,13.0114237,9,80.2354661,-100.0,16:43,17.34000015258789
5G,262.92401123046875,Airtel,13.0114126,9,80.2354345,-100.0,16:43,17.34000015258789
5G,262.92401123046875,Airtel,13.0114208,9,80.2354773,-100.0,16:43,17.34000015258789
5G,326.6629943847656,Airtel,13.0114183,10,80.2354967,-100.0,16:44,25.099000930786133
5G,256.6400146484375,Airtel,13.0115221,8,80.2355303,-101.0,16:52,12.970000267028809
5G,256.6400146484375,Airtel,13.0115232,8,80.2355378,-101.0,16:52,12.970000267028809
5G,324.24200439453125,Airtel,13.01147,11,80.235515,-103.0,16:53,11.272000312805176
4G,5.375,Jio,13.0116123,48,80.2354955,-119.0,16:53,0.0780000016093254
4G,5.375,Jio,13.0116123,48,80.2354955,-119.0,16:54,0.0780000016093254
4G,5.375,Jio,13.0116324,48,80.2356247,-113.0,16:54,0.0780000016093254
4G,5.375,Jio,13.0116324,48,80.2356247,-97.0,16:55,0.0780000016093254
4G,5.375,Jio,13.0116337,48,80.2356262,-114.0,16:57,0.0780000016093254
5G,336.35400390625,Airtel,13.0114608,9,80.2355156,-99.0,16:57,22.99799919128418
5G,336.35400390625,Airtel,13.0114678,9,80.2355181,-99.0,16:57,22.99799919128418
5G,317.6289978027344,Airtel,13.0114683,11,80.2355183,-99.0,16:58,25.01300048828125
4G,7.5370001792907715,Jio,13.0116327,43,80.2355917,-114.0,17:02,0.5329999923706055
5G,351.87799072265625,Airtel,13.0115485,9,80.2355147,-102.0,17:09,12.07900047302246
5G,351.87799072265625,Airtel,13.0115525,9,80.23552,-102.0,17:09,12.07900047302246
5G,351.87799072265625,Airtel,13.0115535,9,80.235524,-102.0,17:09,12.07900047302246
5G,351.87799072265625,Airtel,13.0115536,9,80.2355271,-102.0,17:09,12.07900047302246
5G,351.87799072265625,Airtel,13.0115398,9,80.2355402,-102.0,17:09,12.07900047302246
5G,298.8099975585937,Airtel,13.0114765,13,80.2352692,-101.0,17:11,14.244000434875488
5G,298.8099975585937,Airtel,13.0114796,13,80.2352584,-101.0,17:11,14.244000434875488
5G,298.8099975585937,Airtel,13.0114834,13,80.2352449,-101.0,17:11,14.244000434875488
5G,298.8099975585937,Airtel,13.0114857,13,80.2352456,-101.0,17:11,14.244000434875488
5G,298.8099975585937,Airtel,13.0114882,13,80.2352358,-101.0,17:11,14.244000434875488
5G,346.6029968261719,Airtel,13.0116404,12,80.2346368,-92.0,17:12,42.29999923706055
5G,346.6029968261719,Airtel,13.0116593,12,80.2346367,-92.0,17:12,42.29999923706055
5G,346.6029968261719,Airtel,13.0116757,12,80.2346355,-92.0,17:12,42.29999923706055
5G,346.6029968261719,Airtel,13.0116993,12,80.2346337,-92.0,17:12,42.29999923706055
5G,298.0769958496094,Airtel,13.0120867,14,80.23442,-107.0,17:15,10.873000144958496
4G,348.3210144042969,Jio,13.011905,33,80.2341633,-100.0,17:16,2.08899998664856
5G,76.63899993896484,Airtel,13.0122988,12,80.2335498,-86.0,17:16,27.0939998626709
4G,26.277000427246094,Jio,13.011905,39,80.2341633,-100.0,17:16,1.6169999837875366
5G,289.09100341796875,Airtel,13.0127541,9,80.2340332,-93.0,17:17,42.86600112915039
4G,27.625,Jio,13.0126965,36,80.2347452,-100.0,17:19,1.440000057220459
4G,27.625,Jio,13.0129085,36,80.2347452,-100.0,17:19,1.440000057220459
4G,27.625,Jio,13.0129731,36,80.2344482,-100.0,17:19,1.440000057220459
4G,21.50900077819824,Jio,13.0132374,39,80.2346536,-100.0,17:20,3.132999897003174
4G,21.50900077819824,Jio,13.0131279,39,80.2339208,-100.0,17:20,3.132999897003174
4G,14.779000282287598,Jio,13.012776,39,80.2346002,-100.0,17:20,4.176000118255615
4G,14.779000282287598,Jio,13.012776,39,80.2346002,-100.0,17:20,4.176000118255615
4G,14.779000282287598,Jio,13.0123933,39,80.2347257,-100.0,17:20,4.176000118255615
4G,14.779000282287598,Jio,13.0123933,39,80.2347257,-100.0,17:21,4.176000118255615
4G,20.35300064086914,Jio,13.0129245,37,80.2345066,-100.0,17:21,4.97599983215332
4G,20.35300064086914,Jio,13.0129576,37,80.2343958,-100.0,17:21,4.97599983215332
4G,20.35300064086914,Jio,13.0120797,37,80.2346061,-100.0,17:21,4.97599983215332
5G,451.4089965820313,Airtel,13.0128995,13,80.2339661,-91.0,17:23,23.0049991607666
5G,451.4089965820313,Airtel,13.0128885,13,80.2339651,-90.0,17:23,23.0049991607666
4G,44.35699844360352,Jio,13.0136377,40,80.2330253,-110.0,17:23,2.4570000171661377
4G,44.35699844360352,Jio,13.013654,40,80.2330549,-110.0,17:23,2.4570000171661377
4G,44.35699844360352,Jio,13.0136561,40,80.2330589,-110.0,17:23,2.4570000171661377
4G,26.358999252319336,Jio,13.0136279,40,80.2330073,-111.0,17:24,2.7669999599456787
4G,26.358999252319336,Jio,13.0136256,40,80.2330031,-111.0,17:24,2.7669999599456787
5G,576.9530029296875,Airtel,13.0129351,11,80.2338966,-95.0,17:24,30.1200008392334
4G,44.999000549316406,Jio,13.0132592,33,80.2337709,-111.0,17:24,3.0820000171661377
4G,44.999000549316406,Jio,13.0134647,33,80.2333383,-111.0,17:24,3.0820000171661377
4G,44.999000549316406,Jio,13.0136024,33,80.2330488,-111.0,17:24,3.0820000171661377
4G,59.08200073242188,Jio,13.0123708,30,80.2326116,-111.0,17:26,2.0899999141693115
4G,59.08200073242188,Jio,13.0123912,30,80.2325166,-111.0,17:26,2.0899999141693115
4G,59.08200073242188,Jio,13.0123994,30,80.2324818,-111.0,17:26,2.0899999141693115
4G,59.08200073242188,Jio,13.0121368,30,80.2329574,-111.0,17:26,2.0899999141693115
4G,59.08200073242188,Jio,13.0121368,30,80.2329574,-111.0,17:26,2.0899999141693115
4G,23.42799949645996,Jio,13.0126869,37,80.233875,-111.0,17:26,2.3540000915527344
4G,23.42799949645996,Jio,13.0127233,37,80.2338782,-111.0,17:26,2.3540000915527344
4G,23.42799949645996,Jio,13.0127448,37,80.2338653,-111.0,17:26,2.3540000915527344
4G,23.42799949645996,Jio,13.0127276,37,80.2338537,-111.0,17:26,2.3540000915527344
4G,23.42799949645996,Jio,13.012733,37,80.2338545,-111.0,17:27,2.3540000915527344
4G,18.14900016784668,Jio,13.0129419,39,80.233962,-105.0,17:27,2.687000036239624
4G,13.663000106811523,Jio,13.0127503,32,80.2338872,-107.0,17:27,2.0920000076293945
4G,18.14900016784668,Jio,13.0129419,39,80.2339619,-105.0,17:27,2.687000036239624
4G,18.14900016784668,Jio,13.0129419,39,80.2339619,-107.0,17:27,2.687000036239624
4G,13.663000106811523,Jio,13.0127808,32,80.2338644,-107.0,17:27,2.0920000076293945
4G,18.14900016784668,Jio,13.0129419,39,80.2339619,-112.0,17:27,2.687000036239624
4G,27.19300079345703,Jio,13.012941,39,80.2339748,-110.0,17:28,1.5700000524520874
4G,27.19300079345703,Jio,13.012942,39,80.2339713,-111.0,17:28,1.5700000524520874
4G,27.19300079345703,Jio,13.0129419,39,80.2339626,-110.0,17:28,1.5700000524520874
4G,27.19300079345703,Jio,13.0129419,39,80.2339626,-109.0,17:28,1.5700000524520874
4G,31.13400077819824,Jio,13.0127926,37,80.2339178,-107.0,17:28,1.4160000085830688
4G,27.19300079345703,Jio,13.0129413,39,80.233973,-109.0,17:28,1.5700000524520874
4G,27.19300079345703,Jio,13.0129413,39,80.233973,-110.0,17:28,1.5700000524520874
4G,31.13400077819824,Jio,13.0127853,37,80.2339213,-107.0,17:28,1.4160000085830688
4G,31.13400077819824,Jio,13.0127944,37,80.2339267,-107.0,17:28,1.4160000085830688
4G,31.13400077819824,Jio,13.0127991,37,80.233911,-107.0,17:28,1.4160000085830688
4G,31.13400077819824,Jio,13.0128054,37,80.2339106,-107.0,17:28,1.4160000085830688
4G,27.9689998626709,Jio,13.0128919,40,80.2339933,-109.0,17:28,1.5640000104904177
4G,27.9689998626709,Jio,13.0128799,40,80.2339855,-109.0,17:28,1.5640000104904177
4G,27.9689998626709,Jio,13.0128681,40,80.2339808,-109.0,17:28,1.5640000104904177
4G,27.9689998626709,Jio,13.012846,40,80.2339766,-109.0,17:28,1.5640000104904177
4G,26.256000518798828,Jio,13.0128044,38,80.2339419,-107.0,17:28,1.6699999570846558
4G,27.9689998626709,Jio,13.0128306,40,80.2339872,-109.0,17:28,1.5640000104904177
4G,67.6520004272461,Airtel,13.0127169,13,80.2340027,-83.0,17:29,15.065999984741213
4G,67.6520004272461,Airtel,13.0127004,13,80.2339997,-80.0,17:29,15.065999984741213
4G,67.6520004272461,Airtel,13.0126853,13,80.2340017,-80.0,17:29,15.065999984741213
4G,67.6520004272461,Airtel,13.012672,13,80.234005,-86.0,17:29,15.065999984741213
4G,67.6520004272461,Airtel,13.0126529,13,80.2339872,-81.0,17:29,15.065999984741213
4G,26.256000518798828,Jio,13.0127922,38,80.2339454,-107.0,17:28,1.6699999570846558
4G,26.256000518798828,Jio,13.0126399,38,80.2339413,-107.0,17:28,1.6699999570846558
4G,33.15,Jio,13.011004,17,80.234104,-83.0,08:01,51.56
4G,25.06,Jio,13.013869,29,80.234366,-99.0,08:02,5.14
4G,17.21,Jio,13.009958,30,80.234346,-111.0,08:02,26.53
5G,143.36,Jio,13.01331,26,80.23476,-96.0,08:04,47.84
4G,11.04,Airtel,13.009343,15,80.236279,-94.0,08:04,9.74
4G,89.02,Jio,13.011139,36,80.232913,-91.0,08:05,33.59
5G,107.95,Airtel,13.009174,36,80.234799,-110.0,08:10,11.3
4G,11.51,Jio,13.010348,44,80.23418,-96.0,08:10,7.01
5G,112.93,Airtel,13.013299,46,80.234642,-103.0,08:11,20.13
4G,62.81,Jio,13.01044,15,80.234794,-109.0,08:13,21.19
5G,106.11,Jio,13.012369,22,80.235758,-82.0,08:14,1.76
4G,13.89,Airtel,13.01017,30,80.233874,-95.0,08:17,23.38
4G,87.25,Jio,13.012263,32,80.236003,-87.0,08:17,26.19
4G,23.52,Jio,13.014082,11,80.235338,-98.0,08:18,12.82
4G,25.56,Airtel,13.013897,38,80.23485,-107.0,08:21,7.28
4G,22.15,Jio,13.010977,48,80.234386,-84.0,08:22,16.63
4G,13.77,Airtel,13.014298,20,80.236384,-97.0,08:24,2.21
4G,11.02,Jio,13.01227,25,80.23388,-84.0,08:25,3.17
5G,145.38,Airtel,13.008887,24,80.234537,-94.0,08:27,24.78
4G,10.77,Airtel,13.014236,35,80.235239,-93.0,08:28,0.53
4G,80.19,Jio,13.013336,30,80.234683,-104.0,08:28,9.12
4G,44.35,Jio,13.01339,36,80.234547,-102.0,08:30,3.32
4G,76.17,Airtel,13.011113,42,80.233183,-113.0,08:30,44.69
4G,71.55,Jio,13.012368,40,80.235679,-94.0,08:31,5.2
4G,15.37,Airtel,13.010412,29,80.233872,-113.0,08:32,8.77
4G,45.3,Jio,13.011408,28,80.233164,-110.0,08:34,28.69
4G,15.57,Airtel,13.013068,31,80.234167,-82.0,08:35,3.97
4G,55.4,Airtel,13.012961,47,80.235519,-97.0,08:40,17.77
4G,32.08,Jio,13.009845,36,80.236211,-82.0,08:43,12.89
4G,19.52,Jio,13.012326,26,80.235345,-119.0,08:44,27.51
4G,83.12,Airtel,13.012598,27,80.235668,-99.0,08:44,22.6
4G,27.25,Jio,13.013838,32,80.234129,-89.0,08:44,1.88
4G,11.42,Jio,13.014206,11,80.236431,-105.0,08:48,0.11
5G,114.75,Jio,13.009622,47,80.234888,-95.0,08:51,26.32
4G,15.85,Jio,13.011262,41,80.236372,-80.0,08:51,1.9
4G,31.91,Jio,13.010173,43,80.236281,-94.0,08:52,2.03
5G,180.16,Jio,13.010613,43,80.234797,-83.0,08:53,60.19
4G,19.52,Jio,13.014496,37,80.237969,-104.0,08:53,2.27
4G,13.46,Jio,13.01299,50,80.234356,-102.0,08:54,1.43
4G,59.38,Jio,13.010445,16,80.235972,-111.0,08:54,5.87
4G,16.22,Airtel,13.011149,39,80.233789,-119.0,09:00,19.22
4G,2.01,Airtel,13.013038,43,80.234665,-111.0,09:01,8.02
4G,35.46,Jio,13.01337,11,80.234225,-105.0,09:01,8.09
4G,49.62,Airtel,13.011366,25,80.233135,-100.0,09:02,48.36
4G,18.01,Airtel,13.009957,45,80.233875,-109.0,09:02,16.8
5G,196.28,Jio,13.010436,39,80.23603,-110.0,09:04,62.18
4G,19.94,Airtel,13.012353,42,80.235725,-98.0,09:05,8.77
4G,93.33,Airtel,13.010922,35,80.234141,-114.0,09:08,1.34
5G,155.74,Jio,13.010619,50,80.23489,-116.0,09:11,47.61
4G,21.05,Jio,13.011043,11,80.232818,-119.0,09:11,7.65
4G,68.55,Jio,13.011082,39,80.232988,-100.0,09:13,45.23
4G,63.17,Jio,13.012217,46,80.236222,-81.0,09:13,26.39
4G,28.02,Airtel,13.013406,27,80.234609,-87.0,09:14,5.86
4G,7.02,Jio,13.013001,33,80.234489,-90.0,09:17,1.47
4G,27.05,Jio,13.00908,15,80.235615,-114.0,09:23,29.04
4G,17.56,Jio,13.013892,37,80.234248,-112.0,09:24,3.63
4G,55.15,Jio,13.01281,34,80.23512,-94.0,09:25,5.33
4G,66.96,Airtel,13.011058,50,80.233487,-114.0,09:28,55.13
4G,39.71,Airtel,13.011123,22,80.233715,-95.0,09:30,37.1
4G,83.19,Jio,13.010978,36,80.234221,-96.0,09:30,12.84
4G,12.09,Jio,13.014397,29,80.237846,-103.0,09:31,5.44
5G,100.16,Jio,13.013372,27,80.234682,-94.0,09:34,24.78
4G,19.39,Jio,13.012849,27,80.235485,-84.0,09:37,7.18
4G,20.56,Jio,13.013898,17,80.23413,-83.0,09:39,8.19
4G,58.1,Jio,13.012319,31,80.23634,-80.0,09:40,25.15
5G,194.88,Jio,13.010621,46,80.2348,-107.0,09:41,63.99
4G,12.26,Jio,13.012185,50,80.233797,-94.0,09:41,19.46
4G,31.6,Airtel,13.013395,34,80.234222,-106.0,09:42,18.74
4G,15.57,Jio,13.010344,20,80.234221,-93.0,09:44,12.58
4G,10.78,Airtel,13.012946,27,80.234136,-96.0,09:44,1.21
5G,161.49,Airtel,13.010643,32,80.234949,-108.0,09:53,45.21
4G,51.3,Jio,13.011125,50,80.233104,-82.0,09:55,46.98
4G,14.07,Airtel,13.013052,40,80.234491,-103.0,09:58,0.74
5G,102.3,Jio,13.01042,47,80.235761,-111.0,09:58,26.74
4G,96.41,Jio,13.009043,24,80.235535,-100.0,09:58,20.04
4G,67.93,Jio,13.011071,32,80.233169,-90.0,09:59,39.06
4G,81.58,Jio,13.012587,40,80.232561,-91.0,10:03,0.34
4G,47.96,Jio,13.013312,19,80.2344,-115.0,10:05,10.66
5G,214.16,Jio,13.010739,29,80.234762,-80.0,10:07,63.2
4G,81.09,Airtel,13.009763,24,80.234821,-120.0,10:09,28.16
4G,16.24,Jio,13.009971,43,80.233366,-93.0,10:10,24.24
4G,23.14,Jio,13.009878,23,80.235468,-99.0,10:11,23.03
5G,123.11,Jio,13.01026,13,80.236134,-85.0,10:11,41.95
4G,44.96,Airtel,13.011741,17,80.233819,-99.0,10:16,16.15
4G,5.21,Jio,13.013047,11,80.234778,-95.0,10:17,3.81
4G,49.14,Jio,13.009222,44,80.236182,-114.0,10:20,17.02
5G,123.16,Jio,13.010966,14,80.23636,-92.0,10:21,7.77
5G,103.25,Jio,13.012348,32,80.235657,-108.0,10:24,4.01
4G,66.74,Jio,13.00929,19,80.235575,-89.0,10:28,26.51
4G,33.15,Jio,13.012004,49,80.232615,-116.0,10:29,36.69
4G,31.7,Jio,13.012429,22,80.233597,-108.0,10:29,18.56
4G,7.75,Airtel,13.013845,13,80.235028,-88.0,10:31,6.53
4G,6.68,Jio,13.013943,43,80.234749,-112.0,10:32,4.34
4G,18.14,Jio,13.014133,25,80.235114,-118.0,10:32,0.29
4G,77.48,Jio,13.011111,49,80.233356,-94.0,10:34,53.61
4G,76.33,Airtel,13.009725,47,80.236233,-104.0,10:35,44.5
4G,53.79,Airtel,13.012376,37,80.235616,-111.0,10:38,29.11
4G,19.62,Jio,13.01225,49,80.234337,-117.0,10:39,12.98
4G,90.72,Airtel,13.013411,26,80.234981,-104.0,10:41,2.93
4G,16.73,Jio,13.009876,22,80.233491,-95.0,10:41,28.97
4G,79.05,Jio,13.012014,41,80.232529,-108.0,10:42,38.89
4G,98.31,Jio,13.013493,45,80.234697,-99.0,10:43,28.04
5G,109.32,Airtel,13.009336,24,80.235422,-114.0,10:43,38.46
4G,17.58,Jio,13.013427,23,80.234643,-119.0,10:43,10.98
5G,134.05,Jio,13.009764,13,80.236214,-111.0,10:44,10.19
4G,60.05,Jio,13.011189,44,80.233132,-103.0,10:47,79.9
4G,71.97,Jio,13.009134,10,80.235658,-107.0,10:48,29.34
4G,15.27,Jio,13.009947,24,80.233428,-113.0,10:49,11.19
4G,17.33,Jio,13.011168,43,80.232784,-92.0,10:53,15.4
4G,86.18,Airtel,13.011143,28,80.232847,-87.0,10:55,43.13
4G,22.94,Jio,13.01407,21,80.235283,-91.0,10:55,11.29
4G,61.33,Airtel,13.012383,32,80.232579,-96.0,10:55,12.93
4G,49.27,Jio,13.011073,25,80.233441,-86.0,10:58,28.08
4G,16.54,Jio,13.010062,29,80.233981,-99.0,10:59,17.8
4G,63.17,Jio,13.010287,34,80.235955,-116.0,11:00,57.2
4G,17.65,Jio,13.014179,11,80.235113,-120.0,11:01,12.26
4G,19.47,Jio,13.010008,33,80.233832,-84.0,11:01,7.42
4G,14.96,Jio,13.010417,26,80.234122,-118.0,11:04,7.21
4G,55.47,Jio,13.013316,33,80.234721,-93.0,11:06,25.45
4G,88.42,Airtel,13.01278,36,80.235699,-103.0,11:07,34.14
4G,16.21,Jio,13.009916,45,80.233478,-98.0,11:09,24.28
4G,59.84,Airtel,13.012373,27,80.235738,-98.0,11:10,17.09
4G,49.13,Airtel,13.009647,11,80.236148,-96.0,11:11,11.34
5G,129.54,Airtel,13.009276,27,80.235575,-113.0,11:13,24.94
4G,18.75,Airtel,13.009041,16,80.235556,-101.0,11:17,27.73
4G,20.02,Jio,13.011158,44,80.233788,-95.0,11:21,2.03
4G,12.71,Jio,13.010009,25,80.233425,-95.0,11:21,18.39
5G,167.07,Jio,13.013458,20,80.234634,-113.0,11:22,31.06
4G,88.58,Airtel,13.011094,24,80.232926,-102.0,11:23,9.82
4G,31.91,Airtel,13.010966,17,80.234015,-80.0,11:23,12.98
4G,12.67,Airtel,13.014263,21,80.235307,-105.0,11:24,2.22
4G,43.06,Airtel,13.013332,37,80.234472,-89.0,11:26,7.97
4G,40.92,Jio,13.012428,12,80.233807,-113.0,11:27,16.77
4G,99.05,Jio,13.011513,31,80.233132,-117.0,11:29,3.79
4G,21.51,Airtel,13.012364,48,80.233634,-83.0,11:30,16.4
4G,18.26,Jio,13.014164,46,80.235857,-88.0,11:31,5.9
4G,5.59,Jio,13.014602,22,80.237093,-81.0,11:31,1.42
4G,18.4,Airtel,13.009981,21,80.233436,-118.0,11:34,18.12
4G,20.92,Jio,13.01413,40,80.235223,-114.0,11:34,8.26
4G,80.49,Airtel,13.011199,10,80.233098,-86.0,11:36,15.75
4G,8.45,Jio,13.014345,44,80.238022,-112.0,11:41,4.63
4G,73.91,Jio,13.01281,18,80.235605,-99.0,11:41,9.38
5G,169.34,Jio,13.013461,20,80.23482,-98.0,11:41,40.56
4G,83.1,Jio,13.010938,21,80.234188,-83.0,11:44,68.6
4G,76.33,Jio,13.013491,32,80.234659,-81.0,11:45,44.5
4G,20.6,Jio,13.01225,29,80.234329,-83.0,11:45,3.38
4G,8.02,Jio,13.013043,22,80.234192,-108.0,11:47,3.98
4G,51.02,Jio,13.011056,17,80.232859,-87.0,11:48,31.39
4G,63.99,Airtel,13.011069,20,80.236358,-84.0,11:48,56.69
4G,99.42,Jio,13.010949,41,80.233994,-113.0,11:50,68.46
5G,113.18,Jio,13.010638,44,80.234623,-81.0,11:52,63.59
4G,39.95,Airtel,13.013395,43,80.234742,-103.0,11:53,4.74
4G,16.81,Airtel,13.011841,39,80.233846,-90.0,11:55,14.04
4G,25.14,Jio,13.012138,31,80.233818,-110.0,11:56,12.89
5G,111.1,Jio,13.012814,22,80.235345,-107.0,11:56,2.4
4G,37.62,Jio,13.012427,12,80.233604,-114.0,11:57,5.54
4G,13.9,Airtel,13.012313,47,80.234463,-97.0,12:02,7.23
5G,138.66,Jio,13.009265,25,80.236292,-106.0,12:03,41.27
5G,144.55,Jio,13.009225,35,80.23544,-91.0,12:06,20.31
4G,25.63,Jio,13.012371,21,80.235663,-90.0,12:08,9.7
4G,9.22,Jio,13.012365,44,80.235685,-110.0,12:09,1.37
4G,26.78,Jio,13.013068,30,80.234365,-84.0,12:10,8.86
4G,82.46,Jio,13.011428,31,80.233114,-105.0,12:10,77.92
4G,15.81,Jio,13.012999,10,80.234165,-110.0,12:10,7.92
4G,23.76,Jio,13.012949,16,80.234169,-120.0,12:11,5.85
4G,16.56,Jio,13.010245,39,80.236345,-106.0,12:12,6.09
4G,12.2,Airtel,13.014168,45,80.235313,-110.0,12:13,12.37
4G,39.39,Jio,13.012049,29,80.233829,-87.0,12:13,15.53
4G,16.22,Airtel,13.011748,15,80.233847,-82.0,12:13,9.18
4G,93.37,Jio,13.012367,25,80.235672,-97.0,12:18,9.17
4G,10.21,Jio,13.011357,14,80.236544,-120.0,12:18,14.18
4G,32.81,Jio,13.012274,28,80.236582,-80.0,12:19,6.71
5G,121.02,Jio,13.01237,16,80.235689,-111.0,12:23,1.87
4G,19.72,Airtel,13.01041,25,80.234266,-92.0,12:24,28.78
4G,67.87,Jio,13.011269,19,80.236531,-107.0,12:25,32.83
4G,15.54,Jio,13.010405,12,80.234304,-94.0,12:25,29.15
4G,67.18,Jio,13.011483,46,80.233092,-107.0,12:27,12.2
4G,31.91,Jio,13.012392,32,80.233653,-99.0,12:27,2.03
5G,143.22,Jio,13.012016,12,80.232503,-85.0,12:29,27.38
4G,47.03,Jio,13.012435,17,80.233761,-89.0,12:33,16.68
4G,15.89,Jio,13.011403,45,80.233832,-88.0,12:33,19.72
4G,17.66,Jio,13.009917,35,80.233605,-92.0,12:37,23.12
4G,46.67,Jio,13.012403,19,80.233624,-87.0,12:38,8.09
4G,13.06,Jio,13.009943,46,80.233734,-81.0,12:44,19.81
4G,56.88,Airtel,13.011163,49,80.232479,-98.0,12:45,14.89
4G,4.7,Jio,13.013799,35,80.235016,-106.0,12:45,4.65
4G,26.57,Airtel,13.011916,45,80.232632,-120.0,12:46,39.8
4G,24.2,Jio,13.013944,34,80.234822,-83.0,12:47,5.91
4G,21.05,Jio,13.012536,18,80.235735,-105.0,12:47,38.02
4G,24.69,Jio,13.013853,22,80.234187,-99.0,12:48,7.74
5G,227.45,Jio,13.010583,44,80.2349,-87.0,12:48,5.38
5G,170.48,Jio,13.010548,45,80.235889,-120.0,12:52,38.15
5G,170.48,Jio,13.00955,14,80.236274,-112.0,12:56,38.15
4G,22.52,Jio,13.014134,45,80.235194,-98.0,12:56,12.04
4G,15.16,Airtel,13.014289,33,80.235954,-99.0,12:57,8.78
4G,11.22,Airtel,13.012411,23,80.233439,-91.0,12:58,12.13
4G,57.64,Airtel,13.012354,37,80.235649,-89.0,12:59,17.94
4G,20.44,Jio,13.010548,41,80.236267,-91.0,13:00,14.88
4G,12.81,Airtel,13.010403,27,80.234035,-85.0,13:00,27.15
4G,15.32,Airtel,13.014442,24,80.237012,-102.0,13:02,8.22
4G,17.15,Airtel,13.01418,18,80.236229,-100.0,13:03,4.46
4G,10.88,Airtel,13.01039,13,80.234299,-100.0,13:04,6.3
4G,16.68,Airtel,13.010441,24,80.233655,-83.0,13:04,17.01
4G,88.55,Jio,13.011521,16,80.233102,-87.0,13:05,42.98
4G,10.11,Jio,13.014491,26,80.237029,-99.0,13:06,6.65
4G,77.71,Jio,13.010044,14,80.235385,-103.0,13:08,26.77
5G,148.45,Jio,13.012882,43,80.232558,-118.0,13:12,37.77
4G,22.76,Jio,13.009341,30,80.236213,-107.0,13:12,5.17
4G,70.29,Airtel,13.011055,33,80.232566,-106.0,13:12,43.45
4G,44.87,Jio,13.011149,23,80.232921,-114.0,13:13,33.33
5G,132.2,Airtel,13.012354,31,80.235755,-101.0,13:15,1.32
5G,194.55,Jio,13.008731,22,80.235174,-109.0,13:16,21.81
5G,149.79,Jio,13.00932,20,80.235478,-100.0,13:16,25.71
5G,105.06,Jio,13.012362,28,80.235702,-103.0,13:19,14.94
5G,132.2,Jio,13.010752,15,80.236545,-102.0,13:20,1.32
4G,92.56,Jio,13.012901,18,80.235482,-102.0,13:21,18.16
4G,37.17,Jio,13.012373,24,80.233458,-88.0,13:21,2.08
5G,121.64,Airtel,13.012398,12,80.23571,-95.0,13:22,47.39
4G,91.74,Jio,13.01342,33,80.234956,-85.0,13:26,32.04
4G,98.7,Jio,13.01067,40,80.236376,-84.0,13:26,64.54
5G,142.51,Jio,13.009075,44,80.234515,-96.0,13:26,10.34
4G,77.65,Airtel,13.013483,13,80.234827,-110.0,13:29,4.78
5G,102.52,Jio,13.010694,33,80.236363,-90.0,13:30,22.84
4G,36.33,Jio,13.012433,16,80.233484,-88.0,13:32,4.47
4G,66.45,Airtel,13.009115,50,80.235572,-102.0,13:32,24.29
4G,58.22,Jio,13.01108,45,80.233176,-111.0,13:34,2.0
5G,221.4,Jio,13.011345,40,80.23642,-99.0,13:38,43.6
4G,41.95,Jio,13.011095,47,80.233674,-85.0,13:39,40.82
4G,22.88,Jio,13.013066,34,80.234216,-108.0,13:40,0.42
4G,12.5,Airtel,13.013012,46,80.234187,-103.0,13:44,3.22
4G,47.44,Jio,13.012096,10,80.233841,-108.0,13:46,13.86
5G,227.32,Jio,13.010521,25,80.2348,-96.0,13:48,48.96
4G,19.91,Jio,13.014184,40,80.235195,-110.0,13:52,0.69
4G,11.18,Airtel,13.01383,29,80.234136,-103.0,13:52,5.15
4G,1.74,Jio,13.014532,44,80.238824,-94.0,13:55,6.37
5G,117.6,Jio,13.012937,40,80.23558,-109.0,13:55,3.1
4G,78.14,Airtel,13.00906,17,80.235127,-109.0,13:57,44.61
4G,14.1,Airtel,13.009814,16,80.234049,-102.0,13:57,13.75
4G,40.4,Airtel,13.011626,37,80.233842,-95.0,13:58,6.1
4G,24.84,Jio,13.01166,46,80.233837,-101.0,13:58,14.84
4G,87.71,Jio,13.013091,39,80.232606,-89.0,13:59,10.2
4G,11.8,Airtel,13.012165,40,80.23379,-83.0,13:59,4.95
4G,68.94,Jio,13.011047,18,80.233212,-90.0,14:01,48.21
4G,19.58,Jio,13.010339,12,80.233998,-86.0,14:01,24.69
4G,78.72,Jio,13.012291,21,80.235806,-107.0,14:04,8.35
4G,17.92,Jio,13.012272,10,80.234383,-110.0,14:04,13.24
4G,0.84,Jio,13.014148,15,80.236513,-114.0,14:04,6.32
4G,15.1,Jio,13.010195,47,80.233997,-120.0,14:07,17.89
4G,16.19,Airtel,13.010338,30,80.233571,-86.0,14:07,19.22
4G,26.58,Jio,13.011529,31,80.233819,-102.0,14:07,2.94
5G,125.37,Airtel,13.011416,21,80.233143,-111.0,14:08,50.54
5G,131.76,Jio,13.008703,25,80.234773,-103.0,14:09,11.35
4G,25.6,Jio,13.01255,38,80.23254,-97.0,14:12,8.24
4G,28.99,Jio,13.013315,49,80.234261,-97.0,14:14,7.14
5G,104.62,Airtel,13.012366,30,80.235745,-110.0,14:19,1.45
4G,10.3,Jio,13.010334,50,80.234059,-115.0,14:20,25.06
4G,28.95,Jio,13.013402,41,80.234118,-88.0,14:21,7.06
5G,102.32,Jio,13.012933,46,80.235567,-114.0,14:24,3.75
4G,15.62,Jio,13.009913,48,80.233535,-86.0,14:26,24.46
4G,12.82,Airtel,13.01241,16,80.233404,-107.0,14:28,7.5
4G,23.98,Jio,13.014183,23,80.235347,-115.0,14:33,10.54
4G,86.37,Jio,13.012369,45,80.235673,-111.0,14:34,17.38
5G,149.57,Jio,13.012396,22,80.235755,-83.0,14:36,32.28
4G,14.8,Airtel,13.010249,32,80.233982,-109.0,14:38,6.57
4G,16.79,Jio,13.009819,45,80.233936,-90.0,14:38,10.96
4G,45.46,Jio,13.009101,40,80.235566,-113.0,14:39,14.92
4G,47.69,Airtel,13.012309,43,80.233904,-98.0,14:40,18.51
4G,41.24,Jio,13.012353,34,80.233794,-120.0,14:42,15.52
4G,42.89,Jio,13.013347,32,80.234402,-87.0,14:42,13.79
4G,18.86,Jio,13.013415,12,80.234885,-111.0,14:44,10.5
5G,136.0,Jio,13.009388,20,80.234848,-92.0,14:46,7.14
4G,11.19,Airtel,13.01208,36,80.233824,-87.0,14:49,3.76
5G,130.76,Airtel,13.009055,30,80.235596,-88.0,14:50,17.95
5G,128.87,Jio,13.010372,22,80.235841,-97.0,14:51,20.19
4G,17.43,Jio,13.014194,49,80.235307,-92.0,14:52,2.16
4G,55.06,Jio,13.012197,28,80.234975,-103.0,14:52,17.5
4G,19.9,Jio,13.009859,49,80.233671,-91.0,14:54,13.32
5G,116.34,Jio,13.012892,26,80.232481,-116.0,14:55,9.68
4G,70.05,Airtel,13.011598,44,80.232586,-100.0,14:56,43.19
5G,198.98,Jio,13.010705,15,80.234803,-109.0,14:57,47.27
4G,25.06,Jio,13.014082,44,80.235365,-94.0,15:04,1.21
4G,22.93,Jio,13.013353,12,80.234526,-119.0,15:08,0.46
5G,113.62,Airtel,13.011583,45,80.233165,-103.0,15:10,9.62
4G,16.49,Jio,13.01238,14,80.233741,-108.0,15:12,10.67
4G,12.21,Jio,13.010307,44,80.234106,-117.0,15:12,12.18
4G,5.9,Jio,13.013365,25,80.234911,-116.0,15:19,18.39
4G,19.63,Jio,13.010324,41,80.234216,-107.0,15:22,6.58
4G,13.44,Jio,13.010924,38,80.236404,-92.0,15:24,14.76
5G,109.09,Jio,13.010011,42,80.234834,-104.0,15:25,28.6
4G,10.32,Jio,13.011508,18,80.233131,-85.0,15:26,55.07
4G,27.31,Jio,13.013868,21,80.234178,-84.0,15:27,0.1
4G,28.94,Jio,13.012319,18,80.234716,-112.0,15:27,15.02
4G,22.43,Jio,13.014169,12,80.235365,-116.0,15:30,6.81
4G,89.22,Airtel,13.011119,32,80.233136,-89.0,15:33,20.43
4G,12.08,Jio,13.010338,50,80.234295,-109.0,15:35,27.91
4G,39.2,Jio,13.012404,28,80.233561,-102.0,15:36,10.65
4G,84.04,Jio,13.012231,38,80.236282,-105.0,15:36,24.69
4G,79.79,Jio,13.011105,42,80.232978,-84.0,15:44,27.36
4G,31.91,Jio,13.010893,27,80.236433,-85.0,15:49,2.03
4G,64.62,Jio,13.012443,28,80.234942,-89.0,15:49,7.17
4G,99.49,Jio,13.011024,50,80.233562,-107.0,15:49,49.6
4G,12.56,Jio,13.010121,13,80.234267,-103.0,15:52,9.46
4G,83.33,Airtel,13.008845,50,80.234385,-82.0,15:54,23.93
4G,10.69,Jio,13.010387,46,80.233766,-98.0,15:54,24.09
5G,147.96,Jio,13.013475,40,80.234639,-85.0,15:55,10.65
4G,66.84,Airtel,13.011016,26,80.233397,-103.0,15:55,57.91
4G,95.1,Jio,13.012835,20,80.235388,-83.0,15:56,7.66
4G,16.12,Jio,13.009284,20,80.236251,-98.0,15:59,3.8
4G,86.44,Jio,13.010971,41,80.233956,-90.0,15:59,40.17
4G,16.35,Jio,13.014139,14,80.236046,-106.0,16:00,0.49
4G,16.92,Jio,13.014263,22,80.235308,-107.0,16:02,6.28
4G,2.82,Jio,13.014316,29,80.236021,-113.0,16:02,9.93
4G,11.49,Jio,13.012363,14,80.233639,-119.0,16:04,10.1
4G,14.67,Airtel,13.009102,49,80.236221,-92.0,16:09,26.91
4G,30.73,Jio,13.010661,34,80.234605,-81.0,16:09,29.26
4G,63.02,Jio,13.011088,25,80.232523,-113.0,16:09,13.51
4G,37.5,Jio,13.010446,18,80.234869,-82.0,16:12,33.62
4G,36.89,Airtel,13.010544,41,80.236028,-114.0,16:14,16.88
4G,19.79,Airtel,13.010083,20,80.234214,-116.0,16:16,22.97
4G,27.28,Jio,13.012332,31,80.234111,-111.0,16:18,3.71
5G,143.92,Jio,13.01049,33,80.235961,-115.0,16:19,22.55
4G,17.49,Airtel,13.010413,32,80.233598,-93.0,16:20,15.01
4G,5.43,Jio,13.009078,26,80.236183,-112.0,16:22,25.05
4G,8.18,Jio,13.013948,25,80.234487,-118.0,16:22,6.16
4G,18.58,Jio,13.012373,43,80.23255,-98.0,16:23,32.49
4G,11.94,Jio,13.013378,28,80.234408,-120.0,16:26,2.72
4G,31.95,Jio,13.01093,30,80.234166,-91.0,16:26,62.76
4G,25.77,Jio,13.014093,43,80.235318,-98.0,16:29,14.91
4G,78.05,Jio,13.011118,16,80.233557,-100.0,16:29,45.56
4G,71.08,Jio,13.009076,50,80.235665,-108.0,16:30,25.63
4G,32.59,Jio,13.010772,40,80.236453,-83.0,16:31,52.07
4G,42.93,Jio,13.012653,31,80.235697,-87.0,16:34,37.09
4G,13.97,Jio,13.009855,18,80.236171,-92.0,16:37,9.9
4G,14.77,Jio,13.010155,26,80.236336,-100.0,16:39,17.91
4G,80.5,Jio,13.010547,41,80.236315,-94.0,16:40,12.86
5G,155.18,Jio,13.010601,15,80.234833,-83.0,16:46,46.12
4G,52.71,Jio,13.012728,35,80.235688,-91.0,16:53,17.52
4G,22.07,Jio,13.013339,29,80.234559,-116.0,16:53,9.33
4G,64.77,Jio,13.012808,32,80.235319,-92.0,16:54,4.64
4G,15.9,Airtel,13.012437,17,80.233414,-90.0,16:55,4.05
4G,15.82,Airtel,13.01104,42,80.236545,-100.0,16:56,47.82
4G,20.95,Airtel,13.013811,50,80.234573,-83.0,16:57,2.27
4G,13.97,Airtel,13.012297,38,80.234727,-116.0,16:58,16.29
4G,13.9,Jio,13.009518,10,80.236264,-101.0,17:05,7.23
4G,63.86,Jio,13.01233,49,80.234923,-113.0,17:06,20.4
4G,27.31,Jio,13.009067,43,80.236243,-118.0,17:07,0.1
5G,228.59,Jio,13.010447,49,80.235295,-83.0,17:09,17.53
4G,37.13,Jio,13.009192,39,80.235456,-112.0,17:11,16.1
5G,197.72,Jio,13.008448,11,80.235201,-114.0,17:16,32.97
4G,11.64,Airtel,13.014289,37,80.23601,-90.0,17:16,3.2
5G,123.71,Airtel,13.009489,41,80.236189,-119.0,17:17,15.64
4G,49.51,Jio,13.009275,16,80.235573,-108.0,17:25,12.82
4G,10.92,Jio,13.011961,37,80.233801,-96.0,17:27,7.35
4G,11.35,Jio,13.010803,47,80.236391,-117.0,17:28,3.51
5G,107.32,Jio,13.012926,18,80.235363,-95.0,17:29,10.68
4G,67.84,Jio,13.009998,36,80.236302,-103.0,17:30,64.22
4G,17.17,Airtel,13.011061,32,80.233027,-100.0,17:31,11.7
4G,63.83,Jio,13.012669,32,80.23567,-107.0,17:35,48.94
4G,39.15,Airtel,13.013471,14,80.234913,-118.0,17:35,9.71
4G,66.79,Jio,13.012866,17,80.235327,-95.0,17:37,1.57
4G,44.41,Jio,13.009115,39,80.23554,-87.0,17:38,10.57
4G,27.47,Jio,13.013334,17,80.234204,-86.0,17:40,19.3
4G,55.33,Jio,13.012218,10,80.234942,-95.0,17:42,25.71
4G,16.81,Airtel,13.010356,29,80.234078,-95.0,17:42,17.6
4G,13.99,Airtel,13.014576,50,80.237548,-80.0,17:43,1.05
4G,82.75,Airtel,13.012903,23,80.235399,-120.0,17:43,2.17
4G,18.44,Jio,13.013837,28,80.23493,-98.0,17:43,7.0
5G,174.42,Airtel,13.010301,37,80.235753,-108.0,17:46,51.66
4G,15.21,Airtel,13.00986,45,80.234003,-86.0,17:46,13.72
4G,12.01,Jio,13.010534,30,80.236344,-95.0,17:53,5.65
4G,75.96,Jio,13.011048,47,80.233186,-82.0,17:54,31.37
5G,131.38,Jio,13.010743,42,80.234857,-106.0,17:54,15.53
4G,5.05,Jio,13.014333,48,80.238376,-97.0,17:54,3.17
4G,16.58,Jio,13.009944,43,80.23347,-107.0,17:54,10.42
5G,163.11,Jio,13.010702,12,80.23509,-95.0,17:55,47.31
4G,53.69,Jio,13.012357,45,80.235685,-88.0,17:56,15.22
4G,31.53,Jio,13.013325,21,80.234426,-120.0,17:57,3.01
4G,12.79,Jio,13.01434,28,80.238507,-87.0,17:59,4.92
4G,63.75,Jio,13.012218,39,80.234902,-93.0,18:00,15.47
4G,17.98,Jio,13.009838,20,80.233706,-93.0,18:01,5.2
4G,48.23,Jio,13.012289,19,80.233905,-102.0,18:02,6.46
4G,20.12,Jio,13.013852,43,80.234294,-93.0,18:08,5.1
4G,42.52,Jio,13.012357,33,80.235691,-116.0,18:08,7.26
5G,228.71,Jio,13.010361,39,80.235977,-89.0,18:11,30.48
4G,6.79,Jio,13.011296,45,80.236523,-110.0,18:15,6.31
5G,149.34,Airtel,13.010549,26,80.235957,-90.0,18:16,59.18
4G,9.14,Jio,13.013025,24,80.234142,-82.0,18:18,0.58
4G,16.33,Airtel,13.011583,29,80.232606,-92.0,18:18,39.78
4G,17.76,Airtel,13.009857,29,80.233603,-100.0,18:20,12.74
4G,22.63,Jio,13.01391,44,80.234604,-118.0,18:22,2.12
4G,19.01,Jio,13.014358,43,80.239028,-117.0,18:22,0.49
4G,22.65,Jio,13.014176,11,80.23524,-80.0,18:24,7.8
4G,23.67,Jio,13.013385,32,80.234448,-110.0,18:25,8.44
4G,3.12,Airtel,13.014209,31,80.23607,-106.0,18:27,6.16
4G,70.29,Jio,13.00938,38,80.236287,-88.0,18:27,43.45
5G,150.07,Jio,13.013491,20,80.235012,-89.0,18:33,40.1
4G,67.87,Airtel,13.013272,50,80.235011,-85.0,18:34,32.83
4G,24.21,Jio,13.013024,42,80.234128,-117.0,18:37,0.49
4G,19.52,Jio,13.013393,42,80.234244,-93.0,18:39,6.75
4G,21.62,Jio,13.010152,49,80.236309,-85.0,18:41,0.97
4G,20.02,Jio,13.010458,19,80.236361,-113.0,18:42,2.03
5G,112.44,Jio,13.012374,16,80.2357,-120.0,18:46,17.15
4G,26.87,Jio,13.012933,19,80.23409,-96.0,18:46,7.8
5G,117.71,Jio,13.009507,26,80.234308,-80.0,18:46,21.89
4G,17.79,Airtel,13.011064,16,80.232958,-97.0,18:48,9.21
4G,85.25,Jio,13.012429,21,80.235783,-100.0,18:48,16.42
4G,21.02,Jio,13.009307,10,80.23538,-81.0,18:55,24.55
4G,75.71,Jio,13.011046,47,80.23355,-85.0,18:56,33.98
4G,20.33,Airtel,13.013336,15,80.234692,-109.0,19:00,8.93
4G,11.08,Airtel,13.010366,43,80.233835,-84.0,19:01,13.64
4G,51.19,Jio,13.012878,50,80.23562,-93.0,19:02,1.89
4G,29.8,Jio,13.013337,15,80.234126,-97.0,19:03,5.4
4G,11.88,Jio,13.01004,28,80.233907,-102.0,19:03,23.89
4G,31.45,Jio,13.011096,27,80.233206,-85.0,19:04,46.0
4G,11.01,Airtel,13.014255,38,80.236459,-107.0,19:06,6.74
4G,13.99,Airtel,13.013307,38,80.234118,-85.0,19:06,2.89
4G,29.97,Jio,13.012199,18,80.234021,-116.0,19:13,13.75
5G,191.53,Airtel,13.010431,31,80.234615,-89.0,19:14,48.87
4G,54.56,Airtel,13.012258,45,80.235626,-87.0,19:15,25.82
5G,106.95,Jio,13.009343,48,80.235357,-88.0,19:15,35.96
4G,82.06,Jio,13.010125,24,80.236341,-89.0,19:16,31.54
5G,217.53,Jio,13.010552,23,80.235927,-99.0,19:21,34.45
4G,19.39,Jio,13.011357,42,80.236437,-118.0,19:21,7.18
4G,21.57,Airtel,13.011164,16,80.232651,-95.0,19:22,4.08
4G,40.83,Jio,13.011136,29,80.232563,-115.0,19:22,33.98
4G,19.11,Jio,13.01237,47,80.235066,-116.0,19:24,12.69
4G,86.46,Jio,13.012832,36,80.235246,-84.0,19:24,7.73
5G,135.69,Jio,13.013365,14,80.234939,-116.0,19:31,2.38
4G,17.1,Jio,13.011367,15,80.233132,-84.0,19:34,28.97
4G,15.09,Jio,13.012179,41,80.233987,-84.0,19:40,6.16
5G,190.04,Jio,13.009693,25,80.235044,-104.0,19:42,39.09
4G,90.31,Jio,13.012927,45,80.235393,-119.0,19:42,11.54
4G,16.53,Jio,13.014178,41,80.236155,-83.0,19:43,5.85
4G,19.83,Airtel,13.014127,19,80.23621,-93.0,19:43,1.33
4G,77.1,Airtel,13.010958,35,80.234024,-82.0,19:43,3.01
4G,92.56,Airtel,13.011078,17,80.2336,-93.0,19:44,27.98
4G,14.44,Airtel,13.00984,40,80.236276,-86.0,19:45,58.97
4G,18.64,Jio,13.012298,49,80.234105,-107.0,19:45,12.42
5G,143.11,Jio,13.013314,18,80.234657,-118.0,19:45,4.3
4G,21.42,Jio,13.012654,27,80.235793,-114.0,19:47,36.12
4G,68.2,Airtel,13.011058,21,80.233488,-86.0,19:48,28.78
5G,129.12,Airtel,13.011932,50,80.232476,-93.0,19:48,14.5
5G,143.86,Airtel,13.008647,34,80.235016,-92.0,19:48,19.26
4G,38.22,Airtel,13.010935,46,80.234016,-99.0,19:49,29.66
4G,14.47,Jio,13.00993,41,80.233569,-95.0,19:49,13.57
4G,69.31,Jio,13.012826,12,80.235318,-99.0,19:55,3.52
4G,4.09,Jio,13.014648,18,80.238849,-95.0,19:55,2.79
4G,32.12,Airtel,13.01335,46,80.234726,-113.0,19:57,15.08
4G,27.98,Airtel,13.011455,44,80.232543,-94.0,08:00,8.23
4G,39.56,Airtel,13.012211,17,80.234593,-86.0,08:01,5.33
4G,19.82,Jio,13.010421,32,80.236259,-117.0,08:02,9.51
5G,124.46,Airtel,13.010073,12,80.234373,-107.0,08:02,26.25
4G,10.49,Jio,13.010233,23,80.233891,-88.0,08:03,8.61
4G,21.48,Jio,13.011114,47,80.233521,-112.0,08:03,49.05
5G,179.78,Jio,13.010576,15,80.234774,-81.0,08:12,10.31
4G,95.12,Jio,13.012584,14,80.235714,-92.0,08:14,23.0
4G,46.47,Airtel,13.013388,25,80.234276,-97.0,08:14,11.51
4G,91.21,Jio,13.011856,18,80.232477,-105.0,08:16,44.34
4G,98.79,Jio,13.010536,49,80.235929,-119.0,08:16,18.96
5G,119.82,Jio,13.01296,49,80.235237,-98.0,08:18,9.96
4G,4.54,Jio,13.014226,39,80.236519,-86.0,08:23,5.59
4G,20.74,Jio,13.012936,45,80.235237,-111.0,08:24,12.56
4G,10.82,Jio,13.014487,18,80.237905,-108.0,08:27,1.58
4G,76.48,Jio,13.012328,18,80.235538,-104.0,08:27,23.59
4G,98.6,Jio,13.011866,38,80.232522,-92.0,08:28,38.84
4G,48.03,Airtel,13.013381,29,80.234566,-88.0,08:32,11.45
4G,17.49,Jio,13.00994,15,80.233617,-80.0,08:32,20.17
4G,8.47,Jio,13.014424,21,80.237305,-119.0,08:33,9.95
5G,136.56,Airtel,13.009237,31,80.235653,-107.0,08:34,12.71
4G,15.82,Airtel,13.010755,33,80.234672,-106.0,08:35,47.82
5G,173.36,Airtel,13.010332,33,80.236133,-118.0,08:35,65.72
4G,93.18,Airtel,13.011085,29,80.233085,-107.0,08:35,15.9
4G,45.39,Airtel,13.012222,16,80.234733,-103.0,08:36,14.91
5G,122.82,Jio,13.010144,10,80.234889,-111.0,08:39,6.43
5G,122.02,Jio,13.013463,23,80.23473,-86.0,08:41,34.6
4G,25.51,Jio,13.00942,34,80.236173,-82.0,08:44,13.75
4G,52.2,Airtel,13.010091,49,80.234678,-95.0,08:44,21.7
5G,221.4,Jio,13.010754,44,80.236451,-80.0,08:46,43.6
5G,103.98,Jio,13.012658,20,80.235772,-114.0,08:47,0.67
4G,29.53,Airtel,13.013391,50,80.234366,-87.0,08:49,13.32
4G,27.21,Jio,13.0106,16,80.23465,-106.0,08:54,9.93
5G,117.84,Jio,13.010459,18,80.23613,-89.0,08:56,54.46
5G,109.31,Airtel,13.012757,28,80.235766,-92.0,09:02,15.61
5G,190.96,Jio,13.010514,37,80.236301,-82.0,09:04,45.25
4G,12.41,Airtel,13.009284,49,80.235464,-89.0,09:05,13.2
4G,14.66,Jio,13.010328,35,80.233756,-87.0,09:05,9.74
4G,43.4,Airtel,13.013363,19,80.234677,-108.0,09:06,2.65
4G,25.86,Jio,13.01292,33,80.234056,-111.0,09:09,7.24
4G,35.78,Jio,13.013383,28,80.234355,-103.0,09:13,9.17
4G,49.12,Jio,13.010974,49,80.23392,-97.0,09:16,21.66
4G,3.15,Jio,13.014322,13,80.236475,-94.0,09:19,2.6
4G,46.8,Airtel,13.013394,20,80.234154,-95.0,09:22,10.62
4G,42.85,Jio,13.011203,37,80.233158,-109.0,09:29,65.23
4G,57.42,Jio,13.011024,43,80.233211,-86.0,09:30,19.77
4G,41.31,Airtel,13.011721,12,80.233829,-108.0,09:30,16.82
5G,127.43,Jio,13.010481,14,80.236038,-101.0,09:31,23.14
4G,19.46,Jio,13.010366,40,80.233588,-102.0,09:31,9.51
4G,6.27,Jio,13.013495,43,80.234954,-85.0,09:36,19.17
4G,22.74,Jio,13.012296,36,80.234687,-106.0,09:36,14.77
4G,28.78,Airtel,13.010984,10,80.234163,-118.0,09:37,60.26
5G,104.97,Jio,13.010466,33,80.236023,-102.0,09:37,54.12
5G,136.34,Jio,13.009042,50,80.234567,-118.0,09:38,11.16
4G,24.82,Airtel,13.012937,24,80.234084,-116.0,09:38,6.54
4G,27.17,Jio,13.014085,33,80.235214,-84.0,09:47,8.11
5G,128.25,Jio,13.010466,19,80.236074,-97.0,09:49,44.43
4G,2.8,Jio,13.014266,17,80.236285,-100.0,09:50,2.35
4G,26.15,Jio,13.014217,19,80.235357,-114.0,09:52,1.27
5G,146.66,Jio,13.009592,50,80.235451,-84.0,09:52,42.86
4G,77.96,Jio,13.011276,35,80.233096,-109.0,09:57,44.7
4G,80.6,Jio,13.011547,31,80.233146,-85.0,10:01,53.03
4G,14.25,Jio,13.01036,49,80.23372,-114.0,10:03,6.41
4G,19.7,Airtel,13.014146,42,80.23516,-118.0,10:03,2.76
4G,27.78,Jio,13.011438,17,80.233811,-116.0,10:07,18.13
4G,11.27,Airtel,13.009846,48,80.234348,-117.0,10:07,13.9
5G,103.0,Jio,13.012803,32,80.235151,-116.0,10:08,10.61
4G,25.95,Jio,13.014241,21,80.235101,-97.0,10:08,3.77
4G,49.78,Airtel,13.012182,41,80.235318,-98.0,10:10,9.12
4G,61.47,Jio,13.012343,11,80.236008,-115.0,10:10,8.1
4G,11.37,Airtel,13.011095,29,80.233596,-93.0,10:11,29.66
4G,56.82,Airtel,13.011049,34,80.232698,-117.0,10:12,32.09
4G,12.51,Jio,13.010404,28,80.234082,-105.0,10:17,20.85
4G,10.47,Jio,13.011079,47,80.233528,-91.0,10:17,31.33
4G,15.93,Jio,13.010349,44,80.234039,-119.0,10:18,18.05
5G,158.96,Jio,13.009639,15,80.235382,-83.0,10:20,12.73
4G,32.28,Airtel,13.011171,18,80.232473,-89.0,10:26,54.78
4G,4.3,Airtel,13.013336,26,80.234682,-89.0,10:27,7.86
4G,15.83,Jio,13.01437,14,80.237763,-101.0,10:32,1.72
4G,67.84,Jio,13.011352,41,80.23313,-110.0,10:32,64.22
4G,45.49,Airtel,13.012261,50,80.234211,-108.0,10:36,0.73
4G,16.86,Jio,13.013027,26,80.23451,-102.0,10:36,5.91
4G,23.95,Jio,13.01236,30,80.235759,-93.0,10:37,2.14
4G,10.79,Jio,13.01441,46,80.238458,-108.0,10:38,9.28
4G,11.92,Jio,13.014239,16,80.236155,-118.0,10:39,3.2
5G,126.91,Jio,13.01031,27,80.235892,-98.0,10:40,21.77
4G,37.37,Jio,13.012701,34,80.232491,-81.0,10:41,32.52
5G,178.08,Jio,13.010652,33,80.235062,-111.0,10:41,16.85
4G,83.49,Airtel,13.012825,47,80.235509,-87.0,10:42,16.3
4G,13.57,Jio,13.010316,49,80.234181,-101.0,10:44,9.28
5G,119.45,Jio,13.011437,14,80.233144,-117.0,10:45,24.67
4G,41.95,Airtel,13.009995,18,80.236276,-95.0,10:45,40.82
4G,56.93,Jio,13.011131,43,80.232767,-111.0,10:48,34.39
4G,13.54,Jio,13.013838,30,80.234614,-93.0,10:50,1.81
4G,38.54,Airtel,13.013398,37,80.234169,-84.0,10:51,11.89
4G,17.23,Jio,13.009801,31,80.233724,-99.0,10:51,16.4
4G,76.65,Jio,13.012298,25,80.232547,-101.0,10:52,2.65
4G,84.03,Airtel,13.012872,45,80.235662,-81.0,10:52,6.7
4G,29.47,Jio,13.013796,15,80.235024,-102.0,10:54,2.4
4G,98.06,Jio,13.009124,17,80.235472,-98.0,10:56,26.1
4G,36.18,Jio,13.011071,22,80.233666,-87.0,10:56,3.19
4G,18.43,Airtel,13.014306,32,80.236619,-110.0,10:57,3.77
4G,12.7,Airtel,13.009328,29,80.235423,-103.0,10:57,20.61
4G,84.24,Airtel,13.011092,42,80.232955,-101.0,11:02,34.58
4G,78.71,Jio,13.011175,16,80.233014,-93.0,11:03,49.82
4G,22.53,Jio,13.011043,17,80.236435,-92.0,11:04,3.03
4G,0.75,Airtel,13.014405,26,80.237376,-101.0,11:09,6.52
4G,1.41,Jio,13.014181,47,80.236666,-97.0,11:09,7.25
4G,81.62,Airtel,13.011036,41,80.23355,-114.0,11:16,34.18
4G,96.21,Jio,13.011231,26,80.233129,-94.0,11:17,16.73
4G,22.53,Airtel,13.014266,39,80.235292,-106.0,11:19,3.03
4G,11.38,Airtel,13.01458,45,80.238176,-114.0,11:19,6.96
4G,11.94,Jio,13.014432,39,80.238483,-84.0,11:23,9.84
4G,42.78,Jio,13.012793,30,80.235651,-82.0,11:23,30.49
4G,67.76,Jio,13.010956,10,80.234292,-120.0,11:24,37.42
4G,59.29,Jio,13.011095,31,80.233571,-83.0,11:25,35.29
4G,23.59,Jio,13.011238,32,80.23382,-118.0,11:27,8.64
4G,37.94,Airtel,13.013337,33,80.234493,-93.0,11:30,8.19
4G,4.95,Jio,13.014243,13,80.236396,-94.0,11:30,7.35
4G,11.57,Jio,13.010104,21,80.234097,-110.0,11:34,25.57
4G,11.16,Jio,13.009987,37,80.233836,-112.0,11:36,14.05
4G,22.5,Jio,13.01412,19,80.235139,-82.0,11:36,2.7
4G,10.28,Jio,13.014588,15,80.237879,-92.0,11:39,2.28
4G,24.93,Airtel,13.012345,13,80.233482,-116.0,11:41,4.01
4G,64.77,Jio,13.010108,50,80.236268,-84.0,11:41,4.64
4G,11.16,Airtel,13.009182,36,80.235453,-82.0,11:42,20.19
4G,19.48,Jio,13.0143,34,80.236625,-95.0,11:42,7.49
4G,14.34,Airtel,13.014294,36,80.236692,-97.0,11:44,1.26
4G,45.62,Airtel,13.009849,34,80.23615,-114.0,11:45,8.07
4G,89.71,Airtel,13.011197,37,80.232487,-96.0,11:47,24.97
4G,19.23,Airtel,13.010453,21,80.236256,-99.0,11:49,4.58
4G,24.7,Airtel,13.012819,12,80.235568,-96.0,11:50,8.33
4G,38.43,Jio,13.010992,19,80.233972,-86.0,11:50,22.99
4G,10.37,Airtel,13.010264,43,80.234343,-104.0,11:51,25.42
4G,18.46,Jio,13.01438,30,80.238335,-98.0,11:53,0.06
5G,104.62,Jio,13.009483,47,80.236196,-120.0,11:56,1.45
4G,41.54,Jio,13.011076,29,80.232785,-108.0,11:56,57.18
5G,116.04,Airtel,13.011283,19,80.233114,-92.0,11:58,29.26
5G,121.1,Jio,13.009334,33,80.235717,-106.0,11:58,12.42
4G,13.01,Jio,13.01413,46,80.236377,-108.0,11:59,7.53
4G,11.27,Jio,13.013362,21,80.234433,-120.0,11:59,4.67
4G,44.64,Jio,13.01218,38,80.234024,-96.0,12:00,13.25
4G,15.15,Jio,13.009991,44,80.233549,-111.0,12:00,16.1
4G,41.76,Airtel,13.013382,47,80.234715,-97.0,12:02,1.99
4G,46.02,Airtel,13.011465,14,80.233852,-114.0,12:03,16.31
4G,97.11,Jio,13.012665,39,80.235721,-96.0,12:04,6.03
4G,38.61,Jio,13.010012,34,80.234423,-103.0,12:06,9.84
5G,105.81,Jio,13.010711,39,80.23559,-102.0,12:07,42.48
4G,79.72,Jio,13.012169,43,80.235087,-81.0,12:08,5.22
5G,121.17,Jio,13.01235,21,80.235703,-112.0,12:08,16.25
5G,141.59,Jio,13.009112,36,80.235587,-115.0,12:10,13.84
4G,27.85,Airtel,13.011068,17,80.236536,-86.0,12:10,11.86
4G,96.04,Jio,13.011095,34,80.233475,-111.0,12:14,31.39
4G,18.1,Airtel,13.010366,11,80.233509,-112.0,12:14,18.62
4G,35.6,Jio,13.008966,38,80.23567,-119.0,12:14,19.44
5G,114.32,Airtel,13.010641,45,80.23482,-86.0,12:15,46.02
4G,12.47,Airtel,13.010335,47,80.233562,-87.0,12:16,23.23
4G,76.73,Airtel,13.009776,22,80.236254,-116.0,12:16,26.47
4G,5.51,Jio,13.014358,25,80.237202,-82.0,12:17,3.63
4G,11.43,Jio,13.01042,15,80.233515,-88.0,12:20,22.5
4G,97.39,Jio,13.010966,25,80.234062,-100.0,12:22,43.73
4G,35.25,Jio,13.013321,36,80.234574,-89.0,12:22,16.65
4G,3.04,Airtel,13.014644,19,80.238178,-98.0,12:23,7.49
4G,52.19,Jio,13.011439,12,80.2331,-86.0,12:23,40.71
4G,45.65,Jio,13.009081,22,80.235515,-94.0,12:24,21.56
4G,12.71,Airtel,13.009246,28,80.236202,-119.0,12:25,4.07
4G,66.68,Jio,13.01143,30,80.232496,-83.0,12:26,38.46
4G,16.02,Jio,13.014534,36,80.238894,-100.0,12:29,4.54
4G,4.05,Jio,13.010332,41,80.236293,-105.0,12:29,17.49
4G,36.31,Jio,13.012705,19,80.235796,-105.0,12:30,18.39
4G,10.85,Jio,13.010951,18,80.234039,-114.0,12:30,44.57
4G,11.89,Jio,13.010385,17,80.233893,-105.0,12:33,27.24
4G,89.17,Jio,13.012353,26,80.235362,-111.0,12:35,17.77
5G,204.85,Airtel,13.009406,39,80.23528,-96.0,12:36,22.3
5G,129.06,Jio,13.013481,49,80.234648,-93.0,12:39,30.82
4G,61.89,Jio,13.01112,20,80.236518,-120.0,12:39,36.56
4G,61.89,Jio,13.011071,27,80.232753,-102.0,12:40,36.56
4G,14.27,Jio,13.010344,16,80.233872,-120.0,12:40,17.27
4G,30.33,Jio,13.011813,22,80.233807,-103.0,12:41,11.37
4G,20.38,Jio,13.012244,13,80.233992,-95.0,12:42,8.55
4G,14.1,Jio,13.010375,25,80.233954,-118.0,12:43,22.86
5G,214.21,Airtel,13.010522,13,80.235755,-86.0,12:53,46.52
4G,71.14,Jio,13.010674,35,80.234922,-120.0,12:55,35.03
5G,178.55,Jio,13.01041,29,80.236016,-89.0,12:56,66.47
4G,44.91,Jio,13.011834,44,80.233811,-110.0,12:57,0.38
4G,60.05,Airtel,13.010381,25,80.236281,-112.0,12:58,79.9
4G,6.82,Jio,13.012916,48,80.23441,-86.0,12:59,8.86
4G,15.54,Jio,13.011119,47,80.232753,-113.0,13:03,32.23
4G,14.16,Jio,13.01055,15,80.236356,-108.0,13:05,7.35
4G,98.26,Jio,13.011161,46,80.232764,-106.0,13:05,16.86
4G,20.33,Jio,13.013362,28,80.234889,-112.0,13:06,37.93
4G,77.26,Jio,13.012175,10,80.235559,-100.0,13:07,28.04
4G,6.79,Airtel,13.014528,23,80.238057,-95.0,13:10,6.31
4G,86.02,Jio,13.010749,17,80.234803,-109.0,13:11,67.83
4G,12.73,Jio,13.014167,22,80.235296,-102.0,13:13,2.76
4G,5.75,Airtel,13.012856,20,80.235123,-89.0,13:13,7.81
4G,19.65,Airtel,13.014651,15,80.238519,-112.0,13:14,2.56
4G,14.17,Airtel,13.012937,41,80.234771,-112.0,13:14,0.19
4G,5.36,Jio,13.014489,40,80.237221,-85.0,13:17,2.98
4G,10.94,Jio,13.009855,25,80.234043,-90.0,13:17,11.25
4G,30.6,Jio,13.010304,23,80.236305,-100.0,13:17,15.88
4G,12.71,Jio,13.014276,30,80.236409,-106.0,13:18,4.07
4G,17.65,Jio,13.014628,18,80.238979,-109.0,13:19,8.61
4G,19.11,Jio,13.014625,37,80.237076,-96.0,13:20,3.46
4G,16.73,Airtel,13.012915,26,80.234291,-114.0,13:24,2.9
4G,11.35,Jio,13.013936,39,80.235038,-112.0,13:24,3.51
4G,91.96,Airtel,13.011432,17,80.23259,-88.0,13:28,29.33
4G,89.7,Jio,13.009724,36,80.234432,-115.0,13:29,12.86
4G,19.47,Jio,13.009932,23,80.233507,-97.0,13:32,19.93
4G,39.22,Airtel,13.012279,42,80.234473,-83.0,13:33,9.61
4G,25.58,Airtel,13.010997,28,80.234336,-88.0,13:35,47.18
4G,7.62,Jio,13.013837,46,80.234228,-101.0,13:37,8.13
4G,88.52,Airtel,13.011104,42,80.233318,-103.0,13:38,40.0
4G,22.77,Airtel,13.013875,22,80.23502,-120.0,13:41,6.44
4G,12.44,Jio,13.009868,43,80.234302,-86.0,13:42,21.09
4G,14.19,Airtel,13.012189,14,80.234687,-114.0,13:50,7.95
4G,24.1,Jio,13.011283,42,80.233837,-117.0,13:50,7.83
4G,4.71,Jio,13.014261,45,80.23599,-98.0,13:51,9.07
4G,15.68,Airtel,13.010361,45,80.233996,-81.0,13:51,29.2
5G,109.8,Airtel,13.010247,18,80.235998,-102.0,13:51,21.39
4G,17.22,Jio,13.01125,49,80.232532,-84.0,13:53,32.34
4G,5.71,Jio,13.014523,26,80.237304,-102.0,13:56,6.18
4G,15.42,Airtel,13.012201,31,80.234196,-120.0,13:56,18.74
4G,1.32,Airtel,13.014161,29,80.23609,-92.0,14:02,9.24
4G,58.53,Jio,13.011587,30,80.233161,-80.0,14:04,71.52
4G,23.85,Jio,13.012415,33,80.233387,-84.0,14:05,16.82
4G,56.98,Jio,13.011119,25,80.233388,-88.0,14:06,14.93
4G,76.71,Jio,13.011065,42,80.23297,-94.0,14:08,28.04
5G,158.66,Jio,13.009832,33,80.236219,-107.0,14:09,65.71
4G,48.29,Airtel,13.010588,20,80.23636,-120.0,14:10,12.53
4G,14.15,Airtel,13.009173,18,80.235666,-87.0,14:10,17.22
4G,21.92,Airtel,13.012262,35,80.236491,-119.0,14:10,22.49
4G,30.6,Jio,13.013363,29,80.234578,-118.0,14:11,15.88
4G,6.99,Jio,13.013851,30,80.234779,-106.0,14:17,6.49
4G,43.15,Airtel,13.013351,24,80.234864,-86.0,14:19,28.96
4G,46.27,Jio,13.012793,22,80.232484,-100.0,14:28,10.78
4G,98.93,Airtel,13.01094,25,80.234243,-106.0,14:28,29.29
4G,16.17,Jio,13.010354,38,80.233646,-90.0,14:28,18.3
4G,17.32,Jio,13.012427,38,80.233438,-85.0,14:29,0.49
4G,59.15,Jio,13.013299,48,80.234906,-83.0,14:30,20.85
4G,19.8,Jio,13.009977,50,80.233536,-93.0,14:30,8.27
4G,64.53,Airtel,13.012883,32,80.234974,-118.0,14:34,17.8
4G,34.75,Airtel,13.009392,11,80.234724,-102.0,14:35,19.91
4G,19.51,Jio,13.009155,13,80.235693,-120.0,14:38,25.78
4G,69.89,Jio,13.012489,50,80.232513,-110.0,14:39,0.66
4G,26.17,Jio,13.012407,35,80.233352,-111.0,14:41,11.83
4G,95.94,Jio,13.009501,19,80.236256,-89.0,14:43,26.24
5G,126.91,Jio,13.011075,15,80.236505,-84.0,14:44,21.77
4G,2.79,Airtel,13.01385,33,80.234183,-97.0,14:50,8.76
4G,39.29,Airtel,13.013307,13,80.234219,-83.0,14:51,18.22
4G,28.49,Jio,13.012372,41,80.23368,-112.0,14:51,17.98
4G,17.01,Airtel,13.010069,27,80.234365,-98.0,14:52,17.01
5G,108.27,Jio,13.011359,20,80.236407,-106.0,14:54,21.44
4G,8.97,Jio,13.014594,42,80.238115,-115.0,14:57,0.84
4G,13.77,Jio,13.014123,28,80.235314,-84.0,14:57,11.28
4G,38.29,Jio,13.009163,50,80.235553,-120.0,14:58,16.23
4G,18.24,Jio,13.011165,26,80.233015,-103.0,14:59,14.49
5G,218.88,Jio,13.00934,30,80.235039,-105.0,15:02,29.49
4G,83.7,Jio,13.011038,18,80.233281,-101.0,15:02,12.58
4G,22.22,Airtel,13.012408,18,80.233749,-113.0,15:03,9.7
4G,24.23,Jio,13.012896,32,80.232654,-114.0,15:03,13.51
4G,19.43,Jio,13.014241,31,80.235786,-120.0,15:03,6.01
4G,0.21,Jio,13.014632,35,80.237202,-80.0,15:06,8.96
4G,35.91,Jio,13.013425,29,80.23476,-80.0,15:06,12.89
5G,138.27,Airtel,13.013271,25,80.234919,-98.0,15:11,18.59
4G,10.86,Jio,13.014559,27,80.23831,-93.0,15:13,7.62
4G,14.18,Jio,13.009894,20,80.233421,-111.0,15:14,9.51
4G,42.47,Jio,13.009245,33,80.236296,-114.0,15:14,14.21
4G,21.87,Jio,13.014096,28,80.235175,-101.0,15:22,4.51
4G,29.47,Airtel,13.012355,46,80.233523,-97.0,15:25,18.55
4G,10.36,Airtel,13.010322,12,80.234189,-120.0,15:26,6.81
4G,88.71,Jio,13.011624,33,80.232491,-94.0,15:28,12.47
4G,19.91,Airtel,13.012813,19,80.235494,-83.0,15:29,5.38
5G,102.48,Jio,13.013329,46,80.234665,-92.0,15:36,6.29
4G,87.16,Jio,13.011618,37,80.233133,-89.0,15:36,15.28
5G,110.37,Airtel,13.012936,36,80.234973,-118.0,15:37,11.59
4G,22.25,Jio,13.011598,11,80.233119,-94.0,15:37,7.95
4G,48.69,Jio,13.009459,49,80.234587,-88.0,15:38,26.6
5G,108.27,Jio,13.010431,25,80.236339,-111.0,15:39,21.44
4G,90.71,Jio,13.011543,20,80.23261,-103.0,15:41,16.31
4G,12.27,Airtel,13.012915,20,80.234601,-100.0,15:41,3.22
4G,18.1,Airtel,13.012211,24,80.233938,-91.0,15:42,14.31
4G,88.51,Jio,13.012651,39,80.235742,-97.0,15:43,7.6
4G,16.69,Jio,13.009011,11,80.235532,-109.0,15:44,10.93
4G,12.65,Jio,13.012925,37,80.234633,-93.0,15:45,8.11
4G,58.56,Airtel,13.012946,40,80.235081,-108.0,15:52,7.84
4G,79.07,Jio,13.011109,29,80.232684,-80.0,15:55,37.3
4G,43.12,Jio,13.009319,36,80.235685,-80.0,15:56,25.65
4G,42.15,Airtel,13.01198,48,80.232485,-112.0,15:56,18.8
4G,8.47,Airtel,13.011126,33,80.236407,-104.0,15:57,9.95
4G,4.05,Airtel,13.012392,42,80.235756,-99.0,16:04,17.49
5G,103.74,Airtel,13.01307,50,80.232614,-106.0,16:12,20.09
5G,212.69,Jio,13.009636,43,80.235116,-111.0,16:12,40.37
4G,15.37,Jio,13.009831,23,80.233873,-104.0,16:14,8.27
5G,168.57,Airtel,13.010379,40,80.235597,-80.0,16:14,22.68
5G,111.63,Airtel,13.00932,22,80.235558,-105.0,16:15,18.81
4G,17.77,Jio,13.014166,19,80.235244,-114.0,16:18,6.89
4G,63.03,Airtel,13.011054,46,80.233098,-118.0,16:18,6.17
4G,15.26,Jio,13.012363,18,80.233475,-107.0,16:19,3.64
5G,117.35,Airtel,13.008859,22,80.234712,-91.0,16:21,5.79
4G,12.92,Airtel,13.011363,19,80.233791,-105.0,16:22,10.89
4G,35.32,Jio,13.012427,47,80.233418,-81.0,16:25,19.12
4G,37.21,Jio,13.011025,27,80.233684,-109.0,16:25,12.13
5G,105.75,Airtel,13.012929,14,80.235148,-86.0,16:26,6.2
5G,111.04,Jio,13.00935,12,80.235425,-117.0,16:26,24.66
4G,3.4,Jio,13.014242,44,80.235821,-117.0,16:30,5.12
5G,122.88,Jio,13.00866,49,80.234605,-81.0,16:31,14.86
4G,58.62,Jio,13.011308,44,80.233152,-87.0,16:32,56.69
5G,127.29,Jio,13.010388,40,80.236048,-90.0,16:33,36.03
4G,13.69,Airtel,13.012916,10,80.23553,-114.0,16:38,19.28
4G,12.37,Airtel,13.010367,32,80.233564,-93.0,16:39,29.89
4G,26.81,Jio,13.012376,17,80.233582,-91.0,16:39,3.59
4G,78.48,Jio,13.01027,21,80.236111,-83.0,16:46,65.42
4G,31.44,Jio,13.013343,36,80.234117,-88.0,16:48,4.88
4G,21.02,Jio,13.013391,49,80.234867,-106.0,16:50,2.98
4G,22.88,Jio,13.011192,49,80.236507,-119.0,16:53,0.42
4G,25.51,Jio,13.013404,44,80.234465,-93.0,16:55,13.75
4G,97.49,Jio,13.012375,30,80.235681,-85.0,16:58,19.35
4G,12.82,Jio,13.013919,14,80.234205,-80.0,17:00,6.92
4G,90.48,Jio,13.011106,44,80.232816,-98.0,17:01,51.35
4G,65.4,Jio,13.010746,23,80.236436,-114.0,17:02,16.9
4G,17.22,Airtel,13.010562,40,80.236323,-111.0,17:10,32.34
4G,11.79,Jio,13.010724,11,80.236399,-87.0,17:13,5.78
4G,18.67,Airtel,13.01014,23,80.234361,-119.0,17:14,7.7
4G,12.67,Jio,13.011794,48,80.232655,-81.0,17:16,23.14
5G,129.58,Jio,13.010143,45,80.234508,-92.0,17:16,6.28
4G,60.54,Jio,13.011103,48,80.232786,-114.0,17:16,53.25
4G,27.41,Airtel,13.00969,50,80.235104,-114.0,17:20,10.26
4G,45.62,Jio,13.01337,36,80.23426,-113.0,17:21,8.07
4G,40.88,Jio,13.012328,33,80.234605,-98.0,17:23,9.96
4G,55.45,Jio,13.009124,16,80.23467,-88.0,17:27,18.7
4G,33.96,Jio,13.009758,33,80.236147,-120.0,17:27,27.6
4G,14.49,Airtel,13.009604,20,80.236184,-89.0,17:27,9.98
5G,149.65,Jio,13.013273,18,80.23486,-114.0,17:29,39.3
5G,108.25,Jio,13.01235,11,80.235726,-94.0,17:29,14.52
5G,135.42,Jio,13.013008,47,80.232522,-111.0,17:31,28.62
4G,65.4,Airtel,13.012413,44,80.235656,-117.0,17:31,16.9
4G,31.59,Jio,13.013309,23,80.234548,-113.0,17:34,10.95
4G,6.28,Airtel,13.012355,21,80.235754,-102.0,17:35,2.28
5G,122.85,Jio,13.012811,45,80.232609,-116.0,17:35,43.21
4G,57.25,Jio,13.011099,15,80.233293,-104.0,17:38,57.18
4G,11.09,Jio,13.014435,39,80.238626,-89.0,17:38,6.54
4G,22.78,Airtel,13.01241,43,80.2362,-116.0,17:39,5.35
4G,76.39,Airtel,13.009629,26,80.234451,-119.0,17:40,16.31
4G,17.05,Jio,13.009911,31,80.233476,-84.0,17:40,29.83
4G,22.23,Jio,13.014114,39,80.235369,-99.0,17:42,10.96
4G,31.55,Jio,13.013439,35,80.234946,-87.0,17:45,23.69
4G,56.84,Jio,13.011492,46,80.233092,-96.0,17:45,16.22
5G,161.2,Jio,13.01041,22,80.235811,-93.0,17:46,64.36
4G,13.12,Jio,13.012959,34,80.234082,-101.0,17:47,1.34
4G,19.1,Jio,13.012369,34,80.236321,-118.0,17:48,29.66
4G,11.04,Jio,13.010161,23,80.234045,-86.0,17:48,9.74
5G,147.41,Jio,13.012464,27,80.235739,-87.0,17:49,19.15
4G,69.68,Airtel,13.011117,34,80.23288,-93.0,17:51,39.37
4G,18.9,Jio,13.012297,42,80.236023,-98.0,17:54,11.59
4G,78.6,Jio,13.011123,13,80.232744,-93.0,17:54,25.65
4G,27.94,Jio,13.009878,22,80.234929,-104.0,17:56,18.15
5G,221.4,Jio,13.009416,26,80.235155,-118.0,17:59,43.6
4G,17.09,Airtel,13.013326,14,80.234223,-119.0,18:01,7.76
4G,23.76,Airtel,13.009578,47,80.236213,-113.0,18:02,5.85
4G,6.85,Airtel,13.014576,26,80.237097,-95.0,18:04,3.45
4G,36.87,Jio,13.011538,16,80.233845,-105.0,18:07,17.7
4G,17.36,Jio,13.011487,12,80.233122,-108.0,18:08,2.7
5G,120.12,Jio,13.013483,20,80.234894,-89.0,18:10,16.39
4G,18.51,Airtel,13.014395,46,80.238091,-88.0,18:11,7.28
4G,14.54,Jio,13.009807,37,80.234144,-104.0,18:13,15.39
5G,146.23,Airtel,13.011931,10,80.232531,-111.0,18:19,13.97
5G,164.85,Jio,13.010654,21,80.234768,-91.0,18:20,34.92
5G,107.96,Airtel,13.013063,25,80.232495,-87.0,18:20,47.09
4G,43.06,Jio,13.009322,41,80.234711,-116.0,18:21,23.45
4G,72.14,Jio,13.012907,44,80.235281,-83.0,18:22,12.09
5G,195.24,Airtel,13.009683,28,80.235588,-119.0,18:23,10.79
4G,34.85,Airtel,13.01237,14,80.23571,-114.0,18:25,0.18
4G,6.51,Jio,13.014158,50,80.236265,-115.0,18:27,8.08
4G,87.0,Airtel,13.010544,18,80.234566,-116.0,18:30,31.63
4G,99.94,Airtel,13.010725,48,80.234752,-116.0,18:30,50.73
4G,48.73,Airtel,13.011012,44,80.236362,-105.0,18:33,0.32
4G,40.39,Airtel,13.008926,19,80.2355,-84.0,18:35,47.83
4G,13.13,Jio,13.012394,19,80.235532,-115.0,18:36,14.76
4G,62.2,Airtel,13.011584,44,80.233111,-103.0,18:38,16.31
4G,21.39,Airtel,13.009026,23,80.235428,-102.0,18:40,10.01
4G,81.34,Jio,13.010448,19,80.236272,-103.0,18:42,59.02
4G,11.85,Jio,13.010033,33,80.233987,-119.0,18:42,29.16
4G,7.38,Jio,13.014581,19,80.237195,-94.0,18:43,5.75
4G,18.88,Jio,13.014328,41,80.238906,-106.0,18:43,3.4
4G,16.76,Airtel,13.010394,30,80.234064,-96.0,18:44,6.16
4G,11.15,Jio,13.009984,41,80.233641,-120.0,18:46,25.26
4G,62.67,Jio,13.011608,49,80.233123,-94.0,18:48,26.16
4G,6.97,Airtel,13.014628,35,80.23719,-110.0,18:49,9.57
4G,18.09,Jio,13.009989,45,80.233451,-114.0,18:49,6.25
5G,114.89,Jio,13.012629,27,80.235698,-120.0,18:50,13.91
4G,48.86,Jio,13.008786,28,80.235363,-110.0,18:53,11.24
4G,16.63,Jio,13.013017,29,80.23478,-83.0,18:53,3.76
4G,15.87,Airtel,13.013913,34,80.235059,-82.0,18:54,4.25
4G,18.44,Jio,13.009111,39,80.236165,-118.0,18:55,7.0
4G,15.13,Airtel,13.012211,14,80.234175,-119.0,18:58,15.6
5G,129.11,Airtel,13.01167,29,80.232651,-98.0,18:59,45.21
5G,129.18,Airtel,13.01131,45,80.233125,-83.0,18:59,22.41
4G,10.03,Airtel,13.014084,10,80.235357,-94.0,19:03,6.91
4G,67.83,Jio,13.012078,38,80.232561,-94.0,19:04,32.5
4G,41.23,Jio,13.012377,10,80.233548,-115.0,19:05,12.05
4G,14.11,Airtel,13.010385,22,80.233908,-90.0,19:05,9.09
4G,11.59,Jio,13.010145,38,80.233963,-85.0,19:05,20.54
4G,9.12,Airtel,13.013881,14,80.234972,-102.0,19:06,1.0
4G,16.25,Jio,13.014307,15,80.236735,-87.0,19:07,0.07
4G,17.54,Jio,13.014309,22,80.238353,-113.0,19:07,4.36
4G,27.59,Jio,13.013837,18,80.234356,-104.0,19:11,6.71
4G,78.34,Jio,13.012695,37,80.232473,-105.0,19:12,16.23
4G,19.62,Jio,13.010125,40,80.236298,-109.0,19:13,12.98
5G,123.71,Jio,13.009544,21,80.23625,-117.0,19:18,15.64
4G,63.25,Jio,13.01154,44,80.23312,-95.0,19:19,22.64
4G,84.56,Jio,13.01244,36,80.23616,-92.0,19:20,14.8
4G,1.41,Jio,13.009246,37,80.236256,-104.0,19:22,7.25
4G,26.15,Airtel,13.014147,31,80.23529,-97.0,19:23,0.69
4G,34.15,Airtel,13.009508,24,80.236284,-84.0,19:23,48.86
4G,17.7,Jio,13.012195,12,80.233901,-120.0,19:28,10.04
4G,30.88,Jio,13.012302,23,80.234418,-93.0,19:29,18.57
4G,40.76,Jio,13.010294,27,80.236324,-106.0,19:29,15.84
4G,67.97,Airtel,13.010951,26,80.233793,-100.0,19:30,68.33
4G,43.36,Jio,13.012548,38,80.235773,-117.0,19:33,48.46
5G,164.37,Jio,13.01042,22,80.235794,-111.0,19:33,69.77
4G,41.92,Jio,13.010997,38,80.233957,-120.0,19:34,25.03
4G,29.8,Jio,13.013076,42,80.234528,-107.0,19:39,5.67
4G,45.46,Jio,13.012318,27,80.234627,-107.0,19:40,5.96
4G,32.08,Jio,13.011101,32,80.233608,-116.0,19:41,12.89
5G,149.19,Jio,13.012383,18,80.232598,-112.0,19:42,49.35
4G,58.06,Jio,13.013461,50,80.234869,-116.0,19:48,40.47
4G,45.39,Airtel,13.012399,32,80.233676,-103.0,19:50,0.16
5G,120.64,Jio,13.010655,18,80.235175,-96.0,19:51,31.48
4G,55.52,Airtel,13.012347,31,80.235759,-118.0,19:54,18.04
4G,83.93,Jio,13.011037,39,80.233132,-101.0,19:54,45.89
4G,15.75,Jio,13.010007,45,80.234316,-89.0,19:55,5.15
4G,13.02,Jio,13.01237,11,80.235662,-117.0,19:58,17.12
4G,17.01,Jio,13.009823,37,80.233707,-113.0,08:09,10.8
4G,39.73,Jio,13.00958,49,80.234634,-103.0,08:11,6.57
5G,152.03,Airtel,13.009986,10,80.23525,-114.0,08:12,24.34
4G,72.6,Jio,13.010999,24,80.234375,-102.0,08:13,16.9
4G,31.52,Jio,13.012289,28,80.234628,-93.0,08:13,14.89
4G,12.91,Jio,13.014218,13,80.235948,-104.0,08:16,1.76
4G,11.15,Jio,13.010347,22,80.233838,-94.0,08:17,21.79
4G,17.65,Airtel,13.009933,30,80.233493,-91.0,08:22,23.77
4G,81.89,Airtel,13.009202,18,80.235491,-90.0,08:23,6.84
4G,11.56,Jio,13.010545,16,80.234961,-106.0,08:23,63.86
5G,116.34,Jio,13.009238,27,80.236261,-81.0,08:24,9.68
4G,5.8,Airtel,13.013854,14,80.234694,-110.0,08:24,2.93
4G,19.62,Airtel,13.014218,38,80.235298,-117.0,08:26,4.49
4G,76.17,Jio,13.012449,27,80.236176,-112.0,08:26,6.45
5G,172.62,Jio,13.008386,46,80.23527,-85.0,08:28,17.35
5G,100.5,Jio,13.013033,20,80.232548,-114.0,08:28,41.49
4G,38.78,Jio,13.013363,10,80.23474,-88.0,08:29,9.62
4G,30.49,Jio,13.012237,25,80.234139,-117.0,08:30,0.26
4G,12.8,Jio,13.014213,32,80.236715,-87.0,08:32,9.9
5G,113.11,Airtel,13.013334,24,80.234858,-110.0,08:32,2.01
4G,27.75,Jio,13.012413,37,80.235737,-89.0,08:33,11.52
4G,33.52,Jio,13.013387,14,80.234365,-96.0,08:33,4.07
4G,84.14,Jio,13.009027,26,80.235496,-117.0,08:34,20.45
4G,24.22,Jio,13.014168,32,80.235193,-104.0,08:34,7.36
4G,42.66,Jio,13.011129,30,80.232495,-118.0,08:35,8.5
4G,38.6,Jio,13.009969,17,80.234712,-94.0,08:35,23.83
4G,84.04,Jio,13.009633,26,80.236279,-91.0,08:35,24.69
5G,134.05,Jio,13.009572,31,80.235116,-82.0,08:37,10.19
4G,94.4,Jio,13.008861,38,80.235004,-117.0,08:39,25.96
4G,17.49,Airtel,13.009458,32,80.236146,-117.0,08:40,20.17
5G,169.1,Jio,13.013343,40,80.234721,-85.0,08:42,35.78
4G,21.62,Airtel,13.014162,39,80.235278,-100.0,08:49,0.97
4G,12.28,Jio,13.010264,36,80.236345,-104.0,08:53,19.07
4G,92.69,Airtel,13.011039,25,80.233329,-115.0,08:55,56.52
4G,25.27,Airtel,13.014074,25,80.235204,-104.0,08:56,10.95
4G,63.22,Jio,13.010999,24,80.234369,-80.0,08:57,23.79
4G,87.61,Jio,13.013306,50,80.234709,-109.0,08:58,14.67
4G,90.48,Airtel,13.010019,26,80.236262,-107.0,09:01,51.35
4G,48.27,Airtel,13.011914,17,80.233848,-101.0,09:02,11.04
4G,28.48,Jio,13.014226,19,80.235239,-115.0,09:03,0.94
4G,95.94,Jio,13.01053,36,80.236257,-113.0,09:04,26.24
4G,30.11,Jio,13.012391,39,80.235458,-109.0,09:05,26.93
4G,12.37,Jio,13.013383,42,80.234671,-112.0,09:06,8.64
5G,138.11,Jio,13.013137,14,80.232639,-83.0,09:08,2.44
4G,28.64,Airtel,13.008761,23,80.235573,-95.0,09:10,12.35
5G,137.09,Jio,13.012631,38,80.235706,-88.0,09:13,33.27
4G,10.29,Jio,13.012391,23,80.235743,-90.0,09:20,29.93
4G,2.11,Jio,13.014146,17,80.236392,-115.0,09:21,9.62
4G,0.77,Jio,13.014326,29,80.238907,-106.0,09:25,3.12
4G,19.48,Jio,13.010238,29,80.236278,-107.0,09:27,1.5
4G,26.58,Jio,13.009341,28,80.236251,-102.0,09:27,2.94
4G,13.01,Jio,13.010069,43,80.236356,-105.0,09:28,12.6
4G,37.07,Jio,13.012213,12,80.234445,-109.0,09:28,9.97
4G,41.78,Airtel,13.012514,46,80.235745,-97.0,09:28,46.94
4G,4.46,Jio,13.014252,24,80.23587,-118.0,09:32,7.15
4G,22.69,Airtel,13.012817,47,80.235795,-95.0,09:33,41.25
4G,16.55,Jio,13.010324,12,80.233867,-81.0,09:34,15.25
4G,41.42,Airtel,13.011031,36,80.233648,-97.0,09:37,41.4
4G,14.18,Airtel,13.010333,37,80.233676,-81.0,09:39,11.44
4G,5.68,Jio,13.01414,36,80.235894,-84.0,09:41,9.3
4G,60.37,Airtel,13.010241,28,80.236264,-114.0,09:44,25.76
4G,80.5,Jio,13.011587,41,80.233104,-111.0,09:45,68.37
4G,69.1,Jio,13.012824,41,80.235353,-109.0,09:46,13.32
5G,102.64,Jio,13.012876,47,80.235139,-103.0,09:47,4.43
4G,64.39,Jio,13.010107,22,80.235353,-113.0,09:48,12.17
4G,19.42,Airtel,13.010005,50,80.234128,-93.0,09:50,16.32
4G,9.26,Jio,13.013799,43,80.234944,-96.0,09:53,5.67
4G,46.28,Airtel,13.009051,30,80.235574,-84.0,09:54,17.41
4G,78.05,Jio,13.011329,18,80.236431,-113.0,09:55,45.56
5G,108.13,Airtel,13.010322,16,80.235879,-90.0,09:57,23.81
4G,20.21,Jio,13.011567,17,80.233785,-120.0,09:58,1.88
4G,20.96,Airtel,13.013864,18,80.234608,-90.0,09:58,1.29
4G,77.71,Jio,13.010188,26,80.236326,-100.0,10:00,26.77
4G,63.99,Airtel,13.010426,25,80.236013,-88.0,10:02,56.69
4G,12.53,Jio,13.010078,21,80.233907,-89.0,10:06,8.45
4G,14.2,Jio,13.012313,32,80.234462,-99.0,10:06,1.14
4G,23.57,Airtel,13.013303,26,80.234253,-93.0,10:07,2.89
4G,64.53,Jio,13.009878,28,80.235199,-99.0,10:08,32.49
4G,49.01,Jio,13.013354,10,80.234478,-85.0,10:09,19.78
4G,12.82,Jio,13.009478,39,80.236229,-80.0,10:09,6.92
4G,18.97,Jio,13.013902,20,80.234309,-105.0,10:11,1.62
4G,78.96,Airtel,13.011157,33,80.23296,-87.0,10:17,39.75
4G,19.66,Airtel,13.014258,20,80.236402,-115.0,10:18,0.07
4G,17.51,Jio,13.010396,27,80.233553,-117.0,10:19,16.34
5G,124.71,Airtel,13.009695,37,80.235146,-116.0,10:21,27.09
5G,149.86,Jio,13.012369,47,80.23258,-115.0,10:23,0.94
4G,28.94,Jio,13.012831,41,80.235301,-118.0,10:23,15.36
5G,120.71,Airtel,13.012367,10,80.235698,-107.0,10:23,17.54
5G,152.29,Airtel,13.010618,24,80.234586,-108.0,10:23,28.12
5G,100.7,Jio,13.009026,24,80.235458,-85.0,10:25,17.89
4G,50.23,Airtel,13.008805,31,80.234967,-80.0,10:31,9.45
4G,42.57,Jio,13.011297,11,80.233845,-102.0,10:33,18.09
4G,45.74,Airtel,13.013335,30,80.234741,-100.0,10:34,15.17
4G,18.19,Jio,13.014482,47,80.238954,-105.0,10:35,8.37
4G,45.62,Jio,13.01043,44,80.236341,-106.0,10:36,8.07
4G,22.96,Airtel,13.013043,24,80.234725,-94.0,10:37,4.26
4G,37.81,Jio,13.010659,30,80.23473,-102.0,10:38,25.38
4G,6.6,Jio,13.012356,10,80.235759,-93.0,10:42,11.0
4G,78.72,Jio,13.01253,36,80.232642,-84.0,10:46,42.05
4G,49.51,Airtel,13.010691,15,80.234715,-114.0,10:48,36.76
4G,11.57,Airtel,13.014613,42,80.238907,-103.0,10:53,7.97
4G,85.58,Airtel,13.009124,39,80.235682,-99.0,10:53,6.34
4G,89.66,Jio,13.011064,34,80.233222,-88.0,10:54,13.84
4G,37.66,Jio,13.012417,30,80.233449,-120.0,10:56,18.41
5G,117.45,Jio,13.010655,22,80.234585,-83.0,10:56,69.42
4G,13.95,Jio,13.013837,15,80.234434,-120.0,10:58,6.03
4G,75.91,Jio,13.010121,36,80.235221,-84.0,10:59,45.24
4G,12.69,Airtel,13.013881,29,80.234802,-89.0,11:01,7.75
4G,6.45,Airtel,13.014137,33,80.236357,-83.0,11:03,4.22
4G,12.01,Jio,13.010364,32,80.233492,-91.0,11:03,25.49
4G,96.16,Airtel,13.012372,35,80.235748,-91.0,11:10,6.23
4G,25.61,Jio,13.01096,34,80.234338,-113.0,11:11,59.44
5G,124.47,Jio,13.010579,50,80.234641,-120.0,11:11,58.57
4G,17.56,Jio,13.009996,27,80.233592,-103.0,11:12,10.27
4G,26.25,Jio,13.013062,45,80.234769,-89.0,11:16,0.14
5G,162.75,Jio,13.010449,47,80.235925,-80.0,11:20,49.39
4G,66.29,Jio,13.009064,32,80.235551,-94.0,11:23,7.57
4G,13.35,Jio,13.014425,21,80.237652,-85.0,11:24,7.12
4G,11.58,Jio,13.013034,29,80.234465,-96.0,11:25,9.39
4G,48.73,Airtel,13.012246,20,80.234132,-104.0,11:27,0.32
4G,23.52,Airtel,13.01407,33,80.23517,-120.0,11:29,13.79
4G,18.18,Airtel,13.012313,30,80.236052,-82.0,11:29,12.3
5G,131.68,Airtel,13.010624,36,80.234726,-95.0,11:30,25.21
4G,2.62,Jio,13.013025,32,80.234616,-84.0,11:33,4.08
4G,35.71,Jio,13.012871,49,80.235585,-82.0,11:33,12.62
4G,5.63,Jio,13.014373,18,80.237432,-94.0,11:34,3.82
4G,22.9,Jio,13.013387,23,80.234498,-107.0,11:35,5.16
4G,11.46,Airtel,13.012339,30,80.235947,-89.0,11:36,22.01
4G,45.33,Jio,13.011756,37,80.233831,-113.0,11:36,18.62
5G,102.43,Jio,13.012926,15,80.235108,-98.0,11:37,10.06
5G,109.7,Jio,13.010341,21,80.235729,-94.0,11:45,57.88
4G,74.0,Jio,13.01236,34,80.235667,-115.0,11:49,5.67
4G,22.64,Jio,13.013892,30,80.234338,-90.0,11:53,4.74
4G,3.3,Airtel,13.012915,20,80.2355,-104.0,11:54,14.11
4G,36.44,Airtel,13.012411,49,80.233342,-114.0,12:04,16.48
4G,47.33,Airtel,13.01117,31,80.233831,-117.0,12:06,6.35
4G,38.36,Airtel,13.012402,41,80.235072,-87.0,12:06,16.27
4G,12.45,Jio,13.011152,44,80.236417,-101.0,12:12,5.83
4G,26.35,Jio,13.010954,44,80.23429,-87.0,12:13,25.11
4G,52.42,Jio,13.012347,13,80.235719,-94.0,12:13,17.75
4G,30.59,Jio,13.012364,43,80.233549,-110.0,12:14,13.03
4G,19.86,Jio,13.014502,42,80.238483,-112.0,12:14,9.42
4G,69.39,Jio,13.012235,31,80.234947,-80.0,12:15,17.24
4G,17.6,Jio,13.012942,49,80.234502,-83.0,12:16,3.53
4G,23.41,Jio,13.014149,15,80.235114,-118.0,12:16,12.35
4G,79.23,Jio,13.011062,26,80.233392,-84.0,12:17,4.73
4G,85.0,Airtel,13.01094,28,80.234035,-93.0,12:19,44.56
4G,13.67,Jio,13.009997,45,80.234045,-88.0,12:20,24.2
4G,8.11,Jio,13.014309,20,80.236383,-107.0,12:21,8.83
4G,17.93,Airtel,13.010346,45,80.234235,-104.0,12:21,10.38
5G,166.91,Jio,13.010626,27,80.234949,-116.0,12:22,19.74
4G,84.77,Jio,13.013422,25,80.23488,-118.0,12:23,45.1
5G,143.55,Jio,13.009702,23,80.234553,-82.0,12:23,9.01
4G,20.4,Jio,13.013839,20,80.234133,-89.0,12:24,1.84
4G,18.56,Jio,13.014206,21,80.235358,-94.0,12:25,13.46
5G,124.18,Jio,13.009907,32,80.235433,-119.0,12:27,25.74
4G,13.46,Jio,13.011115,30,80.232978,-116.0,12:29,45.42
4G,6.76,Airtel,13.014345,29,80.238143,-101.0,12:30,0.64
4G,17.03,Jio,13.0113,43,80.236371,-105.0,12:33,22.38
4G,79.5,Jio,13.012803,42,80.235044,-88.0,12:33,14.8
4G,30.18,Jio,13.01244,33,80.233381,-113.0,12:37,10.39
4G,17.81,Jio,13.010203,25,80.233936,-103.0,12:41,27.3
4G,36.86,Jio,13.012212,24,80.235169,-106.0,12:42,28.75
4G,50.31,Jio,13.010292,22,80.23578,-109.0,12:45,5.35
5G,101.46,Jio,13.011699,48,80.232476,-101.0,12:48,43.99
5G,106.54,Jio,13.010587,42,80.234713,-95.0,12:52,9.73
4G,99.5,Jio,13.009303,28,80.235668,-80.0,12:53,16.73
4G,20.63,Jio,13.013389,47,80.23443,-100.0,12:54,16.51
4G,6.8,Jio,13.014277,28,80.235816,-106.0,12:54,6.26
4G,81.34,Jio,13.010945,31,80.233988,-88.0,12:55,59.02
4G,11.56,Jio,13.014154,22,80.236575,-115.0,12:56,3.43
4G,23.62,Jio,13.0142,31,80.235214,-111.0,12:57,10.08
5G,137.46,Jio,13.008842,18,80.234392,-104.0,12:57,9.62
4G,15.97,Airtel,13.011453,50,80.233818,-111.0,12:58,4.12
4G,18.11,Jio,13.01144,17,80.233843,-111.0,12:58,12.77
4G,47.33,Jio,13.011102,24,80.236446,-119.0,13:00,6.35
4G,3.33,Jio,13.012847,16,80.235346,-108.0,13:01,3.98
4G,12.31,Airtel,13.013404,21,80.234392,-110.0,13:02,12.49
5G,174.8,Jio,13.010466,26,80.235062,-95.0,13:05,14.19
4G,56.81,Jio,13.009706,17,80.236149,-103.0,13:06,47.22
4G,19.9,Jio,13.012574,49,80.235715,-110.0,13:09,42.68
5G,138.8,Jio,13.013464,24,80.234903,-87.0,13:09,45.87
5G,128.03,Jio,13.012818,12,80.235672,-82.0,13:11,17.27
4G,43.0,Jio,13.011137,24,80.23379,-113.0,13:14,15.04
5G,115.69,Jio,13.012374,12,80.235666,-108.0,13:18,11.38
4G,55.4,Jio,13.009108,34,80.236147,-106.0,13:18,17.77
4G,3.85,Jio,13.014177,10,80.236136,-94.0,13:20,1.56
4G,20.95,Airtel,13.010287,23,80.236298,-93.0,13:21,2.27
4G,10.76,Jio,13.014084,40,80.235284,-114.0,13:23,7.96
4G,19.23,Jio,13.014635,37,80.238441,-113.0,13:23,4.58
5G,102.64,Jio,13.011259,48,80.236393,-114.0,13:26,4.43
4G,2.42,Jio,13.013038,24,80.23436,-93.0,13:27,4.81
4G,43.47,Jio,13.011851,38,80.232582,-112.0,13:28,9.21
4G,49.35,Jio,13.012394,47,80.233393,-82.0,13:28,11.34
4G,0.29,Airtel,13.01444,27,80.237576,-89.0,13:28,2.43
4G,38.25,Jio,13.011085,24,80.232619,-92.0,13:29,20.26
4G,19.59,Airtel,13.010349,46,80.234008,-109.0,13:30,9.85
5G,134.79,Jio,13.009665,31,80.235456,-110.0,13:31,35.23
4G,49.05,Airtel,13.010562,30,80.236309,-95.0,13:34,49.42
4G,17.08,Jio,13.014094,31,80.235173,-97.0,13:35,14.45
5G,159.97,Jio,13.010076,48,80.235277,-88.0,13:35,27.69
5G,152.84,Jio,13.010453,16,80.236015,-103.0,13:35,23.86
4G,12.98,Airtel,13.013798,14,80.234472,-108.0,13:35,7.33
4G,76.38,Jio,13.011355,10,80.232599,-117.0,13:38,29.49
4G,18.41,Jio,13.011022,21,80.233677,-111.0,13:40,23.29
4G,48.49,Airtel,13.01096,49,80.234446,-94.0,13:48,32.44
5G,105.73,Airtel,13.011461,43,80.233107,-102.0,13:50,57.07
4G,76.73,Airtel,13.012426,41,80.236082,-90.0,13:50,26.47
4G,32.07,Airtel,13.008966,50,80.235509,-101.0,13:51,24.99
4G,98.08,Airtel,13.011265,29,80.233117,-84.0,13:51,24.71
5G,122.99,Airtel,13.011221,23,80.233105,-104.0,13:53,21.96
4G,2.42,Airtel,13.011091,34,80.236355,-105.0,14:00,4.81
4G,14.25,Airtel,13.014265,15,80.235261,-82.0,14:02,2.08
5G,120.84,Jio,13.011208,20,80.233161,-109.0,14:05,1.3
4G,12.14,Jio,13.014157,26,80.235133,-91.0,14:05,11.31
4G,11.53,Airtel,13.013003,20,80.234409,-87.0,14:07,3.14
4G,97.25,Airtel,13.008375,36,80.235461,-98.0,14:08,37.29
4G,51.94,Airtel,13.009158,17,80.235612,-100.0,14:09,23.19
4G,11.3,Jio,13.009969,24,80.233644,-114.0,14:11,26.57
4G,60.23,Jio,13.01059,26,80.234799,-85.0,14:13,52.32
4G,11.28,Airtel,13.010226,34,80.233871,-87.0,14:13,17.08
4G,17.33,Jio,13.00998,13,80.235056,-90.0,14:14,20.81
4G,25.75,Jio,13.010628,46,80.234859,-88.0,14:14,68.0
4G,41.65,Jio,13.013326,43,80.234589,-96.0,14:15,9.31
5G,204.03,Jio,13.010425,11,80.235955,-105.0,14:15,31.63
4G,14.2,Airtel,13.010345,12,80.233813,-102.0,14:16,22.86
4G,66.14,Airtel,13.013293,23,80.234651,-105.0,14:16,13.38
5G,200.68,Airtel,13.010273,48,80.236033,-103.0,14:17,41.87
4G,12.12,Airtel,13.014115,24,80.23522,-109.0,14:19,6.23
4G,22.76,Jio,13.012241,47,80.234697,-105.0,14:19,5.17
4G,82.06,Jio,13.011103,44,80.233083,-86.0,14:20,31.54
4G,52.56,Jio,13.010943,23,80.234408,-117.0,14:20,38.84
4G,83.19,Jio,13.012366,39,80.235742,-99.0,14:21,9.99
4G,50.11,Airtel,13.012626,37,80.235793,-115.0,14:24,49.66
5G,130.52,Jio,13.010116,10,80.23432,-108.0,14:25,26.53
4G,11.64,Jio,13.010695,19,80.23651,-104.0,14:25,3.2
4G,21.21,Jio,13.011081,24,80.233463,-92.0,14:26,37.78
4G,8.47,Airtel,13.012865,14,80.235046,-86.0,14:26,15.43
4G,12.62,Jio,13.011051,34,80.232965,-98.0,14:26,30.77
4G,83.1,Jio,13.010208,43,80.236349,-99.0,14:27,68.6
4G,43.78,Jio,13.011716,37,80.232548,-98.0,14:30,0.88
5G,122.19,Airtel,13.008672,50,80.235619,-80.0,14:33,48.27
4G,64.77,Airtel,13.01039,23,80.23635,-114.0,14:33,4.64
5G,163.04,Jio,13.008376,31,80.235479,-97.0,14:34,49.92
4G,33.62,Jio,13.013452,12,80.234926,-95.0,14:36,39.22
4G,15.3,Airtel,13.011286,39,80.23314,-101.0,14:38,32.46
4G,15.93,Airtel,13.010848,40,80.236387,-93.0,14:40,18.05
4G,91.02,Jio,13.009343,26,80.235055,-109.0,14:41,5.42
5G,132.56,Jio,13.012355,29,80.235707,-86.0,14:41,16.52
4G,21.15,Airtel,13.011388,40,80.236417,-114.0,14:43,26.79
4G,14.49,Jio,13.013851,47,80.234308,-104.0,14:43,9.98
4G,46.38,Jio,13.012086,15,80.233796,-81.0,14:45,15.34
4G,11.59,Jio,13.010381,32,80.23631,-108.0,14:47,20.54
4G,48.99,Jio,13.009891,48,80.234526,-110.0,14:47,7.84
4G,11.8,Airtel,13.010384,47,80.234056,-89.0,14:57,6.55
4G,70.82,Airtel,13.012969,12,80.235046,-104.0,15:00,5.43
4G,40.02,Jio,13.01108,46,80.23315,-109.0,15:00,41.53
4G,14.39,Jio,13.010118,14,80.236296,-81.0,15:05,10.07
4G,11.42,Jio,13.010099,43,80.236342,-86.0,15:06,0.11
4G,15.33,Airtel,13.012378,22,80.236408,-102.0,15:07,18.27
4G,76.99,Jio,13.010998,23,80.233907,-93.0,15:07,45.86
4G,71.44,Airtel,13.009414,14,80.234808,-114.0,15:07,20.65
4G,73.09,Jio,13.011441,28,80.232638,-87.0,15:09,10.81
4G,4.23,Jio,13.014336,13,80.236644,-106.0,15:10,7.7
4G,10.06,Jio,13.01077,37,80.236461,-109.0,15:13,23.18
4G,34.85,Airtel,13.010353,36,80.235734,-96.0,15:15,13.94
4G,21.15,Airtel,13.011111,50,80.233421,-107.0,15:17,26.79
4G,21.91,Jio,13.011069,24,80.232648,-82.0,15:19,6.89
4G,19.05,Jio,13.009277,29,80.234774,-109.0,15:19,27.65
4G,15.04,Jio,13.009917,39,80.234133,-113.0,15:21,18.12
5G,158.33,Airtel,13.009522,49,80.235055,-103.0,15:21,38.89
4G,65.28,Jio,13.010304,20,80.236029,-111.0,15:21,19.6
4G,15.13,Jio,13.013062,26,80.234207,-95.0,15:22,9.47
4G,19.17,Jio,13.012752,46,80.232626,-114.0,15:22,33.65
4G,15.63,Airtel,13.010377,13,80.233651,-87.0,15:22,18.82
4G,15.58,Airtel,13.012675,22,80.235778,-100.0,15:25,28.1
5G,157.31,Jio,13.010482,17,80.236138,-104.0,15:27,51.53
4G,12.37,Jio,13.01435,41,80.237207,-119.0,15:29,0.43
4G,57.1,Jio,13.012702,15,80.235694,-115.0,15:29,49.0
5G,145.99,Jio,13.010509,14,80.234926,-108.0,15:33,67.67
5G,168.96,Jio,13.010379,23,80.236095,-109.0,15:35,67.45
5G,120.22,Airtel,13.010309,37,80.235884,-88.0,15:39,54.6
4G,10.55,Jio,13.012385,26,80.233641,-119.0,15:44,13.77
4G,73.88,Jio,13.009263,20,80.235475,-115.0,15:44,13.53
4G,91.15,Airtel,13.011154,17,80.233138,-109.0,15:44,19.11
4G,18.4,Airtel,13.01414,39,80.235327,-87.0,15:45,14.17
4G,25.22,Jio,13.012274,37,80.235888,-80.0,15:45,7.51
4G,85.48,Jio,13.01251,15,80.235686,-108.0,15:47,25.92
5G,215.29,Airtel,13.010307,44,80.236114,-97.0,15:47,48.83
5G,107.92,Jio,13.012856,25,80.235738,-94.0,15:50,7.55
4G,11.59,Jio,13.014151,27,80.235192,-117.0,15:53,10.18
5G,136.99,Jio,13.012354,47,80.235763,-102.0,15:54,2.77
4G,35.81,Jio,13.011083,22,80.232774,-114.0,15:56,40.66
4G,28.03,Airtel,13.010989,14,80.233853,-111.0,15:58,46.13
4G,35.53,Jio,13.011203,10,80.233131,-89.0,15:58,51.6
4G,9.43,Jio,13.01453,26,80.237909,-92.0,16:00,9.36
4G,14.08,Jio,13.009956,45,80.233708,-87.0,16:02,8.2
4G,28.02,Jio,13.010689,13,80.236424,-102.0,16:09,5.86
4G,86.68,Jio,13.012343,18,80.235432,-111.0,16:09,8.69
5G,162.16,Jio,13.008422,49,80.235512,-113.0,16:15,25.51
4G,47.06,Airtel,13.01237,49,80.233538,-89.0,16:18,6.03
4G,32.68,Airtel,13.010249,21,80.236152,-86.0,16:19,41.89
4G,98.74,Airtel,13.010984,20,80.23392,-119.0,16:19,8.11
4G,18.24,Jio,13.009504,34,80.236154,-83.0,16:21,14.49
4G,11.08,Airtel,13.010985,44,80.233972,-93.0,16:21,45.6
4G,3.83,Jio,13.012354,37,80.235684,-87.0,16:21,12.86
5G,160.87,Jio,13.01068,21,80.234913,-80.0,16:22,55.17
4G,47.69,Airtel,13.011518,28,80.233817,-80.0,16:24,16.03
4G,18.11,Jio,13.011305,28,80.233129,-107.0,16:24,52.17
4G,23.32,Jio,13.011202,46,80.233118,-112.0,16:25,21.8
4G,32.81,Jio,13.010115,43,80.236319,-110.0,16:26,6.71
4G,27.57,Jio,13.012943,15,80.234202,-89.0,16:27,5.45
4G,19.84,Jio,13.014128,47,80.236138,-115.0,16:29,8.19
4G,25.03,Jio,13.012221,12,80.234682,-97.0,16:31,12.55
4G,17.15,Jio,13.010052,49,80.236327,-95.0,16:31,4.46
4G,12.62,Airtel,13.009462,19,80.234788,-119.0,16:32,27.21
5G,147.89,Jio,13.01039,26,80.235879,-119.0,16:33,20.16
4G,29.82,Jio,13.014076,32,80.235127,-98.0,16:38,2.52
4G,11.09,Jio,13.010172,38,80.236291,-104.0,16:38,6.54
4G,23.51,Jio,13.011444,20,80.233131,-119.0,16:43,22.98
4G,18.71,Jio,13.00991,46,80.233509,-92.0,16:46,20.17
4G,32.2,Jio,13.012031,39,80.233831,-85.0,16:47,8.24
4G,72.8,Jio,13.012348,15,80.235743,-91.0,16:51,4.31
4G,44.14,Jio,13.012797,32,80.235696,-80.0,16:55,48.71
4G,10.06,Airtel,13.010323,29,80.234288,-91.0,16:55,23.18
4G,15.29,Jio,13.013896,27,80.234599,-93.0,16:56,3.91
5G,147.8,Airtel,13.012612,50,80.232626,-111.0,16:57,47.06
4G,42.47,Jio,13.011088,40,80.233384,-90.0,16:57,39.05
4G,71.35,Jio,13.010992,38,80.234316,-106.0,16:57,47.72
5G,126.68,Jio,13.009298,30,80.235649,-83.0,16:57,28.85
4G,13.97,Jio,13.014207,34,80.235139,-109.0,16:58,9.9
4G,13.51,Airtel,13.01001,14,80.233513,-98.0,17:04,21.82
5G,100.61,Jio,13.012971,21,80.235025,-84.0,17:05,12.06
5G,110.16,Jio,13.009011,38,80.235534,-106.0,17:07,5.18
4G,84.16,Jio,13.012836,29,80.235481,-108.0,17:08,19.86
5G,101.91,Jio,13.012363,13,80.235763,-104.0,17:10,11.38
4G,47.43,Airtel,13.011058,16,80.23298,-110.0,17:11,34.03
5G,138.27,Airtel,13.011316,41,80.236465,-93.0,17:13,18.59
4G,41.69,Jio,13.012284,24,80.235021,-82.0,17:14,6.35
4G,38.11,Airtel,13.010766,31,80.236515,-108.0,17:16,11.95
5G,108.37,Airtel,13.012586,30,80.235657,-114.0,17:17,16.04
4G,10.94,Airtel,13.012252,28,80.235013,-101.0,17:19,16.78
4G,19.82,Jio,13.009797,40,80.233754,-105.0,17:21,9.51
4G,47.33,Jio,13.012346,31,80.233786,-113.0,17:21,4.93
4G,56.2,Airtel,13.010525,44,80.235977,-104.0,17:22,32.62
5G,192.27,Airtel,13.010395,38,80.235728,-89.0,17:26,36.01
4G,13.78,Jio,13.013815,48,80.234867,-92.0,17:28,9.29
4G,1.14,Jio,13.01462,37,80.238885,-83.0,17:29,7.89
4G,19.66,Jio,13.011065,49,80.233479,-110.0,17:31,11.86
5G,172.48,Airtel,13.010501,39,80.234667,-111.0,17:34,57.65
4G,2.31,Airtel,13.014582,34,80.237098,-120.0,17:35,6.65
4G,77.96,Jio,13.010519,38,80.236279,-94.0,17:35,44.7
4G,16.56,Jio,13.012251,46,80.233902,-106.0,17:37,6.09
4G,14.13,Airtel,13.010344,33,80.23356,-115.0,17:38,19.07
4G,4.41,Jio,13.012351,10,80.235655,-118.0,17:39,1.32
4G,14.73,Jio,13.009923,33,80.233869,-101.0,17:40,6.3
4G,76.89,Jio,13.012184,47,80.235196,-112.0,17:41,19.54
4G,38.51,Jio,13.008838,42,80.235455,-81.0,17:42,12.09
4G,45.13,Airtel,13.009267,30,80.235559,-95.0,17:43,23.49
4G,60.88,Jio,13.01245,34,80.235711,-116.0,17:47,23.55
4G,76.02,Jio,13.012468,39,80.235512,-91.0,17:47,11.2
4G,14.03,Airtel,13.011709,13,80.2338,-107.0,17:48,16.9
4G,49.48,Jio,13.011092,38,80.232645,-117.0,17:48,34.4
4G,8.32,Jio,13.01445,22,80.237166,-97.0,17:51,3.34
4G,37.97,Airtel,13.00931,14,80.23564,-90.0,17:51,5.21
4G,44.23,Jio,13.012357,25,80.235762,-94.0,17:54,17.72
4G,33.96,Jio,13.01263,13,80.235691,-106.0,17:55,27.6
4G,37.44,Airtel,13.010955,19,80.233966,-114.0,18:01,35.55
4G,24.91,Jio,13.010509,40,80.234828,-111.0,18:03,66.57
4G,9.37,Jio,13.014242,20,80.236194,-97.0,18:04,8.38
5G,154.1,Jio,13.008575,42,80.23533,-83.0,18:06,45.43
4G,87.84,Airtel,13.011008,31,80.233848,-99.0,18:10,3.82
4G,35.57,Jio,13.012435,21,80.233507,-103.0,18:10,12.14
4G,10.17,Jio,13.012902,40,80.234675,-109.0,18:11,4.94
4G,18.78,Jio,13.010119,37,80.233979,-93.0,18:12,22.16
4G,25.77,Jio,13.013814,32,80.234411,-96.0,18:14,2.12
4G,61.79,Jio,13.012513,47,80.235766,-113.0,18:16,9.8
4G,12.33,Jio,13.009907,19,80.234025,-116.0,18:16,28.26
4G,10.29,Airtel,13.014315,11,80.237022,-89.0,18:17,5.43
4G,23.42,Airtel,13.013332,17,80.234544,-112.0,18:17,0.68
4G,37.74,Jio,13.012278,16,80.235291,-93.0,18:18,29.21
4G,69.13,Jio,13.012872,47,80.235154,-102.0,18:20,16.4
5G,104.37,Jio,13.012356,46,80.235707,-94.0,18:21,10.6
4G,39.36,Jio,13.01229,34,80.234176,-97.0,18:22,13.79
5G,132.03,Airtel,13.012365,10,80.235748,-99.0,18:23,13.69
4G,26.49,Jio,13.013025,24,80.234342,-87.0,18:24,6.39
5G,113.85,Airtel,13.012955,32,80.234972,-88.0,18:25,1.88
4G,60.37,Airtel,13.010704,46,80.234761,-113.0,18:27,25.76
5G,136.85,Jio,13.00859,21,80.235311,-115.0,18:29,35.36
4G,11.98,Jio,13.009923,31,80.233394,-84.0,18:30,17.21
4G,22.95,Jio,13.011618,13,80.232489,-89.0,18:30,27.78
4G,87.53,Jio,13.009989,22,80.235292,-82.0,18:32,47.03
4G,16.5,Jio,13.010956,29,80.234343,-106.0,18:32,62.16
4G,15.9,Jio,13.00987,14,80.233995,-96.0,18:36,24.4
4G,12.09,Jio,13.009822,37,80.233944,-81.0,18:37,18.91
4G,14.77,Airtel,13.011242,15,80.233093,-112.0,18:38,17.91
4G,16.11,Jio,13.009907,10,80.233683,-100.0,18:46,13.25
5G,221.97,Airtel,13.010249,27,80.235935,-102.0,18:48,26.58
4G,92.55,Airtel,13.012837,33,80.235365,-82.0,18:49,17.91
5G,102.52,Jio,13.010693,22,80.234811,-105.0,18:53,22.84
4G,62.25,Jio,13.011607,43,80.23311,-120.0,18:54,1.09
4G,14.67,Jio,13.00995,13,80.234121,-103.0,18:55,26.91
4G,13.2,Airtel,13.009902,42,80.233521,-105.0,18:57,8.16
4G,4.12,Airtel,13.014434,40,80.23706,-86.0,19:04,3.01
4G,30.6,Jio,13.010357,25,80.236274,-114.0,19:06,15.88
5G,134.51,Airtel,13.012775,50,80.235735,-91.0,19:07,35.94
4G,22.15,Jio,13.013008,11,80.234233,-103.0,19:11,7.28
4G,58.6,Airtel,13.012351,31,80.234973,-94.0,19:12,6.58
4G,2.2,Jio,13.013875,29,80.234478,-99.0,19:13,3.19
4G,75.65,Airtel,13.009064,49,80.235637,-113.0,19:13,6.94
4G,12.27,Jio,13.010217,39,80.233855,-111.0,19:14,29.69
4G,87.71,Jio,13.013374,43,80.234751,-86.0,19:16,6.17
4G,95.72,Jio,13.010955,45,80.234046,-95.0,19:17,59.44
4G,11.46,Jio,13.009924,12,80.233426,-81.0,19:18,20.34
4G,51.34,Jio,13.011161,13,80.232702,-88.0,19:18,46.59
4G,67.45,Jio,13.012396,13,80.235179,-105.0,19:20,28.09
4G,41.25,Jio,13.01248,17,80.23571,-96.0,19:21,17.73
4G,71.13,Airtel,13.011207,29,80.236502,-111.0,19:21,41.06
4G,16.6,Airtel,13.014597,48,80.237442,-83.0,19:22,4.6
4G,58.62,Jio,13.010112,39,80.236285,-96.0,19:22,33.05
4G,65.09,Airtel,13.010754,30,80.23462,-114.0,19:22,49.34
4G,42.99,Jio,13.010948,42,80.234401,-99.0,19:24,27.9
4G,46.58,Airtel,13.012373,34,80.233727,-81.0,19:26,13.47
5G,134.73,Airtel,13.012389,46,80.235733,-98.0,19:27,4.42
5G,152.36,Airtel,13.010711,42,80.234579,-81.0,19:27,48.1
4G,47.1,Jio,13.009398,21,80.235052,-106.0,19:30,16.75
4G,23.21,Jio,13.012373,37,80.233374,-102.0,19:32,10.2
4G,76.15,Jio,13.010934,20,80.233816,-112.0,19:32,43.9
5G,119.38,Jio,13.009648,36,80.234656,-92.0,19:33,14.51
4G,36.45,Jio,13.012354,21,80.233345,-108.0,19:35,4.0
4G,13.27,Jio,13.012993,11,80.234706,-87.0,19:39,9.1
4G,74.73,Airtel,13.011078,36,80.232715,-116.0,19:41,7.24
4G,21.02,Airtel,13.014249,39,80.235375,-81.0,19:42,11.61
5G,119.5,Airtel,13.011431,49,80.233154,-82.0,19:42,39.03
4G,49.23,Jio,13.012432,20,80.233522,-107.0,19:43,8.33
4G,12.07,Jio,13.014371,48,80.239003,-82.0,19:45,6.36
4G,10.58,Jio,13.010926,34,80.23407,-105.0,19:46,54.51
4G,18.28,Jio,13.014183,50,80.235805,-107.0,19:48,9.45
4G,25.85,Jio,13.013912,35,80.23477,-91.0,19:49,3.27
4G,17.41,Airtel,13.010008,40,80.233711,-114.0,19:51,6.87
4G,19.38,Jio,13.011512,19,80.233159,-107.0,19:51,14.5
4G,13.9,Jio,13.011986,24,80.232525,-105.0,19:52,17.35
4G,26.97,Airtel,13.012361,29,80.233609,-115.0,19:53,17.69
4G,76.11,Airtel,13.011121,45,80.232712,-92.0,19:53,27.59
4G,32.89,Airtel,13.012447,42,80.235598,-84.0,19:56,22.82
4G,21.93,Jio,13.012199,46,80.234204,-84.0,19:56,17.96
4G,27.63,Jio,13.012211,13,80.234464,-86.0,19:57,15.31
4G,12.9,Jio,13.014592,45,80.237369,-99.0,19:57,8.37
4G,74.63,Jio,13.011123,20,80.233058,-109.0,19:57,54.21
4G,19.35,Jio,13.009862,26,80.233365,-90.0,19:57,16.76
4G,49.8,Jio,13.011052,32,80.233151,-117.0,19:58,9.09
4G,24.11,Airtel,13.012277,17,80.234599,-102.0,08:03,10.92
5G,210.83,Jio,13.010503,12,80.236138,-110.0,08:04,29.32
4G,29.75,Jio,13.012211,50,80.234345,-87.0,08:05,13.32
4G,5.65,Jio,13.014555,13,80.237641,-87.0,08:09,0.19
4G,28.41,Airtel,13.013907,26,80.23439,-113.0,08:14,6.16
4G,15.58,Jio,13.010424,44,80.233844,-113.0,08:15,25.55
4G,23.17,Jio,13.01306,20,80.234131,-84.0,08:16,7.83
5G,112.44,Jio,13.010825,24,80.236513,-118.0,08:16,17.15
4G,40.83,Jio,13.01218,32,80.234048,-117.0,08:19,17.03
4G,83.7,Airtel,13.012368,40,80.235671,-105.0,08:21,11.32
4G,10.65,Jio,13.012379,22,80.233436,-106.0,08:22,15.84
4G,66.68,Jio,13.010969,48,80.23647,-106.0,08:28,38.46
5G,120.11,Jio,13.012801,31,80.235396,-89.0,08:28,9.1
4G,19.86,Jio,13.009894,45,80.234348,-111.0,08:29,8.32
4G,11.88,Jio,13.010208,21,80.234267,-92.0,08:31,22.2
4G,84.71,Jio,13.011137,31,80.233112,-88.0,08:38,15.93
4G,10.21,Airtel,13.009875,11,80.23372,-112.0,08:39,14.18
4G,70.39,Jio,13.011242,50,80.233113,-86.0,08:42,49.76
4G,13.01,Jio,13.013058,22,80.234401,-99.0,08:44,5.23
5G,108.27,Jio,13.009186,34,80.235435,-103.0,08:46,21.44
4G,49.5,Jio,13.010416,16,80.236142,-110.0,08:47,28.85
4G,51.3,Jio,13.013472,32,80.234999,-96.0,08:50,7.05
4G,10.77,Jio,13.009961,27,80.233868,-80.0,08:51,17.53
5G,103.63,Jio,13.011244,46,80.233133,-93.0,08:53,73.43
5G,178.94,Jio,13.01034,46,80.235885,-96.0,08:54,54.36
4G,33.19,Jio,13.011087,46,80.232488,-103.0,08:58,15.36
4G,54.94,Jio,13.010993,49,80.233873,-84.0,08:58,44.46
4G,29.72,Jio,13.012436,32,80.233525,-105.0,09:01,12.97
4G,15.05,Jio,13.010257,44,80.234223,-115.0,09:04,13.0
5G,219.63,Jio,13.010372,45,80.235072,-109.0,09:09,17.36
5G,127.55,Jio,13.008671,46,80.235395,-103.0,09:09,22.83
4G,17.84,Airtel,13.014216,17,80.235126,-102.0,09:10,9.43
4G,17.22,Jio,13.01093,36,80.234084,-104.0,09:10,21.49
4G,3.71,Jio,13.014184,13,80.236658,-107.0,09:12,6.99
4G,26.74,Jio,13.013306,41,80.234234,-87.0,09:13,3.4
4G,80.5,Jio,13.011106,10,80.233256,-81.0,09:14,12.86
4G,21.14,Jio,13.009479,35,80.234473,-102.0,09:17,11.66
5G,207.25,Airtel,13.008409,26,80.235471,-108.0,09:21,20.69
5G,119.82,Jio,13.009743,19,80.234431,-120.0,09:22,11.83
4G,58.4,Jio,13.00929,34,80.234981,-92.0,09:22,23.86
4G,10.8,Jio,13.01195,50,80.232604,-114.0,09:27,14.01
4G,11.39,Airtel,13.009881,38,80.234192,-112.0,09:28,15.45
4G,37.9,Jio,13.012429,27,80.23373,-88.0,09:31,16.04
4G,87.6,Jio,13.012941,30,80.235448,-88.0,09:32,19.15
4G,3.64,Jio,13.01464,45,80.238105,-88.0,09:32,9.28
4G,26.14,Jio,13.014205,32,80.235244,-91.0,09:36,13.47
4G,86.5,Jio,13.013415,21,80.234653,-109.0,09:39,8.98
5G,106.56,Jio,13.010434,35,80.235529,-114.0,09:43,39.89
4G,42.52,Jio,13.01076,19,80.236471,-82.0,09:44,7.26
4G,83.04,Jio,13.012511,40,80.235711,-117.0,09:44,8.28
5G,121.1,Airtel,13.009858,23,80.236253,-112.0,09:45,12.42
4G,84.14,Jio,13.010449,31,80.236274,-86.0,09:48,20.45
4G,28.28,Jio,13.014266,18,80.235243,-100.0,09:48,14.6
4G,14.76,Jio,13.01034,10,80.233923,-82.0,09:48,20.19
4G,17.75,Airtel,13.011851,36,80.232599,-92.0,09:51,29.66
4G,69.1,Jio,13.010972,29,80.236544,-82.0,09:52,13.32
4G,24.95,Jio,13.012375,18,80.235579,-94.0,09:52,11.42
4G,18.07,Jio,13.014121,35,80.235258,-105.0,09:55,13.46
4G,48.4,Jio,13.011255,47,80.233796,-89.0,09:59,0.07
4G,0.11,Airtel,13.014538,24,80.237117,-101.0,10:01,6.3
4G,86.98,Airtel,13.010475,44,80.236086,-107.0,10:01,26.68
4G,61.34,Airtel,13.010016,12,80.235044,-108.0,10:02,17.51
4G,68.39,Airtel,13.010948,20,80.234383,-98.0,10:03,27.18
4G,10.16,Airtel,13.011428,33,80.233801,-92.0,10:05,16.27
4G,2.46,Jio,13.014322,21,80.236208,-120.0,10:10,5.87
4G,24.25,Jio,13.013071,46,80.234419,-117.0,10:13,8.67
4G,39.92,Jio,13.009243,15,80.234389,-90.0,10:13,25.32
4G,16.99,Jio,13.011309,32,80.233829,-88.0,10:19,7.79
4G,88.86,Jio,13.00932,24,80.235408,-115.0,10:22,24.22
4G,97.68,Airtel,13.00921,48,80.235594,-85.0,10:23,27.19
4G,17.76,Jio,13.013371,22,80.234384,-109.0,10:24,9.1
4G,3.41,Airtel,13.014299,40,80.236212,-82.0,10:24,5.22
4G,42.06,Jio,13.012559,16,80.235656,-90.0,10:24,13.01
4G,51.62,Jio,13.00909,20,80.235422,-104.0,10:25,15.3
5G,133.81,Jio,13.010366,21,80.235253,-114.0,10:32,35.65
4G,67.18,Jio,13.010568,36,80.23636,-90.0,10:33,12.2
4G,17.78,Jio,13.012946,36,80.234604,-80.0,10:36,6.99
4G,84.18,Jio,13.011033,43,80.233644,-114.0,10:46,1.92
4G,13.89,Airtel,13.014167,34,80.235365,-102.0,10:47,1.64
5G,164.29,Airtel,13.009977,37,80.235195,-88.0,10:47,29.04
5G,220.27,Jio,13.010612,49,80.234818,-101.0,10:48,41.07
4G,45.43,Jio,13.013456,14,80.234947,-95.0,10:50,44.69
4G,33.73,Jio,13.008719,23,80.234582,-113.0,10:54,19.12
4G,12.84,Jio,13.012989,23,80.2346,-101.0,10:54,3.15
4G,48.21,Airtel,13.011081,24,80.233654,-117.0,10:57,5.17
5G,100.15,Jio,13.009162,27,80.235464,-120.0,10:57,22.3
4G,70.91,Jio,13.012699,34,80.235776,-113.0,11:00,47.47
4G,81.34,Airtel,13.012373,47,80.235672,-88.0,11:03,4.23
4G,13.87,Jio,13.010325,48,80.233738,-115.0,11:03,17.45
4G,27.85,Jio,13.014133,10,80.235157,-87.0,11:04,11.86
4G,17.61,Airtel,13.009874,12,80.233527,-98.0,11:05,12.88
4G,31.74,Airtel,13.009817,42,80.236243,-117.0,11:07,48.73
4G,28.3,Jio,13.012427,10,80.235737,-82.0,11:07,17.99
5G,139.5,Jio,13.008656,13,80.235028,-101.0,11:09,18.27
4G,30.09,Jio,13.01238,19,80.233382,-120.0,11:11,1.39
4G,20.23,Jio,13.012295,12,80.234462,-98.0,11:12,1.43
4G,12.28,Airtel,13.010033,33,80.234127,-113.0,11:12,19.07
5G,219.31,Jio,13.010315,44,80.235794,-99.0,11:14,23.99
4G,18.26,Airtel,13.009868,13,80.23359,-81.0,11:16,5.85
5G,133.48,Jio,13.012368,39,80.235711,-116.0,11:16,14.6
4G,17.28,Jio,13.010426,41,80.233522,-80.0,11:18,27.69
5G,126.47,Jio,13.012876,33,80.235158,-99.0,11:18,12.27
4G,9.65,Jio,13.014473,13,80.237392,-104.0,11:21,4.72
4G,31.78,Airtel,13.011067,42,80.233236,-119.0,11:21,38.97
5G,130.52,Jio,13.009504,20,80.236285,-103.0,11:22,26.53
4G,26.81,Airtel,13.01407,21,80.235177,-84.0,11:25,13.11
4G,46.12,Jio,13.011136,10,80.232944,-93.0,11:25,40.33
5G,103.44,Airtel,13.012349,23,80.235675,-110.0,11:25,15.94
4G,14.16,Jio,13.01173,48,80.233814,-106.0,11:29,7.35
4G,68.95,Airtel,13.012371,16,80.235715,-105.0,11:31,6.94
4G,14.31,Airtel,13.010369,33,80.233511,-94.0,11:31,23.0
5G,131.77,Jio,13.012454,48,80.235676,-118.0,11:32,45.73
4G,72.03,Jio,13.00935,45,80.23455,-110.0,11:32,22.55
4G,16.03,Jio,13.013921,11,80.234977,-111.0,11:32,7.61
5G,158.66,Jio,13.010649,48,80.234853,-96.0,11:38,65.71
4G,83.07,Jio,13.012272,48,80.235138,-105.0,11:39,22.77
4G,10.14,Jio,13.014373,25,80.237966,-117.0,11:44,6.22
4G,13.44,Jio,13.014097,37,80.235266,-106.0,11:45,14.76
4G,41.63,Jio,13.012417,18,80.235691,-113.0,11:46,47.04
5G,110.66,Airtel,13.012806,13,80.235647,-120.0,11:48,14.76
4G,43.03,Jio,13.011435,48,80.23313,-118.0,11:48,63.55
4G,26.03,Jio,13.012864,32,80.235707,-102.0,11:49,28.6
4G,17.07,Jio,13.014195,19,80.235178,-80.0,11:49,12.44
4G,35.29,Jio,13.012372,46,80.235741,-83.0,11:51,9.76
4G,18.71,Jio,13.014312,19,80.23643,-113.0,11:51,6.66
4G,10.31,Jio,13.010011,44,80.234081,-110.0,11:51,21.69
4G,52.99,Jio,13.012352,31,80.235755,-93.0,11:52,19.8
4G,30.96,Airtel,13.010951,46,80.234262,-100.0,11:54,20.76
4G,27.92,Jio,13.011157,42,80.233122,-97.0,11:55,46.27
4G,30.93,Jio,13.011075,24,80.233649,-98.0,11:57,21.97
4G,49.62,Jio,13.011104,35,80.236498,-90.0,11:58,48.36
4G,8.85,Jio,13.014605,13,80.238089,-85.0,11:59,6.46
4G,57.55,Jio,13.011062,21,80.233235,-85.0,11:59,13.53
4G,76.55,Jio,13.013262,35,80.234748,-83.0,12:01,49.64
4G,15.83,Jio,13.013009,36,80.234189,-93.0,12:02,4.4
4G,17.8,Jio,13.010009,43,80.234233,-89.0,12:02,11.8
4G,98.7,Airtel,13.011179,21,80.233155,-90.0,12:04,64.54
4G,17.23,Jio,13.010354,21,80.234299,-109.0,12:05,16.36
4G,19.65,Jio,13.010079,44,80.234016,-104.0,12:05,16.43
4G,35.71,Jio,13.011306,49,80.236421,-85.0,12:06,12.62
4G,45.29,Airtel,13.013318,48,80.234729,-88.0,12:07,16.29
4G,38.91,Jio,13.012394,32,80.233458,-83.0,12:09,19.11
5G,109.03,Jio,13.009189,19,80.235509,-94.0,12:10,8.91
4G,16.31,Airtel,13.014432,46,80.237129,-90.0,12:11,8.45
4G,88.97,Jio,13.009414,44,80.236276,-94.0,12:11,39.05
4G,33.69,Jio,13.012174,44,80.233852,-109.0,12:16,9.98
4G,1.71,Jio,13.014274,33,80.235715,-96.0,12:20,5.79
4G,35.91,Jio,13.011817,10,80.233808,-87.0,12:21,12.11
4G,48.98,Jio,13.008538,49,80.235327,-98.0,12:21,24.55
4G,24.0,Jio,13.014104,36,80.235354,-87.0,12:22,2.39
4G,24.23,Jio,13.01242,27,80.233438,-119.0,12:23,18.75
5G,155.08,Jio,13.00954,36,80.235219,-102.0,12:24,31.79
4G,35.21,Airtel,13.00938,13,80.23622,-108.0,12:26,7.27
4G,19.69,Jio,13.009991,27,80.233531,-120.0,12:27,29.46
4G,27.23,Jio,13.011257,37,80.233818,-87.0,12:30,4.02
4G,6.62,Jio,13.009643,12,80.236173,-109.0,12:33,16.6
5G,223.71,Jio,13.010535,10,80.234593,-92.0,12:37,58.77
4G,31.1,Airtel,13.011085,14,80.233048,-106.0,12:38,29.04
4G,12.54,Airtel,13.010408,35,80.233711,-95.0,12:40,10.99
4G,28.04,Jio,13.012931,20,80.234612,-98.0,12:42,8.26
4G,18.71,Jio,13.011192,10,80.236419,-117.0,12:43,6.66
4G,14.15,Jio,13.01411,48,80.235354,-93.0,12:44,0.27
4G,13.27,Jio,13.009986,14,80.233379,-80.0,12:44,22.08
4G,14.05,Jio,13.010433,37,80.233776,-81.0,12:46,9.27
4G,18.46,Airtel,13.010366,34,80.233704,-116.0,12:47,24.34
5G,137.46,Jio,13.010572,22,80.23636,-116.0,12:48,9.62
4G,26.37,Jio,13.012419,36,80.235694,-91.0,12:50,12.45
4G,13.39,Jio,13.010011,39,80.233463,-91.0,12:51,26.47
5G,128.95,Jio,13.012375,45,80.235684,-96.0,12:52,7.67
4G,12.77,Jio,13.010164,19,80.233843,-83.0,12:52,18.03
4G,15.85,Jio,13.011175,25,80.232945,-97.0,12:53,1.9
4G,41.78,Airtel,13.012264,41,80.234336,-110.0,12:55,13.98
4G,70.54,Airtel,13.012367,29,80.235723,-99.0,12:55,8.43
4G,49.13,Jio,13.011743,28,80.233788,-114.0,12:55,11.34
4G,1.41,Airtel,13.009266,49,80.23619,-80.0,12:56,7.25
4G,21.21,Jio,13.00976,28,80.23436,-82.0,12:57,29.42
4G,14.44,Airtel,13.013866,19,80.234746,-113.0,12:59,9.21
4G,5.43,Jio,13.013418,43,80.234909,-107.0,12:59,25.05
4G,43.78,Jio,13.010295,18,80.23627,-100.0,13:01,0.88
5G,107.72,Jio,13.012715,30,80.235772,-80.0,13:03,36.89
4G,6.36,Jio,13.01306,18,80.23467,-87.0,13:04,5.85
4G,92.85,Airtel,13.01152,50,80.233106,-102.0,13:06,25.57
4G,45.27,Jio,13.012191,29,80.234129,-88.0,13:07,9.3
4G,7.13,Airtel,13.014374,10,80.238736,-93.0,13:10,0.65
4G,4.3,Jio,13.012739,22,80.23575,-98.0,13:11,22.18
4G,16.99,Jio,13.013315,37,80.234371,-112.0,13:13,9.39
4G,56.81,Jio,13.01112,31,80.233411,-110.0,13:14,47.22
4G,13.89,Airtel,13.009926,30,80.233611,-118.0,13:15,9.16
4G,20.85,Jio,13.012911,14,80.23515,-99.0,13:15,1.43
5G,207.62,Jio,13.009828,40,80.235123,-86.0,13:18,31.8
5G,133.43,Jio,13.010627,13,80.234896,-101.0,13:20,53.2
4G,82.7,Jio,13.01115,31,80.232919,-90.0,13:22,30.85
5G,103.44,Jio,13.010964,20,80.236405,-102.0,13:24,15.94
5G,149.11,Airtel,13.011802,36,80.232517,-103.0,13:27,42.43
4G,14.37,Airtel,13.011008,11,80.234428,-83.0,13:28,49.6
4G,96.56,Jio,13.012244,38,80.232596,-117.0,13:29,1.92
4G,92.54,Jio,13.012372,26,80.235723,-118.0,13:29,10.66
4G,82.57,Jio,13.009201,14,80.234465,-117.0,13:30,21.73
4G,14.44,Jio,13.010922,31,80.23415,-108.0,13:31,58.97
4G,24.89,Jio,13.013065,48,80.234444,-86.0,13:31,8.85
4G,60.29,Jio,13.010345,23,80.236336,-97.0,13:37,1.01
4G,23.16,Airtel,13.014199,46,80.235363,-88.0,13:40,12.57
4G,77.49,Airtel,13.010505,41,80.236145,-107.0,13:41,62.17
4G,85.24,Jio,13.010721,10,80.235285,-80.0,13:41,27.56
4G,16.49,Airtel,13.01108,19,80.233294,-120.0,13:41,43.03
4G,35.21,Jio,13.009073,21,80.234514,-111.0,13:41,7.27
4G,37.47,Jio,13.012181,18,80.234372,-118.0,13:42,4.99
4G,44.27,Jio,13.012421,18,80.233605,-119.0,13:43,14.53
4G,15.08,Jio,13.013342,40,80.23467,-103.0,13:43,12.16
4G,17.28,Jio,13.013305,11,80.23422,-84.0,13:45,15.76
4G,13.84,Airtel,13.014154,15,80.235374,-108.0,13:46,13.96
4G,29.96,Jio,13.01331,10,80.234738,-97.0,13:48,3.77
4G,11.22,Airtel,13.010356,18,80.23375,-91.0,13:49,7.39
5G,107.11,Airtel,13.01255,19,80.235719,-118.0,13:50,47.27
4G,12.01,Jio,13.014306,12,80.236687,-94.0,13:52,5.65
4G,34.77,Jio,13.011171,28,80.233131,-85.0,13:53,8.77
4G,31.7,Jio,13.013401,44,80.234119,-94.0,13:58,11.22
5G,204.2,Jio,13.010267,22,80.235945,-82.0,13:58,61.15
4G,45.51,Jio,13.009817,16,80.234605,-120.0,13:59,8.4
5G,123.16,Jio,13.01296,19,80.235267,-97.0,14:01,7.77
4G,20.6,Jio,13.012289,36,80.234201,-85.0,14:02,0.69
4G,3.85,Jio,13.010704,21,80.236462,-118.0,14:05,1.56
5G,164.25,Jio,13.013495,49,80.23472,-88.0,14:05,13.21
5G,118.45,Jio,13.012978,50,80.232642,-98.0,14:07,49.71
4G,81.24,Airtel,13.013037,29,80.232484,-106.0,14:12,45.1
4G,9.1,Jio,13.012924,19,80.234573,-87.0,14:12,0.12
4G,13.07,Airtel,13.014641,28,80.237532,-102.0,14:13,2.7
5G,161.57,Jio,13.010438,23,80.235876,-84.0,14:14,69.23
5G,135.92,Jio,13.010479,48,80.234561,-118.0,14:16,37.34
4G,25.04,Airtel,13.013832,34,80.234678,-104.0,14:17,9.35
4G,29.06,Jio,13.013801,10,80.234966,-90.0,14:18,2.61
5G,123.71,Jio,13.012376,43,80.235669,-115.0,14:18,15.64
4G,2.26,Jio,13.014593,26,80.238181,-112.0,14:19,8.25
4G,37.46,Airtel,13.010266,36,80.236132,-80.0,14:19,35.98
4G,10.58,Airtel,13.010333,23,80.234055,-117.0,14:21,26.36
4G,40.24,Jio,13.012287,15,80.234349,-88.0,14:21,9.2
4G,95.94,Airtel,13.011088,48,80.233453,-113.0,14:21,26.24
4G,29.21,Jio,13.014145,48,80.235196,-103.0,14:22,1.79
5G,131.89,Jio,13.012851,37,80.235693,-99.0,14:23,31.43
4G,92.02,Jio,13.011003,22,80.234187,-83.0,14:24,38.14
4G,71.13,Airtel,13.011158,12,80.232476,-107.0,14:24,41.06
4G,27.2,Jio,13.010583,15,80.236302,-90.0,14:25,16.57
4G,78.02,Jio,13.00935,12,80.235705,-93.0,14:25,20.22
4G,2.87,Airtel,13.012929,36,80.234669,-108.0,14:25,8.29
4G,22.62,Jio,13.011209,15,80.233133,-94.0,14:27,77.32
5G,147.69,Jio,13.012393,27,80.232551,-103.0,14:32,13.89
4G,14.39,Jio,13.009985,14,80.233488,-83.0,14:34,10.07
4G,52.99,Jio,13.011365,13,80.233117,-86.0,14:34,67.34
4G,4.13,Jio,13.012356,41,80.235685,-106.0,14:35,19.85
5G,129.68,Jio,13.011797,40,80.232543,-82.0,14:36,24.35
4G,34.78,Jio,13.012332,34,80.23556,-106.0,14:41,26.11
5G,129.06,Jio,13.009568,40,80.236258,-115.0,14:42,30.82
4G,19.69,Jio,13.009156,21,80.234855,-100.0,14:43,28.44
4G,60.29,Jio,13.011202,38,80.232572,-99.0,14:43,1.01
4G,15.3,Airtel,13.010321,49,80.236327,-98.0,14:44,32.46
5G,174.8,Jio,13.009797,14,80.235034,-115.0,14:48,33.07
4G,49.14,Jio,13.013328,22,80.234743,-98.0,14:50,17.02
4G,15.22,Airtel,13.012261,23,80.235438,-115.0,14:51,7.77
4G,20.44,Jio,13.009114,46,80.235643,-102.0,14:54,14.88
4G,48.29,Airtel,13.012322,24,80.23427,-99.0,14:55,12.53
4G,32.59,Airtel,13.010274,34,80.235919,-89.0,14:56,52.07
4G,70.2,Jio,13.011015,31,80.233555,-92.0,14:57,58.71
4G,17.4,Airtel,13.010131,22,80.23426,-88.0,14:57,5.31
4G,5.17,Jio,13.013808,50,80.234754,-119.0,14:59,2.63
4G,12.45,Airtel,13.009736,20,80.236292,-86.0,14:59,5.83
4G,14.48,Airtel,13.009843,49,80.233884,-100.0,14:59,27.93
5G,127.33,Jio,13.012551,42,80.235656,-111.0,15:02,44.8
4G,5.12,Jio,13.013388,25,80.234717,-81.0,15:03,46.26
5G,128.2,Airtel,13.009342,38,80.235564,-93.0,15:05,15.17
4G,25.57,Jio,13.013839,39,80.234824,-85.0,15:06,2.8
4G,49.81,Jio,13.011243,13,80.233831,-91.0,15:07,13.24
4G,23.65,Jio,13.012364,36,80.233766,-105.0,15:09,5.79
4G,15.14,Jio,13.009936,18,80.233442,-91.0,15:14,23.84
4G,25.41,Jio,13.011493,12,80.233836,-114.0,15:15,14.79
4G,13.22,Jio,13.010362,45,80.234099,-106.0,15:19,5.81
4G,30.96,Jio,13.010014,14,80.236264,-106.0,15:20,20.76
4G,27.2,Jio,13.010479,50,80.2361,-97.0,15:20,16.57
4G,17.18,Jio,13.014283,41,80.236053,-99.0,15:21,7.36
4G,39.18,Jio,13.011592,31,80.233803,-112.0,15:23,9.97
4G,51.68,Jio,13.011623,29,80.233108,-114.0,15:24,68.25
4G,13.44,Jio,13.014246,46,80.236231,-84.0,15:27,0.63
4G,15.58,Airtel,13.013893,20,80.234734,-84.0,15:28,3.04
4G,94.79,Airtel,13.011371,34,80.233143,-104.0,15:29,57.06
4G,8.5,Jio,13.014347,32,80.23866,-104.0,15:31,1.74
4G,88.86,Jio,13.01109,32,80.23328,-109.0,15:32,59.14
5G,105.05,Airtel,13.009536,49,80.234293,-107.0,15:32,8.17
4G,14.25,Jio,13.012429,33,80.233504,-119.0,15:32,6.41
4G,86.9,Jio,13.011838,18,80.232601,-113.0,15:32,29.61
4G,14.47,Airtel,13.014339,28,80.23724,-110.0,15:38,3.36
4G,69.84,Jio,13.011246,38,80.233118,-92.0,15:39,65.93
5G,136.21,Airtel,13.010592,10,80.234808,-115.0,15:41,44.38
4G,29.1,Jio,13.01294,12,80.234312,-117.0,15:44,1.08
4G,34.15,Airtel,13.010445,25,80.23523,-97.0,15:44,48.86
5G,139.74,Jio,13.009267,37,80.235054,-81.0,15:45,25.01
4G,19.26,Jio,13.013863,42,80.234798,-117.0,15:46,3.71
4G,24.69,Jio,13.010141,29,80.236344,-117.0,15:48,7.74
4G,35.38,Airtel,13.012346,14,80.233439,-83.0,15:53,6.94
4G,41.5,Airtel,13.012364,48,80.235706,-91.0,15:54,14.21
4G,20.79,Jio,13.010944,36,80.234414,-120.0,15:55,57.16
4G,3.71,Jio,13.00983,34,80.236232,-84.0,16:00,6.99
4G,88.33,Jio,13.012347,50,80.235729,-84.0,16:02,1.03
4G,13.72,Jio,13.01197,50,80.233849,-97.0,16:05,13.64
4G,18.13,Jio,13.014323,13,80.236263,-115.0,16:08,1.91
4G,90.08,Jio,13.011105,35,80.232651,-92.0,16:10,2.32
4G,14.07,Jio,13.009976,49,80.234015,-105.0,16:10,17.77
4G,23.5,Jio,13.014148,17,80.235307,-98.0,16:11,14.35
4G,11.89,Jio,13.011329,33,80.23649,-117.0,16:11,27.24
4G,17.84,Airtel,13.010006,14,80.234014,-95.0,16:11,15.92
4G,43.54,Jio,13.009131,48,80.235583,-105.0,16:17,29.91
5G,134.85,Jio,13.010048,20,80.235371,-90.0,16:17,15.99
4G,42.93,Jio,13.01028,11,80.236286,-101.0,16:20,37.09
4G,60.35,Jio,13.011169,24,80.232734,-86.0,16:26,55.16
4G,13.12,Jio,13.011098,48,80.233334,-115.0,16:29,40.54
4G,16.37,Jio,13.013874,26,80.234694,-113.0,16:29,2.32
5G,149.79,Airtel,13.010333,27,80.236265,-82.0,16:31,25.71
4G,41.21,Airtel,13.013386,24,80.234102,-107.0,16:32,5.57
4G,10.07,Jio,13.013914,12,80.235046,-118.0,16:37,2.94
4G,64.07,Airtel,13.012286,26,80.235522,-80.0,16:37,21.07
4G,36.99,Airtel,13.012406,24,80.236496,-95.0,16:37,9.13
4G,13.83,Airtel,13.009923,30,80.233808,-98.0,16:38,11.76
5G,169.06,Jio,13.013433,31,80.2348,-108.0,16:38,40.99
4G,26.87,Jio,13.013399,11,80.234091,-87.0,16:44,6.38
4G,98.99,Jio,13.012951,44,80.235543,-114.0,16:44,12.23
4G,84.79,Jio,13.011084,46,80.233442,-113.0,16:46,41.58
4G,42.47,Jio,13.008731,26,80.234419,-94.0,16:47,14.21
4G,26.93,Jio,13.012319,12,80.233975,-96.0,16:48,2.8
4G,6.62,Jio,13.012864,45,80.235025,-86.0,16:48,16.6
4G,46.89,Airtel,13.011424,23,80.233155,-95.0,16:51,37.92
4G,13.01,Jio,13.012228,42,80.233994,-112.0,16:52,12.6
4G,15.19,Jio,13.012212,20,80.234698,-116.0,16:52,12.18
5G,138.66,Jio,13.013393,24,80.235007,-100.0,16:53,41.27
5G,116.62,Jio,13.009202,19,80.235718,-102.0,16:55,21.75
5G,130.76,Jio,13.0119,47,80.232469,-92.0,16:55,41.51
4G,11.45,Airtel,13.010141,43,80.234056,-86.0,16:56,29.13
4G,10.75,Airtel,13.010412,11,80.233948,-100.0,16:56,23.34
4G,94.71,Jio,13.012873,27,80.235452,-101.0,16:56,7.35
4G,19.48,Jio,13.014091,46,80.235303,-92.0,16:57,1.5
4G,19.84,Airtel,13.010505,16,80.236334,-81.0,16:57,8.19
4G,18.69,Jio,13.011176,48,80.233845,-109.0,17:00,4.47
4G,49.18,Jio,13.012256,37,80.236174,-90.0,17:04,11.57
4G,56.65,Jio,13.01117,11,80.232532,-87.0,17:05,39.38
4G,15.51,Jio,13.010367,15,80.233518,-116.0,17:06,16.07
5G,105.97,Airtel,13.011489,18,80.233146,-118.0,17:06,7.95
4G,11.45,Jio,13.012952,19,80.234186,-103.0,17:06,1.07
4G,10.97,Jio,13.014172,46,80.235159,-117.0,17:07,1.15
4G,10.45,Jio,13.010263,13,80.234312,-110.0,17:07,15.64
5G,190.96,Airtel,13.010486,19,80.234794,-106.0,17:09,45.25
4G,88.86,Jio,13.009997,31,80.236353,-103.0,17:12,59.14
5G,111.71,Jio,13.009498,49,80.234888,-81.0,17:13,9.59
4G,16.95,Jio,13.010394,29,80.234017,-106.0,17:16,29.02
4G,13.51,Airtel,13.011944,18,80.233842,-100.0,17:19,3.02
4G,71.75,Jio,13.00934,23,80.234305,-97.0,17:22,5.52
5G,138.74,Jio,13.010677,41,80.234601,-101.0,17:23,25.96
4G,23.82,Airtel,13.013388,46,80.234192,-83.0,17:23,7.91
5G,126.24,Jio,13.013465,48,80.234665,-83.0,17:23,31.25
4G,20.63,Jio,13.011122,18,80.232754,-106.0,17:24,20.58
4G,70.77,Jio,13.011202,19,80.236541,-88.0,17:25,21.69
4G,14.8,Airtel,13.01051,23,80.236287,-89.0,17:25,6.57
4G,11.79,Jio,13.011941,33,80.232563,-85.0,17:26,5.78
4G,12.45,Jio,13.012217,46,80.233907,-97.0,17:28,5.83
4G,31.74,Jio,13.013375,41,80.234796,-111.0,17:28,48.73
4G,48.99,Jio,13.013331,22,80.234687,-104.0,17:29,10.21
4G,10.46,Jio,13.014313,18,80.236201,-83.0,17:29,5.37
4G,87.24,Jio,13.01276,12,80.235649,-82.0,17:31,25.83
4G,8.86,Jio,13.012949,35,80.234984,-117.0,17:32,19.44
4G,27.59,Jio,13.012365,24,80.233589,-108.0,17:34,3.35
4G,10.82,Jio,13.010538,45,80.236296,-100.0,17:36,1.58
5G,107.11,Jio,13.011178,24,80.236544,-99.0,17:36,47.27
4G,45.58,Airtel,13.013285,33,80.23498,-98.0,17:37,15.19
4G,38.64,Airtel,13.012385,35,80.233588,-87.0,17:40,9.79
4G,49.23,Airtel,13.013331,19,80.234344,-110.0,17:43,14.21
4G,51.62,Jio,13.010113,26,80.236282,-92.0,17:43,15.3
5G,192.03,Jio,13.010265,14,80.236065,-103.0,17:44,26.22
4G,4.38,Jio,13.013803,21,80.23413,-118.0,17:44,6.99
4G,17.34,Airtel,13.012051,19,80.233846,-112.0,17:46,8.18
4G,16.24,Jio,13.012958,50,80.234556,-89.0,17:49,9.73
4G,72.73,Jio,13.010996,18,80.234132,-88.0,17:49,53.61
4G,23.87,Jio,13.011101,13,80.232516,-80.0,17:52,8.96
4G,42.76,Airtel,13.008464,28,80.235234,-93.0,17:52,45.06
4G,70.2,Jio,13.010232,34,80.236272,-109.0,17:52,58.71
4G,49.05,Jio,13.011084,25,80.233439,-109.0,17:54,49.42
4G,84.01,Jio,13.010127,18,80.2347,-102.0,17:55,23.23
4G,13.18,Airtel,13.009933,48,80.233475,-103.0,17:55,19.9
4G,62.76,Jio,13.011017,35,80.233191,-103.0,17:57,48.51
4G,6.31,Airtel,13.013932,26,80.234712,-91.0,18:00,2.47
4G,66.87,Jio,13.010362,27,80.236133,-108.0,18:02,38.78
4G,65.3,Jio,13.011087,38,80.23309,-97.0,18:03,22.83
5G,117.34,Airtel,13.00941,13,80.234328,-112.0,18:04,13.86
4G,58.39,Airtel,13.012548,40,80.235688,-113.0,18:05,14.24
4G,63.47,Jio,13.012362,19,80.235751,-103.0,18:06,10.12
4G,84.73,Jio,13.012467,47,80.235567,-93.0,18:06,22.19
5G,142.15,Jio,13.009077,38,80.235512,-91.0,18:07,11.52
4G,6.46,Airtel,13.012714,38,80.235792,-111.0,18:09,26.56
4G,17.03,Airtel,13.010346,10,80.234131,-103.0,18:12,22.38
4G,41.98,Airtel,13.010376,17,80.235898,-96.0,18:15,5.83
4G,18.19,Jio,13.010296,17,80.236356,-111.0,18:16,8.37
4G,12.99,Airtel,13.014225,18,80.235687,-103.0,18:16,5.25
4G,38.27,Airtel,13.011883,41,80.23383,-90.0,18:18,13.85
4G,75.03,Airtel,13.011965,32,80.232496,-113.0,18:19,28.59
4G,58.62,Airtel,13.011341,45,80.233129,-90.0,18:20,33.05
4G,21.65,Jio,13.014095,42,80.235243,-84.0,18:22,13.07
5G,133.8,Jio,13.010686,23,80.234739,-94.0,18:26,12.65
5G,109.8,Jio,13.009603,10,80.236219,-91.0,18:28,21.39
4G,22.94,Jio,13.013798,27,80.235029,-101.0,18:30,7.18
4G,42.54,Jio,13.012373,21,80.235803,-85.0,18:30,22.26
4G,4.32,Jio,13.013799,15,80.235037,-103.0,18:30,5.99
4G,21.75,Jio,13.012435,18,80.233507,-103.0,18:31,6.48
4G,56.85,Airtel,13.012364,17,80.232576,-111.0,18:32,3.9
4G,20.76,Jio,13.012271,32,80.234626,-82.0,18:33,15.35
4G,30.65,Jio,13.012212,21,80.233994,-118.0,18:33,1.39
4G,10.22,Jio,13.011122,24,80.233538,-83.0,18:38,7.85
4G,41.85,Airtel,13.010964,41,80.234007,-107.0,18:42,65.21
4G,17.5,Jio,13.011157,14,80.233818,-111.0,18:42,0.88
4G,28.32,Airtel,13.013401,32,80.234422,-87.0,18:44,9.74
4G,16.93,Jio,13.01037,34,80.234226,-87.0,18:44,14.41
4G,69.02,Jio,13.01043,36,80.235907,-92.0,18:45,18.79
4G,98.22,Jio,13.009028,48,80.235628,-119.0,18:47,19.03
5G,111.21,Jio,13.012369,28,80.235719,-84.0,18:48,9.42
4G,57.7,Jio,13.011076,18,80.23295,-117.0,18:48,49.6
4G,88.97,Airtel,13.010607,43,80.234724,-89.0,18:49,39.05
4G,12.64,Jio,13.010971,29,80.234187,-81.0,18:54,17.45
4G,15.37,Jio,13.0104,28,80.234288,-115.0,18:55,20.16
4G,25.11,Airtel,13.012913,12,80.234813,-97.0,18:56,8.3
4G,87.48,Jio,13.010947,28,80.234297,-116.0,18:58,36.94
5G,104.24,Jio,13.009417,41,80.234815,-115.0,18:59,6.22
5G,169.74,Airtel,13.009195,11,80.235466,-118.0,19:00,35.62
4G,20.12,Jio,13.011726,38,80.233797,-112.0,19:01,7.37
4G,18.58,Airtel,13.010353,49,80.234191,-106.0,19:05,22.15
4G,53.51,Jio,13.009103,19,80.235412,-114.0,19:05,17.17
4G,21.93,Airtel,13.009482,33,80.23488,-114.0,19:06,24.99
4G,61.06,Jio,13.012374,36,80.235666,-83.0,19:06,15.47
4G,37.24,Airtel,13.011116,36,80.232888,-98.0,19:10,45.09
4G,11.58,Jio,13.012368,50,80.235673,-83.0,19:11,16.12
4G,60.23,Airtel,13.010763,42,80.236427,-109.0,19:14,52.32
4G,89.27,Jio,13.012722,48,80.2357,-83.0,19:14,27.96
4G,17.45,Airtel,13.014237,45,80.23511,-80.0,19:14,8.51
4G,26.67,Jio,13.013809,10,80.234742,-115.0,19:15,5.71
4G,42.8,Airtel,13.010961,31,80.234079,-94.0,19:19,21.16
4G,14.87,Jio,13.010321,25,80.23356,-113.0,19:19,9.82
4G,28.32,Jio,13.014097,17,80.235108,-110.0,19:20,10.98
4G,86.05,Airtel,13.012199,33,80.236535,-101.0,19:21,11.44
5G,122.39,Jio,13.011314,40,80.233091,-85.0,19:21,34.45
4G,70.77,Airtel,13.010964,27,80.23401,-118.0,19:21,21.69
4G,41.12,Airtel,13.010954,38,80.23426,-103.0,19:23,13.84
4G,40.76,Jio,13.010322,14,80.236115,-84.0,19:24,15.84
4G,16.11,Jio,13.010542,21,80.234662,-112.0,19:27,20.76
4G,85.68,Jio,13.010962,43,80.233851,-117.0,19:30,5.88
4G,10.66,Airtel,13.009868,45,80.233496,-85.0,19:31,14.59
4G,13.52,Airtel,13.010521,49,80.235952,-114.0,19:32,21.12
4G,10.29,Jio,13.00998,20,80.233716,-118.0,19:34,18.13
4G,45.43,Jio,13.009653,28,80.236296,-105.0,19:36,44.69
4G,16.12,Airtel,13.012219,43,80.234495,-105.0,19:37,3.8
4G,38.11,Jio,13.012196,47,80.234373,-92.0,19:38,11.95
4G,11.4,Jio,13.009926,50,80.233392,-86.0,19:39,9.77
4G,90.57,Jio,13.013282,38,80.23484,-94.0,19:40,37.36
4G,70.82,Airtel,13.009749,24,80.236249,-86.0,19:42,5.43
4G,58.98,Jio,13.01245,17,80.235982,-111.0,19:44,7.35
4G,42.49,Jio,13.00917,23,80.235671,-107.0,19:45,15.44
4G,1.71,Jio,13.014571,47,80.237542,-107.0,19:47,9.4
4G,16.41,Jio,13.010397,30,80.233903,-104.0,19:48,9.03
4G,84.58,Jio,13.013357,24,80.234643,-93.0,19:48,14.66
4G,88.91,Jio,13.008645,31,80.235249,-97.0,19:50,21.28
4G,17.9,Airtel,13.011204,19,80.233816,-120.0,19:51,2.42
4G,66.26,Jio,13.011376,40,80.233142,-80.0,19:52,49.66
5G,134.73,Jio,13.01041,46,80.236292,-92.0,19:57,4.42
4G,36.59,Airtel,13.013294,45,80.234877,-93.0,19:57,0.64
4G,30.98,Jio,13.012209,42,80.233796,-106.0,19:58,17.19
4G,23.42,Jio,13.012356,50,80.233603,-120.0,19:58,7.44
4G,14.1850004196167,Airtel,13.0128496,29,80.2363452,-105.0,14:28,0.4440000057220459
4G,14.1850004196167,Airtel,13.0128468,29,80.2363407,-105.0,14:28,0.4440000057220459
4G,7.335999965667725,Airtel,13.0127214,14,80.2366684,-113.0,14:29,0.0979999974370002
4G,7.335999965667725,Airtel,13.0127192,14,80.2367105,-113.0,14:29,0.0979999974370002
4G,7.335999965667725,Airtel,13.0127183,14,80.2367172,-113.0,14:29,0.0979999974370002
4G,7.335999965667725,Airtel,13.0127183,14,80.2367172,-110.0,14:29,0.0979999974370002
4G,3.244999885559082,Airtel,13.0150963,32,80.2397881,-128.0,23:06,0.090999998152256
4G,3.244999885559082,Airtel,13.0150963,32,80.2397881,-131.0,23:06,0.090999998152256
4G,3.244999885559082,Airtel,13.0150931,32,80.2397822,-128.0,23:06,0.090999998152256
4G,1.986999988555908,Airtel,13.0150948,28,80.2397808,-127.0,23:07,0.3720000088214874
4G,1.986999988555908,Airtel,13.0150948,28,80.2397808,-127.0,23:07,0.3720000088214874
4G,1.986999988555908,Airtel,13.0150933,28,80.2397811,-127.0,23:07,0.3720000088214874
4G,1.986999988555908,Airtel,13.0150933,28,80.2397811,-125.0,23:07,0.3720000088214874
4G,3.032999992370605,Airtel,13.0152379,23,80.2397657,-125.0,23:07,0.8420000076293945
4G,3.032999992370605,Airtel,13.0152379,23,80.2397657,-127.0,23:07,0.8420000076293945
4G,2.0269999504089355,Airtel,13.0129382,21,80.2360402,-116.0,16:35,1.0
4G,2.0269999504089355,Airtel,13.0129382,21,80.2360402,-115.0,16:35,1.0
4G,1.7799999713897705,Airtel,13.0129382,28,80.2360402,-114.0,16:36,1.0190000534057615
4G,1.7799999713897705,Airtel,13.0129382,28,80.2360402,-115.0,16:36,1.0190000534057615
4G,2.2679998874664307,Airtel,13.0151141,30,80.2398357,-124.0,16:38,0.3070000112056732
4G,2.2679998874664307,Airtel,13.0151141,30,80.2398357,-124.0,16:38,0.3070000112056732
4G,2.2679998874664307,Airtel,13.015112,30,80.2398354,-124.0,16:38,0.3070000112056732
4G,1.9390000104904173,Airtel,13.0151124,27,80.2398364,-115.0,16:38,0.6129999756813049
4G,1.9390000104904173,Airtel,13.012938,27,80.2360408,-115.0,16:38,0.6129999756813049
5G,61.41600036621094,Airtel,13.0129539,15,80.2361235,-105.0,12:45,1.621000051498413
5G,61.41600036621094,Airtel,13.0129372,15,80.2361519,-105.0,12:45,1.621000051498413
5G,2.07699990272522,Airtel,13.013309,33,80.2340482,-116.0,10:37,0.3899999856948852
WIFI,21.82900047302246,Other,13.0129256,12,80.235941,-116.0,15:38,10.75100040435791
WIFI,1.3250000476837158,Other,13.0129797,197,80.2360758,-125.0,15:51,1.2000000476837158
WIFI,1.3250000476837158,Other,13.0129797,197,80.2360758,-125.0,15:51,1.2000000476837158
WIFI,1.3250000476837158,Other,13.0129833,197,80.2360927,-125.0,15:51,1.2000000476837158
WIFI,1.3250000476837158,Other,13.0129833,197,80.2360927,-125.0,15:51,1.2000000476837158
3G,4.41,BSNL,13.013154,10,80.235395,-94.0,08:00,2.33
3G,1.99,BSNL,13.013011,28,80.234995,-118.0,08:00,1.27
3G,2.24,BSNL,13.012827,40,80.235183,-108.0,08:00,2.12
4G,10.29,Airtel,13.013206,34,80.235763,-95.0,08:00,14.92
4G,9.26,Airtel,13.013315,15,80.235411,-98.0,08:01,4.84
4G,11.31,Jio,13.012388,28,80.235682,-117.0,08:01,5.36
4G,46.53,Jio,13.011315,23,80.235199,-89.0,08:01,4.2
4G,11.11,Jio,13.012872,17,80.235377,-87.0,08:01,27.83
3G,0.83,BSNL,13.012272,48,80.23452,-106.0,08:02,2.36
3G,1.77,BSNL,13.01249,45,80.235295,-112.0,08:02,2.93
4G,21.93,Jio,13.013208,48,80.23584,-93.0,08:03,11.14
4G,14.79,Airtel,13.013056,34,80.236091,-113.0,08:03,3.29
4G,5.63,Jio,13.01142,16,80.235512,-92.0,08:03,2.43
4G,5.02,Jio,13.012366,45,80.234761,-110.0,08:04,4.16
4G,28.22,Jio,13.012347,40,80.235695,-98.0,08:04,9.05
4G,9.22,Jio,13.01217,31,80.236543,-97.0,08:05,8.19
4G,20.07,Jio,13.012909,29,80.236506,-92.0,08:05,7.89
4G,6.06,Jio,13.012429,28,80.23581,-100.0,08:06,1.34
4G,12.22,Airtel,13.012164,33,80.233874,-104.0,08:07,2.56
4G,16.55,Jio,13.010978,19,80.233143,-95.0,08:08,6.27
4G,3.15,Airtel,13.012951,36,80.236221,-106.0,08:09,4.46
3G,4.32,BSNL,13.010574,47,80.232614,-113.0,08:09,2.29
4G,18.81,Jio,13.011544,38,80.23464,-119.0,08:09,8.44
4G,18.0,Jio,13.013068,34,80.235124,-109.0,08:10,16.14
4G,45.44,Airtel,13.010693,35,80.238466,-91.0,08:11,21.86
4G,27.64,Jio,13.010515,24,80.237418,-80.0,08:12,8.25
3G,2.38,BSNL,13.012467,23,80.235147,-115.0,08:13,1.38
3G,4.11,BSNL,13.012213,43,80.234467,-92.0,08:14,2.2
4G,25.18,Jio,13.012527,45,80.23568,-90.0,08:14,9.76
4G,34.08,Jio,13.011556,19,80.236092,-82.0,08:15,14.21
4G,19.16,Airtel,13.015054,19,80.237736,-80.0,08:16,5.45
3G,0.25,BSNL,13.011397,13,80.234829,-106.0,08:16,2.47
3G,4.98,BSNL,13.011624,26,80.234326,-96.0,08:17,1.32
4G,19.96,Airtel,13.015067,45,80.238973,-119.0,08:17,3.14
4G,24.74,Jio,13.010286,24,80.233939,-106.0,08:18,10.09
3G,3.69,BSNL,13.010815,20,80.23507,-86.0,08:18,1.87
4G,26.83,Jio,13.012754,31,80.2357,-118.0,08:19,11.98
4G,14.7,Airtel,13.013101,49,80.23536,-106.0,08:19,19.38
4G,26.5,Jio,13.011442,44,80.235602,-99.0,08:19,2.37
4G,8.91,Airtel,13.012564,46,80.236206,-89.0,08:21,2.3
4G,11.16,Airtel,13.012801,23,80.236172,-103.0,08:21,0.87
4G,2.24,Airtel,13.01148,38,80.23626,-101.0,08:22,6.04
4G,34.23,Airtel,13.011684,17,80.235223,-100.0,08:22,9.11
4G,4.58,Jio,13.012312,15,80.235914,-92.0,08:22,1.52
4G,13.53,Airtel,13.01301,47,80.236103,-110.0,08:23,1.35
4G,9.9,Airtel,13.012325,10,80.235847,-116.0,08:24,1.91
4G,10.24,Jio,13.010955,34,80.234567,-106.0,08:24,15.37
3G,1.66,BSNL,13.011908,28,80.237666,-116.0,08:24,1.28
4G,61.8,Airtel,13.012901,34,80.235129,-94.0,08:24,28.31
4G,24.09,Jio,13.01222,21,80.233886,-108.0,08:27,16.14
4G,5.6,Jio,13.012706,38,80.236005,-102.0,08:28,0.39
4G,35.81,Jio,13.011041,17,80.235568,-91.0,08:29,2.16
4G,10.18,Jio,13.012393,22,80.235409,-98.0,08:30,1.79
4G,35.27,Airtel,13.011231,20,80.235752,-84.0,08:30,5.49
3G,3.07,BSNL,13.011541,26,80.233851,-94.0,08:30,0.97
3G,3.03,BSNL,13.013296,46,80.23567,-118.0,08:32,0.16
4G,0.46,Jio,13.012911,11,80.2361,-109.0,08:32,3.87
4G,2.28,Jio,13.01249,48,80.23589,-120.0,08:34,0.32
4G,11.3,Airtel,13.013006,50,80.235767,-98.0,08:34,11.42
3G,3.53,BSNL,13.011234,20,80.234001,-105.0,08:34,0.3
4G,29.11,Airtel,13.010409,15,80.233927,-96.0,08:35,17.67
4G,37.82,Airtel,13.011567,25,80.235723,-84.0,08:35,11.28
4G,54.72,Jio,13.011217,46,80.234454,-120.0,08:35,4.5
4G,8.32,Airtel,13.013057,18,80.235927,-98.0,08:36,0.06
3G,2.9,BSNL,13.011894,24,80.234505,-102.0,08:36,1.57
3G,3.34,BSNL,13.011236,13,80.234158,-106.0,08:37,2.64
3G,2.53,BSNL,13.010278,31,80.237269,-87.0,08:37,0.44
4G,4.13,Airtel,13.010886,35,80.23635,-104.0,08:37,1.63
4G,2.95,Airtel,13.013513,20,80.235486,-99.0,08:38,1.13
3G,3.61,BSNL,13.011913,33,80.233858,-118.0,08:38,0.83
4G,33.37,Airtel,13.01188,22,80.235568,-98.0,08:39,13.59
4G,13.91,Airtel,13.013078,43,80.236132,-98.0,08:40,8.93
4G,11.71,Airtel,13.012644,13,80.235064,-98.0,08:40,2.89
4G,12.87,Airtel,13.01316,11,80.236292,-110.0,08:41,9.17
4G,45.21,Airtel,13.011354,37,80.234063,-80.0,08:42,2.14
3G,4.17,BSNL,13.011569,25,80.234199,-109.0,08:42,1.3
4G,1.48,Airtel,13.01291,45,80.235847,-113.0,08:43,2.72
4G,56.99,Jio,13.012676,35,80.235787,-82.0,08:44,6.16
4G,14.25,Airtel,13.012972,48,80.23537,-114.0,08:44,23.41
3G,2.84,BSNL,13.011112,49,80.235481,-81.0,08:44,1.75
4G,47.79,Jio,13.010998,28,80.23607,-115.0,08:44,2.05
4G,4.05,Airtel,13.013321,21,80.23544,-105.0,08:45,3.23
4G,30.02,Airtel,13.012556,38,80.234345,-117.0,08:46,17.3
3G,2.1,BSNL,13.01157,48,80.235814,-93.0,08:48,0.34
4G,11.03,Jio,13.012021,29,80.233919,-96.0,08:48,2.56
4G,16.17,Airtel,13.013333,10,80.236115,-113.0,08:48,6.16
4G,51.58,Airtel,13.013081,25,80.235271,-82.0,08:49,28.93
3G,0.31,BSNL,13.01137,34,80.23395,-100.0,08:53,1.05
3G,1.41,BSNL,13.013192,30,80.23542,-116.0,08:53,1.49
3G,2.35,BSNL,13.012166,10,80.236221,-102.0,08:54,1.82
3G,0.46,BSNL,13.011533,42,80.23529,-103.0,08:55,2.6
4G,47.27,Airtel,13.011424,17,80.236286,-114.0,08:56,14.7
4G,5.17,Jio,13.011782,47,80.236382,-91.0,08:57,9.49
4G,12.47,Airtel,13.011887,29,80.234414,-94.0,08:58,21.25
4G,13.71,Jio,13.011805,13,80.236438,-86.0,08:59,27.85
3G,2.72,BSNL,13.014643,19,80.238622,-114.0,09:00,2.82
3G,4.06,BSNL,13.013727,34,80.235738,-88.0,09:00,2.97
4G,26.71,Airtel,13.01211,30,80.234597,-81.0,09:00,27.91
4G,27.41,Airtel,13.012532,39,80.232883,-81.0,09:00,3.61
3G,2.08,BSNL,13.012448,16,80.234173,-83.0,09:01,0.06
4G,37.12,Jio,13.012357,39,80.234329,-116.0,09:01,10.63
4G,31.13,Jio,13.010642,29,80.237383,-118.0,09:02,13.87
4G,46.6,Jio,13.010722,28,80.234004,-83.0,09:03,19.16
3G,2.52,BSNL,13.011683,46,80.234207,-92.0,09:04,2.84
3G,0.47,BSNL,13.012441,47,80.235698,-91.0,09:06,1.32
3G,0.75,BSNL,13.015161,10,80.240265,-115.0,09:06,2.26
